T88AC 000:002.971   SEGGER J-Link V9.14a Log File
T88AC 000:003.155   DLL Compiled: Jan 28 2026 17:11:52
T88AC 000:003.172   Logging started @ 2026-04-30 16:26
T88AC 000:003.197   Process: C:\Users\a5126135\.eclipse\com.renesas.platform_1122780284\DebugComp\RA\e2-server-gdb.exe
T88AC 000:003.344 - 3.339ms 
T88AC 000:003.407 JLINK_GetDLLVersion()
T88AC 000:003.438 - 0.031ms returns 91401
T88AC 000:011.021 JLINK_OpenEx(...)
T88AC 000:021.658   Firmware: J-Link OB-RA4M2 compiled Dec 10 2025 15:52:53
T88AC 000:024.726   Firmware: J-Link OB-RA4M2 compiled Dec 10 2025 15:52:53
T88AC 000:042.455   Hardware: V1.00
T88AC 000:042.542   S/N: 1085700313
T88AC 000:042.564   OEM: SEGGER
T88AC 000:042.594   Feature(s): None
T88AC 000:043.880   Bootloader: 2021 May 14
T88AC 000:044.647   USB speed mode: Full speed (12 MBit/s)
T88AC 000:045.373   TELNET listener socket opened on port 19021
T88AC 000:045.772   WEBSRV WEBSRV_Init(): Starting webserver thread(s)
T88AC 000:046.064   WEBSRV Webserver running on local port 19080
T88AC 000:046.486   Looking for J-Link GUI Server exe at: C:\Users\a5126135\.eclipse\com.renesas.platform_1122780284\DebugComp\RA\ARM\Segger_v9.14.1\JLinkGUIServer.exe
T88AC 000:047.068   Looking for J-Link GUI Server exe at: \JLinkGUIServer.exe
T88AC 000:353.440   Failed to connect to J-Link GUI Server.
T88AC 000:353.569 - 342.538ms returns "O.K."
T88AC 000:353.957 JLINK_ExecCommand("ProjectFile=C:\Dev\Repos\LRC\examples\FPB_RA0E1\LRC_FPB_RA0E1/LRC_FPB_RA0E1 Debug_Flat.jlink", ...). 
T88AC 000:377.556 - 23.601ms returns 0x00
T88AC 000:378.071 JLINK_ExecCommand("device=R7FA0E107", ...). 
T88AC 000:378.748   Flash bank @ 0x00000000: SFL: Parsing sectorization info from ELF file
T88AC 000:378.799     FlashDevice.SectorInfo[0]: .SectorSize = 0x00000800, .SectorStartAddr = 0x00000000
T88AC 000:378.856   Flash bank @ 0x01010010: SFL: Parsing sectorization info from ELF file
T88AC 000:378.879     FlashDevice.SectorInfo[0]: .SectorSize = 0x00000024, .SectorStartAddr = 0x00000000
T88AC 000:378.900   FlashBank @0x01010010: Sectorization info from SFL ELF file ignored because sectorization override from DLL / XML file is active.
T88AC 000:378.932   Flash bank @ 0x40100000: SFL: Parsing sectorization info from ELF file
T88AC 000:378.954     FlashDevice.SectorInfo[0]: .SectorSize = 0x00000100, .SectorStartAddr = 0x00000000
T88AC 000:378.975   FlashBank @0x40100000: Sectorization info from SFL ELF file ignored because sectorization override from DLL / XML file is active.
T88AC 000:379.005   Device "R7FA0E107" selected.
T88AC 000:379.908 - 1.836ms returns 0x00
T88AC 000:379.957 JLINK_ExecCommand("SetCPUConnectIDCODE = FFFFFFFFFFFFFFFFFFFFFFFFFFFFFFFF", ...). 
T88AC 000:379.979 - 0.022ms returns 0x00
T88AC 000:380.010 JLINK_TIF_GetAvailable(...)
T88AC 000:380.434 - 0.419ms 
T88AC 000:380.482 JLINK_TIF_Select(JLINKARM_TIF_SWD)
T88AC 000:381.946 - 1.463ms returns 0x00
T88AC 000:381.999 JLINK_SetSpeed(4000)
T88AC 000:382.181 - 0.184ms 
T88AC 000:382.215 JLINK_SetEndian(ARM_ENDIAN_LITTLE)
T88AC 000:382.237 - 0.021ms returns 0
T88AC 000:382.259 JLINK_SetInitRegsOnReset(OFF)
T88AC 000:382.280 - 0.021ms returns 1
T88AC 000:382.303 JLINK_SetResetType(JLINKARM_RESET_TYPE_NO_RESET)
T88AC 000:382.325 - 0.022ms returns JLINKARM_RESET_TYPE_NORMAL
T88AC 000:382.349 JLINK_ExecCommand("EnableFlashBPs", ...). 
T88AC 000:382.374 - 0.024ms returns 0x00
T88AC 000:382.398 JLINK_ExecCommand("SetAllowFlashCache = 1", ...). 
T88AC 000:382.420 - 0.022ms returns 0x01
T88AC 000:382.444 JLINK_ExecCommand("SetRestartOnClose = 0", ...). 
T88AC 000:382.467 - 0.023ms returns 0x01
T88AC 000:382.485 JLINK_ExecCommand("SetAllowSimulation = 0", ...). 
T88AC 000:382.502 - 0.017ms returns 0x01
T88AC 000:382.518 JLINK_EnableSoftBPs(ON)
T88AC 000:382.532 - 0.015ms 
T88AC 000:382.548 JLINK_Connect()
T88AC 000:383.499   InitTarget() start
T88AC 000:383.540    J-Link Script File: Executing InitTarget()
T88AC 000:383.558   Identifying target device...
T88AC 000:383.580   SWD selected. Executing JTAG -> SWD switching sequence...
T88AC 000:384.407   Initializing DAP...
T88AC 000:389.302   DAP initialized successfully.
T88AC 000:399.211   InitTarget() end - Took 15.6ms
T88AC 000:400.058   Found SW-DP with ID 0x5BA02477
T88AC 000:402.638   DPIDR: 0x5BA02477
T88AC 000:402.735   CoreSight SoC-400 or earlier
T88AC 000:402.759   Scanning AP map to find all available APs
T88AC 000:403.701   AP[2]: Stopped AP scan as end of AP map has been reached
T88AC 000:403.748   AP[0]: AHB-AP (IDR: 0x74770001, ADDR: 0x00000000)
T88AC 000:403.772   AP[1]: APB-AP (IDR: 0x44770002, ADDR: 0x01000000)
T88AC 000:403.797   Iterating through AP map to find AHB-AP to use
T88AC 000:404.734   AP[0]: Core found
T88AC 000:404.764   AP[0]: AHB-AP ROM base: 0x4001A000
T88AC 000:405.199   CPUID register: 0x411CD200. Implementer code: 0x41 (ARM)
T88AC 000:405.227   Feature set: Baseline
T88AC 000:405.694   Cache: No cache
T88AC 000:405.754   Found Cortex-M23 r1p0, Little endian.
T88AC 000:406.206   -- Max. mem block: 0x0001D4B8
T88AC 000:406.815   CPU_ReadMem(4 bytes @ 0xE000EDF0)
T88AC 000:407.348   CPU_ReadMem(4 bytes @ 0xE0002000)
T88AC 000:407.637   FPUnit: 4 code (BP) slots and 0 literal slots
T88AC 000:407.664   CPU_ReadMem(4 bytes @ 0xE000EDFC)
T88AC 000:408.079   CPU_ReadMem(4 bytes @ 0xE0001000)
T88AC 000:408.438   CPU_ReadMem(4 bytes @ 0xE0001000)
T88AC 000:408.847   CPU_ReadMem(4 bytes @ 0xE0001028)
T88AC 000:409.216   CPU_ReadMem(4 bytes @ 0xE0001038)
T88AC 000:409.557   CPU_WriteMem(4 bytes @ 0xE0001000)
T88AC 000:409.945   CPU_ReadMem(4 bytes @ 0xE000ED88)
T88AC 000:410.266   CPU_WriteMem(4 bytes @ 0xE000ED88)
T88AC 000:410.668   CPU_ReadMem(4 bytes @ 0xE000ED88)
T88AC 000:411.086   CPU_WriteMem(4 bytes @ 0xE000ED88)
T88AC 000:411.467   CPU_ReadMem(4 bytes @ 0xE000EFB8)
T88AC 000:411.824   Security extension: not implemented
T88AC 000:411.884   CoreSight components:
T88AC 000:411.923   ROMTbl[0] @ 4001A000
T88AC 000:411.958   CPU_ReadMem(64 bytes @ 0x4001A000)
T88AC 000:412.681   CPU_ReadMem(32 bytes @ 0xE000EFE0)
T88AC 000:413.196   CPU_ReadMem(4 bytes @ 0xE000EFBC)
T88AC 000:413.538   CPU_ReadMem(4 bytes @ 0xE000EFCC)
T88AC 000:413.961   [0][0]: E000E000 CID B105900D PID 000BBD20 DEVARCH 47702A04 DEVTYPE 00 Cortex-M23
T88AC 000:413.993   CPU_ReadMem(32 bytes @ 0xE0001FE0)
T88AC 000:414.503   CPU_ReadMem(4 bytes @ 0xE0001FBC)
T88AC 000:414.898   CPU_ReadMem(4 bytes @ 0xE0001FCC)
T88AC 000:415.247   [0][1]: E0001000 CID B105900D PID 000BBD20 DEVARCH 47701A02 DEVTYPE 00 DWT
T88AC 000:415.278   CPU_ReadMem(32 bytes @ 0xE0002FE0)
T88AC 000:415.804   CPU_ReadMem(4 bytes @ 0xE0002FBC)
T88AC 000:416.107   CPU_ReadMem(4 bytes @ 0xE0002FCC)
T88AC 000:416.478   [0][2]: E0002000 CID B105900D PID 000BBD20 DEVARCH 47701A03 DEVTYPE 00 FPB
T88AC 000:416.506   CPU_ReadMem(32 bytes @ 0x40019FE0)
T88AC 000:417.071   CPU_ReadMem(4 bytes @ 0x40019FBC)
T88AC 000:417.485   CPU_ReadMem(4 bytes @ 0x40019FCC)
T88AC 000:417.895   [0][3]: 40019000 CID B105900D PID 000BBD20 DEVARCH 47710A31 DEVTYPE 31 MTB
T88AC 000:417.948 - 35.399ms returns 0x00
T88AC 000:417.975 JLINK_Halt()
T88AC 000:420.724 - 2.748ms returns 0x00
T88AC 000:420.751 JLINK_IsHalted()
T88AC 000:420.769 - 0.017ms returns TRUE
T88AC 000:420.791 JLINK_ResetPullsRESET(ON)
T88AC 000:420.808 - 0.017ms 
T88AC 000:420.828 JLINK_Reset()
T88AC 000:420.857   JLINK_GetResetTypeDesc
T88AC 000:420.874   - 0.017ms 
T88AC 000:420.892   Reset type: CONNECT UNDER RESET (https://kb.segger.com/J-Link_Reset_Strategies)
T88AC 000:420.913   CPU_WriteMem(4 bytes @ 0xE000EDF0)
T88AC 000:421.328   CPU_ReadMem(4 bytes @ 0xE000ED44)
T88AC 000:421.697   CPU_WriteMem(4 bytes @ 0xE000EDFC)
T88AC 000:421.995   Reset: Halt core after reset via DEMCR.VC_CORERESET.
T88AC 000:422.484   Reset: Reset device via AIRCR.SYSRESETREQ.
T88AC 000:422.514   CPU_WriteMem(4 bytes @ 0xE000ED0C)
T88AC 000:478.156   CPU_ReadMem(4 bytes @ 0xE000EDF0)
T88AC 000:480.281   CPU_ReadMem(4 bytes @ 0xE000EDF0)
T88AC 000:480.819   CPU_WriteMem(4 bytes @ 0xE000EDFC)
T88AC 000:487.185   CPU_ReadMem(4 bytes @ 0xE000EDF0)
T88AC 000:490.675   CPU_WriteMem(4 bytes @ 0xE0002000)
T88AC 000:491.190   CPU_ReadMem(4 bytes @ 0xE000EDFC)
T88AC 000:491.776   CPU_ReadMem(4 bytes @ 0xE0001000)
T88AC 000:492.424   CPU_WriteMem(4 bytes @ 0xE0001000)
T88AC 000:493.031   CPU_ReadMem(4 bytes @ 0xE000EE08)
T88AC 000:493.630 - 72.801ms 
T88AC 000:493.714 JLINK_ReadMem(0x01011080, 0x10 Bytes, ...)
T88AC 000:493.736   CPU_ReadMem(16 bytes @ 0x01011080)
T88AC 000:494.324   Data:  4A 46 43 33 37 30 31 45 30 41 46 37 52 20 20 20
T88AC 000:494.384 - 0.670ms returns 0
T88AC 000:494.438 JLINK_IsHalted()
T88AC 000:494.458 - 0.019ms returns TRUE
T88AC 000:495.765 JLINK_IsHalted()
T88AC 000:495.834 - 0.069ms returns TRUE
T88AC 000:495.854 JLINK_MeasureCPUSpeed(RAMAddr = 0xFFFFFFFF)
T88AC 000:495.879   CPU_ReadMem(16 bytes @ 0x20004000)
T88AC 000:496.535   CPU_ReadMem(64 bytes @ 0x20004000)
T88AC 000:497.410    -- Updating C cache (64 bytes @ 0x20004000)
T88AC 000:497.456    -- Read from C cache (6 bytes @ 0x20004000)
T88AC 000:497.483   CPU_ReadMem(4 bytes @ 0x40019004)
T88AC 000:498.010   CPU_ReadMem(4 bytes @ 0xE000ED90)
T88AC 000:498.517   CPU_WriteMem(16 bytes @ 0x20004000)
T88AC 000:499.122   CPU_WriteMem(6 bytes @ 0x20004000)
T88AC 000:499.710   CPU_ReadMem(64 bytes @ 0x20004000)
T88AC 000:500.516    -- Updating C cache (64 bytes @ 0x20004000)
T88AC 000:500.574    -- Read from C cache (6 bytes @ 0x20004000)
T88AC 000:500.605   CPU_ReadMem(4 bytes @ 0xE000EE08)
T88AC 000:501.107   CPU_WriteMem(4 bytes @ 0xE0002008)
T88AC 000:501.134   CPU_WriteMem(4 bytes @ 0xE000200C)
T88AC 000:501.158   CPU_WriteMem(4 bytes @ 0xE0002010)
T88AC 000:501.181   CPU_WriteMem(4 bytes @ 0xE0002014)
T88AC 000:507.705   CPU_WriteMem(4 bytes @ 0xE0002008)
T88AC 000:508.169   CPU_WriteMem(4 bytes @ 0xE000200C)
T88AC 000:508.667   CPU_WriteMem(4 bytes @ 0xE0002010)
T88AC 000:509.070   CPU_WriteMem(4 bytes @ 0xE0002014)
T88AC 000:509.482   CPU_ReadMem(4 bytes @ 0xE000EE08)
T88AC 000:509.988   CPU_ReadMem(4 bytes @ 0xE000EE08)
T88AC 000:510.423   CPU_ReadMem(4 bytes @ 0xE000EE08)
T88AC 000:536.089   CPU_WriteMem(6 bytes @ 0x20004000)
T88AC 000:536.692   ClockFreq: 4000050 Hz
T88AC 000:536.737 - 40.882ms returns 4000050
T88AC 000:536.766 JLINK_ReadReg(XPSR)
T88AC 000:536.796   CPU_ReadMem(4 bytes @ 0xE000EE08)
T88AC 000:537.318 - 0.551ms returns 0x61000000
T7150 002:826.385 JLINK_ResetPullsRESET(ON)
T7150 002:826.497 - 0.112ms 
T7150 002:826.516 JLINK_Halt()
T7150 002:826.826 - 0.310ms returns 0x00
T7150 002:826.850 JLINK_IsHalted()
T7150 002:826.869 - 0.018ms returns TRUE
T7150 002:826.885 JLINK_Reset()
T7150 002:826.909   CPU_ReadMem(4 bytes @ 0x20004000)
T7150 002:827.196   CPU_WriteMem(4 bytes @ 0x20004000)
T7150 002:827.519   JLINK_GetResetTypeDesc
T7150 002:827.540   - 0.020ms 
T7150 002:827.557   Reset type: CONNECT UNDER RESET (https://kb.segger.com/J-Link_Reset_Strategies)
T7150 002:827.576   CPU_WriteMem(4 bytes @ 0xE000EDF0)
T7150 002:827.942   CPU_ReadMem(4 bytes @ 0xE000ED44)
T7150 002:828.216   CPU_WriteMem(4 bytes @ 0xE000EDFC)
T7150 002:828.514   Reset: Halt core after reset via DEMCR.VC_CORERESET.
T7150 002:828.841   Reset: Reset device via AIRCR.SYSRESETREQ.
T7150 002:828.869   CPU_WriteMem(4 bytes @ 0xE000ED0C)
T7150 002:881.395   CPU_ReadMem(4 bytes @ 0xE000EDF0)
T7150 002:881.802   CPU_ReadMem(4 bytes @ 0xE000EDF0)
T7150 002:882.202   CPU_WriteMem(4 bytes @ 0xE000EDFC)
T7150 002:888.744   CPU_ReadMem(4 bytes @ 0xE000EDF0)
T7150 002:893.581   CPU_WriteMem(4 bytes @ 0xE0002000)
T7150 002:894.117   CPU_ReadMem(4 bytes @ 0xE000EDFC)
T7150 002:894.619   CPU_ReadMem(4 bytes @ 0xE0001000)
T7150 002:895.013   CPU_WriteMem(4 bytes @ 0xE0001000)
T7150 002:895.422   CPU_ReadMem(4 bytes @ 0xE000EE08)
T7150 002:895.832 - 68.946ms 
T7150 002:895.873 JLINK_SetEndian(ARM_ENDIAN_LITTLE)
T7150 002:895.890 - 0.017ms returns 0
T7150 002:896.783 JLINK_BeginDownload(Flags = 0x00000000)
T7150 002:896.823 - 0.040ms 
T7150 002:923.369 JLINK_WriteMem(0x00000000, 0xE8 Bytes, ...)
T7150 002:923.423   Data:  38 4E 00 20 25 01 00 00 A3 2C 00 00 DB 2D 00 00 ...
T7150 002:923.611   completely In flash
T7150 002:923.644 - 0.275ms returns 0xE8
T7150 002:924.167 JLINK_WriteMem(0x000000E8, 0x134 Bytes, ...)
T7150 002:924.207   Data:  01 00 00 00 18 01 00 00 02 00 00 00 F8 00 00 00 ...
T7150 002:924.235   completely In flash
T7150 002:924.259 - 0.092ms returns 0x134
T7150 002:924.824 JLINK_WriteMem(0x00000400, 0x4 Bytes, ...)
T7150 002:924.859   Data:  FF FF FF FF
T7150 002:924.886   completely In flash
T7150 002:924.912 - 0.087ms returns 0x4
T7150 002:925.545 JLINK_WriteMem(0x00000404, 0x4 Bytes, ...)
T7150 002:925.588   Data:  F7 AF C1 FF
T7150 002:925.683   completely In flash
T7150 002:925.785 - 0.240ms returns 0x4
T7150 002:926.319 JLINK_WriteMem(0x00000440, 0x234 Bytes, ...)
T7150 002:926.359   Data:  01 00 00 00 04 A9 61 1F 74 A1 00 00 7C A1 00 00 ...
T7150 002:926.388   completely In flash
T7150 002:926.415 - 0.096ms returns 0x234
T7150 002:926.877 JLINK_WriteMem(0x00000678, 0xBC8 Bytes, ...)
T7150 002:926.905   Data:  44 F2 34 20 44 F2 34 23 C2 F2 00 00 C2 F2 00 03 ...
T7150 002:926.932   completely In flash
T7150 002:926.957 - 0.080ms returns 0xBC8
T7150 002:927.428 JLINK_WriteMem(0x00001240, 0xB80 Bytes, ...)
T7150 002:927.466   Data:  99 54 10 BD 02 28 FC D1 4A F2 34 31 C0 F2 00 01 ...
T7150 002:927.495   completely In flash
T7150 002:927.521 - 0.093ms returns 0xB80
T7150 002:927.948 JLINK_WriteMem(0x00001DC0, 0xBB0 Bytes, ...)
T7150 002:927.975   Data:  03 2C 0A D0 03 7C 5B 00 42 F2 00 6C C4 F2 0A 0C ...
T7150 002:928.013   completely In flash
T7150 002:928.038 - 0.090ms returns 0xBB0
T7150 002:928.461 JLINK_WriteMem(0x00002970, 0xBB0 Bytes, ...)
T7150 002:928.486   Data:  11 60 40 F6 23 02 9B 5C 9B 07 24 D4 4E F2 00 03 ...
T7150 002:928.512   completely In flash
T7150 002:928.544 - 0.083ms returns 0xBB0
T7150 002:928.960 JLINK_WriteMem(0x00003520, 0xB90 Bytes, ...)
T7150 002:928.989   Data:  4F F6 FF 76 18 00 4A 46 59 43 2E 40 70 43 51 1A ...
T7150 002:929.015   completely In flash
T7150 002:929.039 - 0.079ms returns 0xB90
T7150 002:929.438 JLINK_WriteMem(0x000040B0, 0xBA0 Bytes, ...)
T7150 002:929.462   Data:  23 68 A3 4A 13 40 23 60 02 9B 01 3B 01 2B 00 D9 ...
T7150 002:929.488   completely In flash
T7150 002:929.512 - 0.074ms returns 0xBA0
T7150 002:930.032 JLINK_WriteMem(0x00004C50, 0xBB0 Bytes, ...)
T7150 002:930.058   Data:  00 28 00 D0 C4 E0 11 9B A3 42 00 D1 66 E7 00 22 ...
T7150 002:930.083   completely In flash
T7150 002:930.107 - 0.075ms returns 0xBB0
T7150 002:930.577 JLINK_WriteMem(0x00005800, 0xB90 Bytes, ...)
T7150 002:930.614   Data:  02 9B 03 90 02 C7 B3 42 E5 D8 05 9B D0 50 2C 68 ...
T7150 002:930.638   completely In flash
T7150 002:930.669 - 0.091ms returns 0xB90
T7150 002:931.137 JLINK_WriteMem(0x00006390, 0xB90 Bytes, ...)
T7150 002:931.163   Data:  24 11 00 2C D4 D0 1F 2C 22 DD 00 23 06 93 07 93 ...
T7150 002:931.189   completely In flash
T7150 002:931.213 - 0.076ms returns 0xB90
T7150 002:931.694 JLINK_WriteMem(0x00006F20, 0xB90 Bytes, ...)
T7150 002:931.720   Data:  01 23 83 40 43 9A 13 43 43 93 2B 78 6F 1C 78 2B ...
T7150 002:931.745   completely In flash
T7150 002:931.770 - 0.076ms returns 0xB90
T7150 002:932.238 JLINK_WriteMem(0x00007AB0, 0xBC0 Bytes, ...)
T7150 002:932.260   Data:  14 B9 03 60 01 20 30 BD 1A 78 15 00 41 3D 19 2D ...
T7150 002:932.295   completely In flash
T7150 002:932.322 - 0.084ms returns 0xBC0
T7150 002:932.797 JLINK_WriteMem(0x00008670, 0xBB0 Bytes, ...)
T7150 002:932.822   Data:  00 2B 00 D1 92 E0 40 F2 FF 72 93 42 39 D0 59 46 ...
T7150 002:932.847   completely In flash
T7150 002:932.871 - 0.074ms returns 0xBB0
T7150 002:933.415 JLINK_WriteMem(0x00009220, 0xBB0 Bytes, ...)
T7150 002:933.465   Data:  00 D1 E4 E0 02 9B 01 2B B6 D1 00 23 00 24 00 22 ...
T7150 002:933.493   completely In flash
T7150 002:933.518 - 0.103ms returns 0xBB0
T7150 002:933.911 JLINK_WriteMem(0x00009DD0, 0xB08 Bytes, ...)
T7150 002:933.935   Data:  00 23 C0 05 18 43 D2 07 10 43 03 B0 F0 BD 3D 43 ...
T7150 002:933.962   completely In flash
T7150 002:934.053 - 0.142ms returns 0xB08
T7150 002:934.506 JLINK_WriteMem(0x0000A8D8, 0x4 Bytes, ...)
T7150 002:934.562   Data:  F8 B5 C0 46
T7150 002:934.599   completely In flash
T7150 002:934.632 - 0.125ms returns 0x4
T7150 002:935.114 JLINK_WriteMem(0x0000A8DC, 0x4 Bytes, ...)
T7150 002:935.151   Data:  F8 B5 C0 46
T7150 002:935.179   completely In flash
T7150 002:935.204 - 0.090ms returns 0x4
T7150 002:935.652 JLINK_WriteMem(0x0000A8E0, 0x4 Bytes, ...)
T7150 002:935.682   Data:  F9 06 00 00
T7150 002:935.707   completely In flash
T7150 002:935.732 - 0.080ms returns 0x4
T7150 002:936.157 JLINK_WriteMem(0x0000A8E4, 0x4 Bytes, ...)
T7150 002:936.186   Data:  C9 06 00 00
T7150 002:936.213   completely In flash
T7150 002:936.238 - 0.081ms returns 0x4
T7150 002:936.706 JLINK_WriteMem(0x0000A8E8, 0x8 Bytes, ...)
T7150 002:936.739   Data:  B8 8B FF 7F 01 00 00 00
T7150 002:936.764   completely In flash
T7150 002:936.788 - 0.082ms returns 0x8
T7150 002:953.701 JLINK_EndDownload()
T7150 002:954.134   HandleBeforeFlashProg() start
T7150 002:954.182    J-Link Script File: Executing HandleBeforeFlashProg()
T7150 002:954.205   CPU_ReadMem(2 bytes @ 0x40000D04)
T7150 002:954.719   CPU_ReadMem(2 bytes @ 0x40000D14)
T7150 002:955.040   HandleBeforeFlashProg() end - Took 857us
T7150 002:955.133   CPU_ReadMem(4 bytes @ 0x40019004)
T7150 002:955.508   CPU_ReadMem(4 bytes @ 0xE000ED90)
T7150 002:955.858    -- --------------------------------------
T7150 002:955.886    -- Start of determining flash info (Bank @ 0x00000000)
T7150 002:955.911    -- End of determining flash info
T7150 002:955.933    -- Start of determining dirty areas in flash cache
T7150 002:955.956    -- Filling invalid ranges in sector buffer (flash cache) for sector @ 0x00000000 if necessary
T7150 002:955.978    -- Filling invalid ranges in sector buffer (flash cache) for sector @ 0x00000800 if necessary
T7150 002:956.001    -- Filling invalid ranges in sector buffer (flash cache) for sector @ 0x00001000 if necessary
T7150 002:956.024    -- Filling invalid ranges in sector buffer (flash cache) for sector @ 0x00001800 if necessary
T7150 002:956.047    -- Filling invalid ranges in sector buffer (flash cache) for sector @ 0x00002000 if necessary
T7150 002:956.069    -- Filling invalid ranges in sector buffer (flash cache) for sector @ 0x00002800 if necessary
T7150 002:956.090    -- Filling invalid ranges in sector buffer (flash cache) for sector @ 0x00003000 if necessary
T7150 002:956.112    -- Filling invalid ranges in sector buffer (flash cache) for sector @ 0x00003800 if necessary
T7150 002:956.134    -- Filling invalid ranges in sector buffer (flash cache) for sector @ 0x00004000 if necessary
T7150 002:956.157    -- Filling invalid ranges in sector buffer (flash cache) for sector @ 0x00004800 if necessary
T7150 002:956.179    -- Filling invalid ranges in sector buffer (flash cache) for sector @ 0x00005000 if necessary
T7150 002:956.201    -- Filling invalid ranges in sector buffer (flash cache) for sector @ 0x00005800 if necessary
T7150 002:956.223    -- Filling invalid ranges in sector buffer (flash cache) for sector @ 0x00006000 if necessary
T7150 002:956.246    -- Filling invalid ranges in sector buffer (flash cache) for sector @ 0x00006800 if necessary
T7150 002:956.268    -- Filling invalid ranges in sector buffer (flash cache) for sector @ 0x00007000 if necessary
T7150 002:956.290    -- Filling invalid ranges in sector buffer (flash cache) for sector @ 0x00007800 if necessary
T7150 002:956.312    -- Filling invalid ranges in sector buffer (flash cache) for sector @ 0x00008000 if necessary
T7150 002:956.336    -- Filling invalid ranges in sector buffer (flash cache) for sector @ 0x00008800 if necessary
T7150 002:956.358    -- Filling invalid ranges in sector buffer (flash cache) for sector @ 0x00009000 if necessary
T7150 002:956.381    -- Filling invalid ranges in sector buffer (flash cache) for sector @ 0x00009800 if necessary
T7150 002:956.403    -- Filling invalid ranges in sector buffer (flash cache) for sector @ 0x0000A000 if necessary
T7150 002:956.429    -- Filling invalid ranges in sector buffer (flash cache) for sector @ 0x0000A800 if necessary
T7150 002:956.456    -- End of determining dirty areas
T7150 002:956.477    -- Start of preparing flash programming
T7150 002:956.509    -- Preparing RAMCode
T7150 002:956.544    -- Calculating RAM usage
T7150 002:956.569    -- RAM usage = 10912 Bytes
T7150 002:956.594    -- Preserving CPU registers
T7150 002:956.896    -- Preparing memory
T7150 002:956.921    -- Determining CPU clock frequency
T7150 002:991.898    -- CPU frequency = 4000 kHz
T7150 002:991.990    -- Preparing target
T7150 002:992.011    -- Preserving target RAM temporarily used for programming
T7150 003:048.596    -- Downloading RAMCode
T7150 003:071.110    -- Initializing RAMCode (InitType: 3 = Verify)
T7150 003:071.225    -- Executing Init(3)
T7150 003:091.412    -- End of preparing flash programming
T7150 003:091.548   
  ***** Warning: 
T7150 003:091.572   CPU is running at low speed (4000 kHz).
T7150 003:091.596    -- CPU is running at 4000 kHz.
T7150 003:091.622    -- Start of comparing flash
T7150 003:091.649    -- CRC check was estimated as fastest method
T7150 003:091.678    -- Comparing range 0x0000 - 0xAFFF (22 Sectors, 44 KB), using single-block CRC calculation
T7150 003:342.324    -- CRC does not match, checking individual sectors
T7150 003:524.910    -- CRC does not match for sectors 0-15
T7150 003:594.113    -- CRC does not match for sectors 16-21
T7150 003:594.198    -- End of comparing flash
T7150 003:594.226    -- Start of erasing sectors
T7150 003:594.252    -- Erasing range 0x00000000 - 0x0000AFFF ( 22 Sectors, 44 KB)
T7150 003:594.279    -- Initializing RAMCode (InitType: 1 = Erase)
T7150 003:594.304    -- Executing UnInit()
T7150 003:604.308    -- Executing Init(1)
T7150 003:678.110    -- End of erasing sectors
T7150 003:678.217    -- Start of flash programming
T7150 003:678.245    -- Programming range 0x00000000 - 0x00003FFF (  8 Sectors, 16 KB)
T7150 003:678.272    -- Initializing RAMCode (InitType: 2 = Program)
T7150 003:678.297    -- Executing UnInit()
T7150 003:688.589    -- Executing Init(2)
T7150 003:698.910    -- Program page timeout too high. Use default timeout: 10000 [s]
T7150 003:698.976    -- Program page timeout too high. Use default timeout: 10000 [s]
T7150 003:699.008    -- Program page timeout too high. Use default timeout: 10000 [s]
T7150 003:747.873    -- Program page timeout too high. Use default timeout: 10000 [s]
T7150 003:786.791    -- Program page timeout too high. Use default timeout: 10000 [s]
T7150 003:825.950    -- Program page timeout too high. Use default timeout: 10000 [s]
T7150 003:865.131    -- Program page timeout too high. Use default timeout: 10000 [s]
T7150 003:904.290    -- Program page timeout too high. Use default timeout: 10000 [s]
T7150 003:943.296    -- Programming range 0x00004000 - 0x00007FFF (  8 Sectors, 16 KB)
T7150 003:943.413    -- Program page timeout too high. Use default timeout: 10000 [s]
T7150 003:982.509    -- Program page timeout too high. Use default timeout: 10000 [s]
T7150 004:021.563    -- Program page timeout too high. Use default timeout: 10000 [s]
T7150 004:060.851    -- Program page timeout too high. Use default timeout: 10000 [s]
T7150 004:099.721    -- Program page timeout too high. Use default timeout: 10000 [s]
T7150 004:138.811    -- Program page timeout too high. Use default timeout: 10000 [s]
T7150 004:178.010    -- Program page timeout too high. Use default timeout: 10000 [s]
T7150 004:217.057    -- Program page timeout too high. Use default timeout: 10000 [s]
T7150 004:256.323    -- Programming range 0x00008000 - 0x0000AFFF (  6 Sectors, 12 KB)
T7150 004:256.413    -- Program page timeout too high. Use default timeout: 10000 [s]
T7150 004:295.575    -- Program page timeout too high. Use default timeout: 10000 [s]
T7150 004:334.770    -- Program page timeout too high. Use default timeout: 10000 [s]
T7150 004:374.050    -- Program page timeout too high. Use default timeout: 10000 [s]
T7150 004:412.765    -- Program page timeout too high. Use default timeout: 10000 [s]
T7150 004:452.113    -- Program page timeout too high. Use default timeout: 10000 [s]
T7150 004:491.040    -- End of flash programming
T7150 004:491.148    -- 0x0000 - 0xAFFF ( 22 Sectors, 44 KB)
T7150 004:491.174    -- Start of verifying flash
T7150 004:491.200    -- Checksum calculation was estimated as fastest method
T7150 004:491.225    -- Checksum is not supported by this flash bank. Switched to read back method.
T7150 004:491.251    -- Initializing RAMCode (InitType: 3 = Verify)
T7150 004:491.276    -- Executing UnInit()
T7150 004:578.669    -- Executing Init(3)
T7150 004:839.787    -- End of verifying flash
T7150 004:839.875    -- Start of restoring
T7150 004:839.901    -- Executing UnInit()
T7150 004:850.292    -- Restoring target memory
T7150 004:894.717    -- Restoring CPU registers
T7150 004:895.326    -- End of restoring
T7150 004:895.410    -- Bank 0 @ 0x00000000: 1 range affected (45056 bytes)
T7150 004:895.463    -- Total: 1.938s (Prepare: 0.135s, Compare: 0.502s, Erase: 0.083s, Program: 0.891s, Verify: 0.270s, Restore: 0.055s)
T7150 004:895.519    -- Program speed: 49 KB/s
T7150 004:895.580   HandleAfterFlashProg() start
T7150 004:895.637    J-Link Script File: Executing HandleAfterFlashProg()
T7150 004:895.677   HandleAfterFlashProg() end - Took 40us
T7150 004:895.873 - 1942.170ms returns 45056 (0xB000)
T7150 004:897.693 JLINK_WriteReg(R15 (PC), 0x00000124)
T7150 004:897.759 - 0.066ms returns 0
T7150 004:897.792 JLINK_WriteReg(XPSR, 0x01000000)
T7150 004:897.818 - 0.026ms returns 0
T7150 004:899.185 JLINK_ResetPullsRESET(ON)
T7150 004:899.251 - 0.065ms 
T7150 004:899.281 JLINK_Halt()
T7150 004:899.309 - 0.027ms returns 0x00
T7150 004:899.333 JLINK_IsHalted()
T7150 004:899.362 - 0.028ms returns TRUE
T7150 004:899.389 JLINK_Reset()
T7150 004:899.423   CPU_ReadMem(4 bytes @ 0x20004000)
T7150 004:899.789   CPU_WriteMem(4 bytes @ 0x20004000)
T7150 004:900.158   JLINK_GetResetTypeDesc
T7150 004:900.208   - 0.049ms 
T7150 004:900.235   Reset type: CONNECT UNDER RESET (https://kb.segger.com/J-Link_Reset_Strategies)
T7150 004:900.267   CPU_WriteMem(4 bytes @ 0xE000EDF0)
T7150 004:900.607   CPU_ReadMem(4 bytes @ 0xE000ED44)
T7150 004:900.983   CPU_WriteMem(4 bytes @ 0xE000EDFC)
T7150 004:901.371   Reset: Halt core after reset via DEMCR.VC_CORERESET.
T7150 004:901.932   Reset: Reset device via AIRCR.SYSRESETREQ.
T7150 004:901.981   CPU_WriteMem(4 bytes @ 0xE000ED0C)
T7150 004:956.039   CPU_ReadMem(4 bytes @ 0xE000EDF0)
T7150 004:956.581   CPU_ReadMem(4 bytes @ 0xE000EDF0)
T7150 004:957.079   CPU_WriteMem(4 bytes @ 0xE000EDFC)
T7150 004:964.053   CPU_ReadMem(4 bytes @ 0xE000EDF0)
T7150 004:967.192   CPU_WriteMem(4 bytes @ 0xE0002000)
T7150 004:967.635   CPU_ReadMem(4 bytes @ 0xE000EDFC)
T7150 004:967.954   CPU_ReadMem(4 bytes @ 0xE0001000)
T7150 004:968.301   CPU_WriteMem(4 bytes @ 0xE0001000)
T7150 004:968.652   CPU_ReadMem(4 bytes @ 0xE000EE08)
T7150 004:969.037 - 69.647ms 
T7150 004:969.083 JLINK_SetEndian(ARM_ENDIAN_LITTLE)
T7150 004:969.101 - 0.017ms returns 0
T7150 004:994.122 JLINK_ReadMem(0x00000124, 0x4 Bytes, ...)
T7150 004:994.221    -- Read from flash cache (4 bytes @ 0x00000124)
T7150 004:994.249   Data:  10 B5 00 F0
T7150 004:994.275 - 0.154ms returns 0
T7150 005:013.250 JLINK_ReadMem(0x00000124, 0x4 Bytes, ...)
T7150 005:013.383    -- Read from flash cache (4 bytes @ 0x00000124)
T7150 005:013.409   Data:  10 B5 00 F0
T7150 005:013.433 - 0.183ms returns 0
T7150 005:806.399 JLINK_GetNumBPUnits(Type = 0xFFFFFF00)
T7150 005:806.530 - 0.131ms returns 0x04
T7150 005:806.559 JLINK_GetNumWPUnits()
T7150 005:806.585 - 0.026ms returns 2
T7150 005:806.617 JLINK_GetNumBPUnits(Type = 0xFFFFFF00)
T7150 005:806.641 - 0.023ms returns 0x04
T7150 005:806.665 JLINK_GetNumWPUnits()
T7150 005:806.688 - 0.023ms returns 2
T7150 005:806.716 JLINK_GetNumBPUnits(Type = 0xFFFFFF00)
T7150 005:806.739 - 0.023ms returns 0x04
T7150 005:806.762 JLINK_GetNumWPUnits()
T7150 005:806.793 - 0.030ms returns 2
T7150 005:806.871 JLINK_SetBPEx(Addr = 0x0000125E, Type = 0xFFFFFF00)
T7150 005:806.897 - 0.026ms returns 0x00000001
T7150 005:806.919 JLINK_ClrBPEx(BPHandle = 0x00000001)
T7150 005:807.272 - 0.351ms returns 0x00
T7150 005:821.857 JLINK_ReadMem(0x00001240, 0x40 Bytes, ...)
T7150 005:821.986    -- Read from flash cache (64 bytes @ 0x00001240)
T7150 005:822.025   Data:  99 54 10 BD 02 28 FC D1 4A F2 34 31 C0 F2 00 01 ...
T7150 005:822.050 - 0.192ms returns 0
T7150 005:823.492 JLINK_ReadMem(0x00001260, 0x2 Bytes, ...)
T7150 005:823.567    -- Read from flash cache (2 bytes @ 0x00001260)
T7150 005:823.607   Data:  FF F7
T7150 005:823.652 - 0.161ms returns 0
T7150 005:824.438 JLINK_SetBPEx(Addr = 0x00001260, Type = 0xFFFFFF00)
T7150 005:824.485 - 0.047ms returns 0x00000002
T7150 005:916.776 JLINK_ReadRegs(NumRegs = 22)
T7150 005:916.884   CPU_ReadMem(4 bytes @ 0xE000EE08)
T7150 005:917.395   
  R0 (0)        = 0x40044400           R1 (1)        = 0x00                 R2 (2)        = 0x00                 R3 (3)        = 0xF7              
  R4 (4)        = 0x20006A58           R5 (5)        = 0x00                 R6 (6)        = 0x20006A68           R7 (7)        = 0xFFFFFFFF        
  R8 (8)        = 0xEF4                R9 (9)        = 0x40008660           R10 (10)      = 0x00                 R11 (11)      = 0x00              
  R12 (12)      = 0x0A                 R13 (SP) (13) = 0x20004E38           R14 (14)      = 0x20004281           R15 (PC) (15) = 0x124             
  XPSR (16)     = 0x21000000           MSPLIM (86)   = 0x00                 PSPLIM (87)   = 0x00                 CFBP (20)     = 0x00              
  R0 (0)        = 0x40044400           R1 (1)        = 0x00              
T7150 005:917.483 - 0.707ms returns 0x00
T7150 005:919.197 JLINK_ReadMem(0x00000124, 0x4 Bytes, ...)
T7150 005:919.281    -- Read from flash cache (4 bytes @ 0x00000124)
T7150 005:919.323   Data:  10 B5 00 F0
T7150 005:919.364 - 0.168ms returns 0
T9440 005:968.831 JLINK_GetNumBPUnits(Type = 0xFFFFFF00)
T9440 005:968.911 - 0.080ms returns 0x04
T9440 005:968.929 JLINK_GetNumWPUnits()
T9440 005:968.947 - 0.017ms returns 2
T9440 005:969.334 JLINK_GetNumBPUnits(Type = 0xFFFFFF00)
T9440 005:969.398 - 0.063ms returns 0x04
T9440 005:969.417 JLINK_GetNumWPUnits()
T9440 005:969.434 - 0.016ms returns 2
T9440 005:970.806 JLINK_GetNumBPUnits(Type = 0xFFFFFF00)
T9440 005:970.875 - 0.070ms returns 0x04
T9440 005:970.901 JLINK_GetNumWPUnits()
T9440 005:970.924 - 0.022ms returns 2
T9440 005:972.100 JLINK_GetNumBPUnits(Type = 0xFFFFFF00)
T9440 005:972.175 - 0.075ms returns 0x04
T9440 005:972.200 JLINK_GetNumWPUnits()
T9440 005:972.223 - 0.022ms returns 2
T9440 005:972.609 JLINK_GetNumBPUnits(Type = 0xFFFFFF00)
T9440 005:972.679 - 0.070ms returns 0x04
T9440 005:972.709 JLINK_GetNumWPUnits()
T9440 005:972.735 - 0.025ms returns 2
T9440 005:974.568 JLINK_GetNumBPUnits(Type = 0xFFFFFF00)
T9440 005:974.637 - 0.069ms returns 0x04
T9440 005:974.655 JLINK_GetNumWPUnits()
T9440 005:974.672 - 0.016ms returns 2
T9440 005:975.161 JLINK_GetNumBPUnits(Type = 0xFFFFFF00)
T9440 005:975.221 - 0.059ms returns 0x04
T9440 005:975.240 JLINK_GetNumWPUnits()
T9440 005:975.257 - 0.017ms returns 2
T9440 005:975.540 JLINK_GetNumBPUnits(Type = 0xFFFFFF00)
T9440 005:975.589 - 0.049ms returns 0x04
T9440 005:975.606 JLINK_GetNumWPUnits()
T9440 005:975.622 - 0.015ms returns 2
T7150 007:222.231 JLINK_ReadMem(0x00000124, 0x4 Bytes, ...)
T7150 007:222.331    -- Read from flash cache (4 bytes @ 0x00000124)
T7150 007:222.357   Data:  10 B5 00 F0
T7150 007:222.381 - 0.150ms returns 0
T7150 010:245.984 JLINK_IsHalted()
T7150 010:246.373 - 0.388ms returns TRUE
T7150 010:246.428 JLINK_GoEx(MaxEmulInsts = 0, Flags = 0x01)
T7150 010:246.458   CPU_WriteMem(4 bytes @ 0xE0002000)
T7150 010:246.817   CPU_ReadMem(4 bytes @ 0xE0001000)
T7150 010:247.235   CPU_WriteMem(4 bytes @ 0xE0001000)
T7150 010:247.710   CPU_WriteMem(4 bytes @ 0xE0002008)
T7150 010:247.742   CPU_WriteMem(4 bytes @ 0xE000200C)
T7150 010:247.813   CPU_WriteMem(4 bytes @ 0xE0002010)
T7150 010:247.838   CPU_WriteMem(4 bytes @ 0xE0002014)
T7150 010:248.761   CPU_WriteMem(4 bytes @ 0xE0001004)
T7150 010:249.742   Memory map 'after startup completion point' is active
T7150 010:249.788 - 3.359ms 
T7150 010:355.584 JLINK_IsHalted()
T7150 010:358.705 - 3.120ms returns TRUE
T7150 010:358.800 JLINK_ReadReg(XPSR)
T7150 010:358.821   CPU_ReadMem(4 bytes @ 0xE000EE08)
T7150 010:359.230 - 0.429ms returns 0x61000000
T7150 010:359.276 JLINK_ReadReg(R15 (PC))
T7150 010:359.293 - 0.017ms returns 0x00001260
T7150 010:360.040 JLINK_ReadReg(XPSR)
T7150 010:360.094 - 0.053ms returns 0x61000000
T7150 010:360.110 JLINK_ReadReg(XPSR)
T7150 010:360.125 - 0.014ms returns 0x61000000
T7150 010:360.140 JLINK_ReadReg(R15 (PC))
T7150 010:360.154 - 0.014ms returns 0x00001260
T7150 010:360.172 JLINK_ReadReg(XPSR)
T7150 010:360.186 - 0.014ms returns 0x61000000
T7150 010:360.202 JLINK_ReadReg(XPSR)
T7150 010:360.218 - 0.015ms returns 0x61000000
T7150 010:360.235 JLINK_ReadMem(0x00001260, 0x1 Bytes, ...)
T7150 010:360.254    -- Read from flash cache (1 bytes @ 0x00001260)
T7150 010:360.275   Data:  FF
T7150 010:360.297 - 0.061ms returns 0
T7150 010:360.312 JLINK_IsHalted()
T7150 010:360.326 - 0.014ms returns TRUE
T7150 010:360.341 JLINK_ReadReg(XPSR)
T7150 010:360.357 - 0.015ms returns 0x61000000
T7150 010:360.371 JLINK_ReadReg(XPSR)
T7150 010:360.386 - 0.014ms returns 0x61000000
T7150 010:360.402 JLINK_ReadReg(R15 (PC))
T7150 010:360.416 - 0.014ms returns 0x00001260
T7150 010:360.430 JLINK_ReadReg(XPSR)
T7150 010:360.445 - 0.014ms returns 0x61000000
T7150 010:360.460 JLINK_ReadReg(XPSR)
T7150 010:360.474 - 0.014ms returns 0x61000000
T7150 010:360.489 JLINK_ReadMem(0x00001260, 0x1 Bytes, ...)
T7150 010:360.502    -- Read from flash cache (1 bytes @ 0x00001260)
T7150 010:360.523   Data:  FF
T7150 010:360.544 - 0.055ms returns 0
T7150 010:360.620 JLINK_IsHalted()
T7150 010:360.636 - 0.016ms returns TRUE
T7150 010:360.651 JLINK_ReadReg(XPSR)
T7150 010:360.666 - 0.014ms returns 0x61000000
T7150 010:360.680 JLINK_ReadReg(R15 (PC))
T7150 010:360.694 - 0.014ms returns 0x00001260
T7150 010:360.710 JLINK_ReadReg(XPSR)
T7150 010:360.724 - 0.014ms returns 0x61000000
T7150 010:360.739 JLINK_ReadReg(XPSR)
T7150 010:360.754 - 0.014ms returns 0x61000000
T7150 010:360.768 JLINK_ReadReg(R15 (PC))
T7150 010:360.782 - 0.014ms returns 0x00001260
T7150 010:360.798 JLINK_ReadReg(XPSR)
T7150 010:360.812 - 0.014ms returns 0x61000000
T7150 010:360.827 JLINK_ReadReg(XPSR)
T7150 010:360.842 - 0.014ms returns 0x61000000
T7150 010:360.856 JLINK_ReadMem(0x00001260, 0x1 Bytes, ...)
T7150 010:360.870    -- Read from flash cache (1 bytes @ 0x00001260)
T7150 010:360.891   Data:  FF
T7150 010:360.912 - 0.055ms returns 0
T7150 010:360.926 JLINK_IsHalted()
T7150 010:360.941 - 0.014ms returns TRUE
T7150 010:360.955 JLINK_ReadReg(XPSR)
T7150 010:360.970 - 0.014ms returns 0x61000000
T7150 010:360.984 JLINK_ReadReg(XPSR)
T7150 010:360.998 - 0.014ms returns 0x61000000
T7150 010:361.013 JLINK_ReadReg(R15 (PC))
T7150 010:361.027 - 0.014ms returns 0x00001260
T7150 010:361.050 JLINK_ReadReg(XPSR)
T7150 010:361.065 - 0.014ms returns 0x61000000
T7150 010:361.079 JLINK_ReadReg(XPSR)
T7150 010:361.094 - 0.014ms returns 0x61000000
T7150 010:361.109 JLINK_ReadMem(0x00001260, 0x1 Bytes, ...)
T7150 010:361.123    -- Read from flash cache (1 bytes @ 0x00001260)
T7150 010:361.144   Data:  FF
T7150 010:361.165 - 0.055ms returns 0
T7150 010:362.347 JLINK_ReadRegs(NumRegs = 22)
T7150 010:362.399   
  R0 (0)        = 0x00                 R1 (1)        = 0x00                 R2 (2)        = 0x00                 R3 (3)        = 0x00              
  R4 (4)        = 0x20006A58           R5 (5)        = 0x00                 R6 (6)        = 0x20006A68           R7 (7)        = 0xFFFFFFFF        
  R8 (8)        = 0xEF4                R9 (9)        = 0x40008660           R10 (10)      = 0x00                 R11 (11)      = 0x00              
  R12 (12)      = 0x0A                 R13 (SP) (13) = 0x20004E28           R14 (14)      = 0x12F                R15 (PC) (15) = 0x1260            
  XPSR (16)     = 0x61000000           MSPLIM (86)   = 0x00                 PSPLIM (87)   = 0x00                 CFBP (20)     = 0x00              
  R0 (0)        = 0x00                 R1 (1)        = 0x00              
T7150 010:362.430 - 0.082ms returns 0x00
T7150 010:364.235 JLINK_ReadMem(0x00001260, 0x4 Bytes, ...)
T7150 010:364.300    -- Read from flash cache (4 bytes @ 0x00001260)
T7150 010:364.324   Data:  FF F7 3F FF
T7150 010:364.366 - 0.131ms returns 0
T7150 010:366.314 JLINK_ClrBPEx(BPHandle = 0x00000002)
T7150 010:366.378 - 0.063ms returns 0x00
T9440 010:367.930 JLINK_IsHalted()
T9440 010:368.005 - 0.074ms returns TRUE
T9440 010:368.026 JLINK_ReadReg(XPSR)
T9440 010:368.051 - 0.025ms returns 0x61000000
T9440 010:368.078 JLINK_ReadReg(R15 (PC))
T9440 010:368.094 - 0.016ms returns 0x00001260
T9440 010:368.112 JLINK_ReadReg(XPSR)
T9440 010:368.129 - 0.016ms returns 0x61000000
T9440 010:368.145 JLINK_ReadReg(XPSR)
T9440 010:368.161 - 0.016ms returns 0x61000000
T9440 010:368.178 JLINK_ReadReg(R15 (PC))
T9440 010:368.194 - 0.016ms returns 0x00001260
T9440 010:368.210 JLINK_ReadReg(XPSR)
T9440 010:368.226 - 0.016ms returns 0x61000000
T9440 010:368.243 JLINK_ReadReg(XPSR)
T9440 010:368.259 - 0.016ms returns 0x61000000
T9440 010:368.278 JLINK_ReadMem(0x00001260, 0x1 Bytes, ...)
T9440 010:368.314    -- Read from flash cache (1 bytes @ 0x00001260)
T9440 010:368.341   Data:  FF
T9440 010:368.371 - 0.093ms returns 0
T9440 010:368.389 JLINK_IsHalted()
T9440 010:368.406 - 0.018ms returns TRUE
T9440 010:368.425 JLINK_ReadReg(XPSR)
T9440 010:368.448 - 0.023ms returns 0x61000000
T9440 010:368.467 JLINK_ReadReg(XPSR)
T9440 010:368.483 - 0.016ms returns 0x61000000
T9440 010:368.500 JLINK_ReadReg(R15 (PC))
T9440 010:368.516 - 0.016ms returns 0x00001260
T9440 010:368.546 JLINK_ReadReg(XPSR)
T9440 010:368.562 - 0.016ms returns 0x61000000
T9440 010:368.579 JLINK_ReadReg(XPSR)
T9440 010:368.596 - 0.016ms returns 0x61000000
T9440 010:368.613 JLINK_ReadMem(0x00001260, 0x1 Bytes, ...)
T9440 010:368.629    -- Read from flash cache (1 bytes @ 0x00001260)
T9440 010:368.651   Data:  FF
T9440 010:368.675 - 0.063ms returns 0
T9440 010:368.728 JLINK_ReadMem(0xE0001000, 0x4 Bytes, ...)
T9440 010:368.766   CPU_ReadMem(4 bytes @ 0xE0001000)
T9440 010:369.183   Data:  00 00 00 2B
T9440 010:369.258   Debug reg: DWT_CTRL
T9440 010:369.282 - 0.554ms returns 0
T7150 010:401.711 JLINK_ReadMem(0x00001260, 0x4 Bytes, ...)
T7150 010:401.802    -- Read from flash cache (4 bytes @ 0x00001260)
T7150 010:401.828   Data:  FF F7 3F FF
T7150 010:401.853 - 0.142ms returns 0
T7150 011:227.171 JLINK_IsHalted()
T7150 011:227.634 - 0.463ms returns TRUE
T7150 011:227.689 JLINK_GoEx(MaxEmulInsts = 0, Flags = 0x01)
T7150 011:227.727   CPU_ReadMem(4 bytes @ 0xE0001000)
T7150 011:228.126   CPU_WriteMem(4 bytes @ 0xE0002008)
T7150 011:229.034 - 1.345ms 
T7150 011:324.523 JLINK_IsHalted()
T7150 011:325.019 - 0.495ms returns FALSE
T7150 011:325.045 JLINK_IsHalted()
T7150 011:325.344 - 0.298ms returns FALSE
T7150 011:433.302 JLINK_IsHalted()
T7150 011:433.838 - 0.535ms returns FALSE
T7150 011:433.882 JLINK_IsHalted()
T7150 011:434.364 - 0.480ms returns FALSE
T7150 011:543.314 JLINK_IsHalted()
T7150 011:543.859 - 0.544ms returns FALSE
T7150 011:543.883 JLINK_IsHalted()
T7150 011:544.162 - 0.278ms returns FALSE
T7150 011:652.525 JLINK_IsHalted()
T7150 011:652.978 - 0.452ms returns FALSE
T7150 011:653.050 JLINK_IsHalted()
T7150 011:653.471 - 0.421ms returns FALSE
T7150 011:761.985 JLINK_IsHalted()
T7150 011:762.378 - 0.392ms returns FALSE
T7150 011:762.429 JLINK_IsHalted()
T7150 011:762.837 - 0.407ms returns FALSE
T7150 011:871.154 JLINK_IsHalted()
T7150 011:871.539 - 0.385ms returns FALSE
T7150 011:871.563 JLINK_IsHalted()
T7150 011:871.967 - 0.403ms returns FALSE
T7150 011:980.542 JLINK_IsHalted()
T7150 011:981.061 - 0.517ms returns FALSE
T7150 011:981.105 JLINK_IsHalted()
T7150 011:981.578 - 0.473ms returns FALSE
T7150 012:089.597 JLINK_IsHalted()
T7150 012:090.382 - 0.784ms returns FALSE
T7150 012:090.478 JLINK_IsHalted()
T7150 012:091.096 - 0.615ms returns FALSE
T7150 012:199.201 JLINK_IsHalted()
T7150 012:199.786 - 0.584ms returns FALSE
T7150 012:199.842 JLINK_IsHalted()
T7150 012:200.304 - 0.462ms returns FALSE
T9440 012:229.331 JLINK_IsHalted()
T9440 012:231.441 - 2.109ms returns FALSE
T9440 012:231.565 JLINK_IsHalted()
T9440 012:232.223 - 0.656ms returns FALSE
T7150 012:309.147 JLINK_IsHalted()
T7150 012:309.758 - 0.610ms returns FALSE
T7150 012:309.824 JLINK_IsHalted()
T7150 012:310.322 - 0.497ms returns FALSE
T7150 012:418.612 JLINK_IsHalted()
T7150 012:419.317 - 0.704ms returns FALSE
T7150 012:419.417 JLINK_IsHalted()
T7150 012:420.122 - 0.704ms returns FALSE
T7150 012:527.663 JLINK_IsHalted()
T7150 012:528.254 - 0.589ms returns FALSE
T7150 012:528.360 JLINK_IsHalted()
T7150 012:528.837 - 0.476ms returns FALSE
T7150 012:637.267 JLINK_IsHalted()
T7150 012:637.679 - 0.412ms returns FALSE
T7150 012:637.726 JLINK_IsHalted()
T7150 012:638.065 - 0.339ms returns FALSE
T7150 012:746.248 JLINK_IsHalted()
T7150 012:746.821 - 0.572ms returns FALSE
T7150 012:746.864 JLINK_IsHalted()
T7150 012:747.370 - 0.505ms returns FALSE
T7150 012:855.200 JLINK_IsHalted()
T7150 012:855.666 - 0.465ms returns FALSE
T7150 012:855.721 JLINK_IsHalted()
T7150 012:856.094 - 0.372ms returns FALSE
T7150 012:965.020 JLINK_IsHalted()
T7150 012:965.547 - 0.526ms returns FALSE
T7150 012:965.610 JLINK_IsHalted()
T7150 012:965.974 - 0.364ms returns FALSE
T7150 013:074.594 JLINK_IsHalted()
T7150 013:075.232 - 0.637ms returns FALSE
T7150 013:075.326 JLINK_IsHalted()
T7150 013:075.915 - 0.587ms returns FALSE
T7150 013:184.143 JLINK_IsHalted()
T7150 013:184.822 - 0.678ms returns FALSE
T7150 013:184.904 JLINK_IsHalted()
T7150 013:185.516 - 0.611ms returns FALSE
T9440 013:232.915 JLINK_IsHalted()
T9440 013:233.419 - 0.504ms returns FALSE
T9440 013:233.466 JLINK_IsHalted()
T9440 013:233.921 - 0.453ms returns FALSE
T7150 013:292.722 JLINK_IsHalted()
T7150 013:293.384 - 0.661ms returns FALSE
T7150 013:293.435 JLINK_IsHalted()
T7150 013:293.967 - 0.531ms returns FALSE
T7150 013:402.501 JLINK_IsHalted()
T7150 013:403.095 - 0.593ms returns FALSE
T7150 013:403.150 JLINK_IsHalted()
T7150 013:403.622 - 0.471ms returns FALSE
T7150 013:512.178 JLINK_IsHalted()
T7150 013:512.832 - 0.654ms returns FALSE
T7150 013:512.888 JLINK_IsHalted()
T7150 013:513.390 - 0.501ms returns FALSE
T7150 013:621.627 JLINK_IsHalted()
T7150 013:623.485 - 1.856ms returns FALSE
T7150 013:623.586 JLINK_IsHalted()
T7150 013:624.096 - 0.508ms returns FALSE
T7150 013:730.269 JLINK_IsHalted()
T7150 013:732.670 - 2.400ms returns FALSE
T7150 013:732.774 JLINK_IsHalted()
T7150 013:734.666 - 1.891ms returns FALSE
T7150 013:840.376 JLINK_IsHalted()
T7150 013:840.923 - 0.546ms returns FALSE
T7150 013:840.971 JLINK_IsHalted()
T7150 013:841.472 - 0.499ms returns FALSE
T7150 013:949.229 JLINK_IsHalted()
T7150 013:951.954 - 2.723ms returns FALSE
T7150 013:952.075 JLINK_IsHalted()
T7150 013:952.640 - 0.565ms returns FALSE
T7150 014:058.331 JLINK_IsHalted()
T7150 014:058.853 - 0.521ms returns FALSE
T7150 014:058.893 JLINK_IsHalted()
T7150 014:059.251 - 0.357ms returns FALSE
T7150 014:167.850 JLINK_IsHalted()
T7150 014:168.406 - 0.557ms returns FALSE
T7150 014:168.450 JLINK_IsHalted()
T7150 014:168.870 - 0.420ms returns FALSE
T9440 014:234.357 JLINK_IsHalted()
T9440 014:234.960 - 0.601ms returns FALSE
T9440 014:234.998 JLINK_IsHalted()
T9440 014:235.542 - 0.543ms returns FALSE
T7150 014:277.267 JLINK_IsHalted()
T7150 014:277.789 - 0.521ms returns FALSE
T7150 014:277.834 JLINK_IsHalted()
T7150 014:278.275 - 0.441ms returns FALSE
T7150 014:386.669 JLINK_IsHalted()
T7150 014:387.219 - 0.549ms returns FALSE
T7150 014:387.259 JLINK_IsHalted()
T7150 014:387.781 - 0.518ms returns FALSE
T7150 014:496.003 JLINK_IsHalted()
T7150 014:496.430 - 0.426ms returns FALSE
T7150 014:496.467 JLINK_IsHalted()
T7150 014:496.850 - 0.381ms returns FALSE
T7150 014:605.200 JLINK_IsHalted()
T7150 014:605.914 - 0.712ms returns FALSE
T7150 014:605.976 JLINK_IsHalted()
T7150 014:606.326 - 0.350ms returns FALSE
T7150 014:715.155 JLINK_IsHalted()
T7150 014:715.766 - 0.610ms returns FALSE
T7150 014:715.814 JLINK_IsHalted()
T7150 014:716.147 - 0.333ms returns FALSE
T7150 014:824.464 JLINK_IsHalted()
T7150 014:825.110 - 0.645ms returns FALSE
T7150 014:825.194 JLINK_IsHalted()
T7150 014:825.802 - 0.607ms returns FALSE
T7150 014:933.638 JLINK_IsHalted()
T7150 014:934.320 - 0.680ms returns FALSE
T7150 014:934.365 JLINK_IsHalted()
T7150 014:934.872 - 0.506ms returns FALSE
T7150 015:043.592 JLINK_IsHalted()
T7150 015:045.653 - 2.059ms returns FALSE
T7150 015:045.710 JLINK_IsHalted()
T7150 015:046.227 - 0.515ms returns FALSE
T7150 015:152.336 JLINK_IsHalted()
T7150 015:152.922 - 0.586ms returns FALSE
T7150 015:152.960 JLINK_IsHalted()
T7150 015:153.424 - 0.463ms returns FALSE
T9440 015:237.142 JLINK_IsHalted()
T9440 015:237.645 - 0.501ms returns FALSE
T9440 015:237.707 JLINK_IsHalted()
T9440 015:238.171 - 0.463ms returns FALSE
T7150 015:262.181 JLINK_IsHalted()
T7150 015:262.843 - 0.662ms returns FALSE
T7150 015:262.896 JLINK_IsHalted()
T7150 015:264.978 - 2.080ms returns FALSE
T7150 015:371.286 JLINK_IsHalted()
T7150 015:371.896 - 0.609ms returns FALSE
T7150 015:371.982 JLINK_IsHalted()
T7150 015:372.530 - 0.546ms returns FALSE
T7150 015:480.658 JLINK_IsHalted()
T7150 015:481.480 - 0.821ms returns FALSE
T7150 015:481.597 JLINK_IsHalted()
T7150 015:482.112 - 0.513ms returns FALSE
T7150 015:589.830 JLINK_IsHalted()
T7150 015:590.314 - 0.482ms returns FALSE
T7150 015:590.355 JLINK_IsHalted()
T7150 015:590.829 - 0.472ms returns FALSE
T7150 015:699.237 JLINK_IsHalted()
T7150 015:699.891 - 0.653ms returns FALSE
T7150 015:699.939 JLINK_IsHalted()
T7150 015:700.394 - 0.453ms returns FALSE
T7150 015:809.286 JLINK_IsHalted()
T7150 015:811.344 - 2.056ms returns FALSE
T7150 015:811.485 JLINK_IsHalted()
T7150 015:813.331 - 1.846ms returns FALSE
T7150 015:918.032 JLINK_IsHalted()
T7150 015:918.653 - 0.619ms returns FALSE
T7150 015:918.746 JLINK_IsHalted()
T7150 015:919.176 - 0.430ms returns FALSE
T7150 016:027.448 JLINK_IsHalted()
T7150 016:028.166 - 0.717ms returns FALSE
T7150 016:028.250 JLINK_IsHalted()
T7150 016:028.931 - 0.679ms returns FALSE
T7150 016:137.269 JLINK_IsHalted()
T7150 016:137.931 - 0.662ms returns FALSE
T7150 016:137.978 JLINK_IsHalted()
T7150 016:138.435 - 0.457ms returns FALSE
T9440 016:239.808 JLINK_IsHalted()
T9440 016:240.442 - 0.633ms returns FALSE
T9440 016:240.525 JLINK_IsHalted()
T9440 016:242.195 - 1.668ms returns FALSE
T7150 016:246.110 JLINK_IsHalted()
T7150 016:246.843 - 0.731ms returns FALSE
T7150 016:246.952 JLINK_IsHalted()
T7150 016:247.605 - 0.651ms returns FALSE
T7150 016:355.494 JLINK_IsHalted()
T7150 016:356.328 - 0.831ms returns FALSE
T7150 016:356.472 JLINK_IsHalted()
T7150 016:359.189 - 2.714ms returns FALSE
T7150 016:465.546 JLINK_IsHalted()
T7150 016:466.251 - 0.705ms returns FALSE
T7150 016:466.360 JLINK_IsHalted()
T7150 016:466.918 - 0.557ms returns FALSE
T7150 016:574.277 JLINK_IsHalted()
T7150 016:574.979 - 0.701ms returns FALSE
T7150 016:575.051 JLINK_IsHalted()
T7150 016:575.614 - 0.562ms returns FALSE
T7150 016:683.514 JLINK_IsHalted()
T7150 016:684.144 - 0.628ms returns FALSE
T7150 016:684.187 JLINK_IsHalted()
T7150 016:684.765 - 0.577ms returns FALSE
T7150 016:793.278 JLINK_IsHalted()
T7150 016:794.006 - 0.727ms returns FALSE
T7150 016:794.106 JLINK_IsHalted()
T7150 016:794.750 - 0.644ms returns FALSE
T7150 016:902.662 JLINK_IsHalted()
T7150 016:903.438 - 0.775ms returns FALSE
T7150 016:903.578 JLINK_IsHalted()
T7150 016:904.256 - 0.677ms returns FALSE
T7150 017:014.314 JLINK_IsHalted()
T7150 017:015.078 - 0.762ms returns FALSE
T7150 017:015.188 JLINK_IsHalted()
T7150 017:015.862 - 0.672ms returns FALSE
T7150 017:121.706 JLINK_IsHalted()
T7150 017:122.324 - 0.618ms returns FALSE
T7150 017:122.404 JLINK_IsHalted()
T7150 017:122.960 - 0.556ms returns FALSE
T7150 017:230.764 JLINK_IsHalted()
T7150 017:231.328 - 0.562ms returns FALSE
T7150 017:231.412 JLINK_IsHalted()
T7150 017:231.986 - 0.573ms returns FALSE
T9440 017:243.676 JLINK_IsHalted()
T9440 017:244.314 - 0.638ms returns FALSE
T9440 017:244.390 JLINK_IsHalted()
T9440 017:244.936 - 0.544ms returns FALSE
T7150 017:340.558 JLINK_IsHalted()
T7150 017:341.036 - 0.477ms returns FALSE
T7150 017:341.084 JLINK_IsHalted()
T7150 017:341.604 - 0.522ms returns FALSE
T7150 017:449.102 JLINK_IsHalted()
T7150 017:449.712 - 0.606ms returns FALSE
T7150 017:449.870 JLINK_IsHalted()
T7150 017:450.346 - 0.474ms returns FALSE
T7150 017:558.858 JLINK_IsHalted()
T7150 017:559.444 - 0.584ms returns FALSE
T7150 017:559.488 JLINK_IsHalted()
T7150 017:560.102 - 0.613ms returns FALSE
T7150 017:667.818 JLINK_IsHalted()
T7150 017:668.386 - 0.568ms returns FALSE
T7150 017:668.432 JLINK_IsHalted()
T7150 017:668.902 - 0.471ms returns FALSE
T7150 017:778.116 JLINK_IsHalted()
T7150 017:778.666 - 0.550ms returns FALSE
T7150 017:778.708 JLINK_IsHalted()
T7150 017:779.144 - 0.435ms returns FALSE
T7150 017:886.762 JLINK_IsHalted()
T7150 017:887.280 - 0.518ms returns FALSE
T7150 017:887.318 JLINK_IsHalted()
T7150 017:887.728 - 0.409ms returns FALSE
T7150 017:996.878 JLINK_IsHalted()
T7150 017:997.404 - 0.523ms returns FALSE
T7150 017:997.448 JLINK_IsHalted()
T7150 017:997.896 - 0.447ms returns FALSE
T7150 018:106.136 JLINK_IsHalted()
T7150 018:106.756 - 0.620ms returns FALSE
T7150 018:106.796 JLINK_IsHalted()
T7150 018:107.264 - 0.467ms returns FALSE
T7150 018:215.380 JLINK_IsHalted()
T7150 018:215.964 - 0.584ms returns FALSE
T7150 018:216.004 JLINK_IsHalted()
T7150 018:216.474 - 0.467ms returns FALSE
T9440 018:245.460 JLINK_IsHalted()
T9440 018:245.996 - 0.537ms returns FALSE
T9440 018:246.040 JLINK_IsHalted()
T9440 018:246.550 - 0.510ms returns FALSE
T7150 018:324.230 JLINK_IsHalted()
T7150 018:324.846 - 0.615ms returns FALSE
T7150 018:324.888 JLINK_IsHalted()
T7150 018:325.426 - 0.536ms returns FALSE
T7150 018:434.738 JLINK_IsHalted()
T7150 018:436.590 - 1.850ms returns FALSE
T7150 018:436.716 JLINK_IsHalted()
T7150 018:437.274 - 0.554ms returns FALSE
T7150 018:543.728 JLINK_IsHalted()
T7150 018:544.182 - 0.453ms returns FALSE
T7150 018:544.262 JLINK_IsHalted()
T7150 018:544.608 - 0.345ms returns FALSE
T7150 018:652.116 JLINK_IsHalted()
T7150 018:652.558 - 0.443ms returns FALSE
T7150 018:652.582 JLINK_IsHalted()
T7150 018:652.908 - 0.326ms returns FALSE
T7150 018:761.918 JLINK_IsHalted()
T7150 018:762.484 - 0.565ms returns FALSE
T7150 018:762.556 JLINK_IsHalted()
T7150 018:762.912 - 0.356ms returns FALSE
T7150 018:870.752 JLINK_IsHalted()
T7150 018:871.262 - 0.510ms returns FALSE
T7150 018:871.320 JLINK_IsHalted()
T7150 018:871.706 - 0.386ms returns FALSE
T7150 018:980.756 JLINK_IsHalted()
T7150 018:981.132 - 0.375ms returns FALSE
T7150 018:981.160 JLINK_IsHalted()
T7150 018:981.436 - 0.275ms returns FALSE
T7150 019:090.390 JLINK_IsHalted()
T7150 019:090.778 - 0.386ms returns FALSE
T7150 019:090.802 JLINK_IsHalted()
T7150 019:091.068 - 0.266ms returns FALSE
T7150 019:199.502 JLINK_IsHalted()
T7150 019:200.086 - 0.582ms returns FALSE
T7150 019:200.128 JLINK_IsHalted()
T7150 019:200.604 - 0.475ms returns FALSE
T9440 019:247.204 JLINK_IsHalted()
T9440 019:247.812 - 0.607ms returns FALSE
T9440 019:247.884 JLINK_IsHalted()
T9440 019:249.792 - 1.905ms returns FALSE
T7150 019:308.794 JLINK_IsHalted()
T7150 019:309.566 - 0.772ms returns FALSE
T7150 019:309.662 JLINK_IsHalted()
T7150 019:310.156 - 0.491ms returns FALSE
T7150 019:417.740 JLINK_IsHalted()
T7150 019:418.274 - 0.532ms returns FALSE
T7150 019:418.324 JLINK_IsHalted()
T7150 019:418.808 - 0.484ms returns FALSE
T7150 019:527.274 JLINK_IsHalted()
T7150 019:527.888 - 0.613ms returns FALSE
T7150 019:527.946 JLINK_IsHalted()
T7150 019:528.294 - 0.349ms returns FALSE
T7150 019:636.650 JLINK_IsHalted()
T7150 019:637.208 - 0.558ms returns FALSE
T7150 019:637.270 JLINK_IsHalted()
T7150 019:637.738 - 0.466ms returns FALSE
T7150 019:746.268 JLINK_IsHalted()
T7150 019:746.914 - 0.646ms returns FALSE
T7150 019:747.016 JLINK_IsHalted()
T7150 019:747.526 - 0.511ms returns FALSE
T7150 019:856.216 JLINK_IsHalted()
T7150 019:856.880 - 0.663ms returns FALSE
T7150 019:856.962 JLINK_IsHalted()
T7150 019:857.482 - 0.519ms returns FALSE
T7150 019:964.432 JLINK_IsHalted()
T7150 019:964.920 - 0.486ms returns FALSE
T7150 019:964.942 JLINK_IsHalted()
T7150 019:965.372 - 0.428ms returns FALSE
T7150 020:073.978 JLINK_IsHalted()
T7150 020:074.550 - 0.572ms returns FALSE
T7150 020:074.620 JLINK_IsHalted()
T7150 020:075.220 - 0.599ms returns FALSE
T7150 020:183.956 JLINK_IsHalted()
T7150 020:184.678 - 0.722ms returns FALSE
T7150 020:184.770 JLINK_IsHalted()
T7150 020:185.410 - 0.639ms returns FALSE
T9440 020:250.508 JLINK_IsHalted()
T9440 020:251.010 - 0.502ms returns FALSE
T9440 020:251.068 JLINK_IsHalted()
T9440 020:251.390 - 0.322ms returns FALSE
T7150 020:293.352 JLINK_IsHalted()
T7150 020:293.974 - 0.621ms returns FALSE
T7150 020:294.010 JLINK_IsHalted()
T7150 020:294.590 - 0.580ms returns FALSE
T7150 020:402.068 JLINK_IsHalted()
T7150 020:402.668 - 0.599ms returns FALSE
T7150 020:402.706 JLINK_IsHalted()
T7150 020:403.148 - 0.443ms returns FALSE
T7150 020:512.120 JLINK_IsHalted()
T7150 020:512.760 - 0.638ms returns FALSE
T7150 020:512.848 JLINK_IsHalted()
T7150 020:513.506 - 0.656ms returns FALSE
T7150 020:620.794 JLINK_IsHalted()
T7150 020:621.462 - 0.667ms returns FALSE
T7150 020:621.540 JLINK_IsHalted()
T7150 020:622.236 - 0.693ms returns FALSE
T7150 020:730.638 JLINK_IsHalted()
T7150 020:731.344 - 0.704ms returns FALSE
T7150 020:731.462 JLINK_IsHalted()
T7150 020:732.010 - 0.546ms returns FALSE
T7150 020:839.570 JLINK_IsHalted()
T7150 020:840.202 - 0.630ms returns FALSE
T7150 020:840.330 JLINK_IsHalted()
T7150 020:842.082 - 1.751ms returns FALSE
T7150 020:949.888 JLINK_IsHalted()
T7150 020:950.532 - 0.644ms returns FALSE
T7150 020:950.580 JLINK_IsHalted()
T7150 020:951.120 - 0.539ms returns FALSE
T7150 021:058.706 JLINK_IsHalted()
T7150 021:059.420 - 0.712ms returns FALSE
T7150 021:059.484 JLINK_IsHalted()
T7150 021:060.028 - 0.544ms returns FALSE
T7150 021:167.834 JLINK_IsHalted()
T7150 021:168.362 - 0.528ms returns FALSE
T7150 021:168.386 JLINK_IsHalted()
T7150 021:168.784 - 0.398ms returns FALSE
T9440 021:252.860 JLINK_IsHalted()
T9440 021:253.358 - 0.498ms returns FALSE
T9440 021:253.416 JLINK_IsHalted()
T9440 021:253.836 - 0.417ms returns FALSE
T7150 021:276.946 JLINK_IsHalted()
T7150 021:277.528 - 0.581ms returns FALSE
T7150 021:277.594 JLINK_IsHalted()
T7150 021:278.148 - 0.552ms returns FALSE
T7150 021:386.716 JLINK_IsHalted()
T7150 021:387.306 - 0.587ms returns FALSE
T7150 021:387.388 JLINK_IsHalted()
T7150 021:387.934 - 0.547ms returns FALSE
T7150 021:496.620 JLINK_IsHalted()
T7150 021:497.212 - 0.589ms returns FALSE
T7150 021:497.280 JLINK_IsHalted()
T7150 021:497.804 - 0.522ms returns FALSE
T7150 021:605.698 JLINK_IsHalted()
T7150 021:606.348 - 0.651ms returns FALSE
T7150 021:606.442 JLINK_IsHalted()
T7150 021:606.966 - 0.524ms returns FALSE
T7150 021:714.736 JLINK_IsHalted()
T7150 021:715.408 - 0.671ms returns FALSE
T7150 021:715.468 JLINK_IsHalted()
T7150 021:716.028 - 0.557ms returns FALSE
T7150 021:823.910 JLINK_IsHalted()
T7150 021:825.770 - 1.857ms returns FALSE
T7150 021:825.874 JLINK_IsHalted()
T7150 021:826.404 - 0.529ms returns FALSE
T7150 021:934.116 JLINK_IsHalted()
T7150 021:934.752 - 0.635ms returns FALSE
T7150 021:934.794 JLINK_IsHalted()
T7150 021:935.360 - 0.566ms returns FALSE
T7150 022:042.842 JLINK_IsHalted()
T7150 022:043.444 - 0.603ms returns FALSE
T7150 022:043.500 JLINK_IsHalted()
T7150 022:044.140 - 0.640ms returns FALSE
T7150 022:152.740 JLINK_IsHalted()
T7150 022:153.330 - 0.587ms returns FALSE
T7150 022:153.388 JLINK_IsHalted()
T7150 022:153.892 - 0.504ms returns FALSE
T9440 022:254.610 JLINK_IsHalted()
T9440 022:255.298 - 0.687ms returns FALSE
T9440 022:255.404 JLINK_IsHalted()
T9440 022:256.024 - 0.617ms returns FALSE
T7150 022:261.682 JLINK_IsHalted()
T7150 022:262.336 - 0.652ms returns FALSE
T7150 022:262.418 JLINK_IsHalted()
T7150 022:262.910 - 0.492ms returns FALSE
T7150 022:371.516 JLINK_IsHalted()
T7150 022:373.486 - 1.969ms returns FALSE
T7150 022:373.604 JLINK_IsHalted()
T7150 022:375.752 - 2.148ms returns FALSE
T7150 022:480.656 JLINK_IsHalted()
T7150 022:481.292 - 0.637ms returns FALSE
T7150 022:481.362 JLINK_IsHalted()
T7150 022:482.034 - 0.670ms returns FALSE
T7150 022:590.664 JLINK_IsHalted()
T7150 022:591.336 - 0.671ms returns FALSE
T7150 022:591.378 JLINK_IsHalted()
T7150 022:591.874 - 0.495ms returns FALSE
T7150 022:699.906 JLINK_IsHalted()
T7150 022:700.534 - 0.628ms returns FALSE
T7150 022:700.620 JLINK_IsHalted()
T7150 022:701.222 - 0.602ms returns FALSE
T7150 022:808.636 JLINK_IsHalted()
T7150 022:809.390 - 0.752ms returns FALSE
T7150 022:809.474 JLINK_IsHalted()
T7150 022:811.830 - 2.355ms returns FALSE
T7150 022:918.440 JLINK_IsHalted()
T7150 022:919.196 - 0.755ms returns FALSE
T7150 022:919.264 JLINK_IsHalted()
T7150 022:919.746 - 0.481ms returns FALSE
T7150 023:027.280 JLINK_IsHalted()
T7150 023:028.036 - 0.755ms returns FALSE
T7150 023:028.156 JLINK_IsHalted()
T7150 023:028.672 - 0.515ms returns FALSE
T7150 023:137.454 JLINK_IsHalted()
T7150 023:138.158 - 0.703ms returns FALSE
T7150 023:138.198 JLINK_IsHalted()
T7150 023:138.554 - 0.355ms returns FALSE
T7150 023:246.076 JLINK_IsHalted()
T7150 023:246.554 - 0.476ms returns FALSE
T7150 023:246.576 JLINK_IsHalted()
T7150 023:246.896 - 0.319ms returns FALSE
T9440 023:256.660 JLINK_IsHalted()
T9440 023:257.114 - 0.454ms returns FALSE
T9440 023:257.134 JLINK_IsHalted()
T9440 023:257.500 - 0.366ms returns FALSE
T7150 023:355.564 JLINK_IsHalted()
T7150 023:356.068 - 0.504ms returns FALSE
T7150 023:356.130 JLINK_IsHalted()
T7150 023:357.602 - 1.470ms returns FALSE
T7150 023:464.536 JLINK_IsHalted()
T7150 023:464.986 - 0.449ms returns FALSE
T7150 023:465.010 JLINK_IsHalted()
T7150 023:465.332 - 0.323ms returns FALSE
T7150 023:574.706 JLINK_IsHalted()
T7150 023:575.260 - 0.554ms returns FALSE
T7150 023:575.316 JLINK_IsHalted()
T7150 023:575.860 - 0.542ms returns FALSE
T7150 023:684.292 JLINK_IsHalted()
T7150 023:684.922 - 0.629ms returns FALSE
T7150 023:684.974 JLINK_IsHalted()
T7150 023:685.456 - 0.480ms returns FALSE
T7150 023:792.730 JLINK_IsHalted()
T7150 023:794.596 - 1.864ms returns FALSE
T7150 023:794.650 JLINK_IsHalted()
T7150 023:795.252 - 0.603ms returns FALSE
T7150 023:902.970 JLINK_IsHalted()
T7150 023:903.412 - 0.443ms returns FALSE
T7150 023:903.460 JLINK_IsHalted()
T7150 023:903.802 - 0.341ms returns FALSE
T7150 024:011.772 JLINK_IsHalted()
T7150 024:012.292 - 0.518ms returns FALSE
T7150 024:012.356 JLINK_IsHalted()
T7150 024:012.848 - 0.489ms returns FALSE
T7150 024:120.774 JLINK_IsHalted()
T7150 024:121.402 - 0.627ms returns FALSE
T7150 024:121.444 JLINK_IsHalted()
T7150 024:121.932 - 0.489ms returns FALSE
T7150 024:230.516 JLINK_IsHalted()
T7150 024:232.504 - 1.987ms returns FALSE
T7150 024:232.670 JLINK_IsHalted()
T7150 024:234.444 - 1.774ms returns FALSE
T9440 024:258.068 JLINK_IsHalted()
T9440 024:259.072 - 1.003ms returns FALSE
T9440 024:259.176 JLINK_IsHalted()
T9440 024:259.736 - 0.558ms returns FALSE
T7150 024:340.324 JLINK_IsHalted()
T7150 024:341.006 - 0.683ms returns FALSE
T7150 024:341.058 JLINK_IsHalted()
T7150 024:341.594 - 0.535ms returns FALSE
T7150 024:449.332 JLINK_IsHalted()
T7150 024:449.914 - 0.582ms returns FALSE
T7150 024:449.948 JLINK_IsHalted()
T7150 024:450.420 - 0.471ms returns FALSE
T7150 024:559.346 JLINK_IsHalted()
T7150 024:559.894 - 0.549ms returns FALSE
T7150 024:559.940 JLINK_IsHalted()
T7150 024:560.480 - 0.539ms returns FALSE
T7150 024:668.346 JLINK_IsHalted()
T7150 024:668.862 - 0.517ms returns FALSE
T7150 024:669.096 JLINK_IsHalted()
T7150 024:669.588 - 0.490ms returns FALSE
T7150 024:778.622 JLINK_IsHalted()
T7150 024:779.236 - 0.612ms returns FALSE
T7150 024:779.324 JLINK_IsHalted()
T7150 024:779.940 - 0.614ms returns FALSE
T7150 024:886.692 JLINK_IsHalted()
T7150 024:887.360 - 0.669ms returns FALSE
T7150 024:887.412 JLINK_IsHalted()
T7150 024:887.968 - 0.554ms returns FALSE
T7150 024:995.852 JLINK_IsHalted()
T7150 024:996.398 - 0.548ms returns FALSE
T7150 024:996.420 JLINK_IsHalted()
T7150 024:996.826 - 0.404ms returns FALSE
T7150 025:105.432 JLINK_IsHalted()
T7150 025:106.124 - 0.690ms returns FALSE
T7150 025:106.200 JLINK_IsHalted()
T7150 025:106.804 - 0.603ms returns FALSE
T7150 025:215.166 JLINK_IsHalted()
T7150 025:215.858 - 0.690ms returns FALSE
T7150 025:215.928 JLINK_IsHalted()
T7150 025:216.366 - 0.437ms returns FALSE
T9440 025:260.598 JLINK_IsHalted()
T9440 025:261.028 - 0.429ms returns FALSE
T9440 025:261.068 JLINK_IsHalted()
T9440 025:261.454 - 0.388ms returns FALSE
T7150 025:324.542 JLINK_IsHalted()
T7150 025:325.016 - 0.474ms returns FALSE
T7150 025:325.056 JLINK_IsHalted()
T7150 025:325.578 - 0.522ms returns FALSE
T7150 025:434.164 JLINK_IsHalted()
T7150 025:434.742 - 0.578ms returns FALSE
T7150 025:434.788 JLINK_IsHalted()
T7150 025:435.282 - 0.494ms returns FALSE
T7150 025:543.260 JLINK_IsHalted()
T7150 025:543.964 - 0.705ms returns FALSE
T7150 025:544.014 JLINK_IsHalted()
T7150 025:544.412 - 0.395ms returns FALSE
T7150 025:652.776 JLINK_IsHalted()
T7150 025:653.500 - 0.723ms returns FALSE
T7150 025:653.612 JLINK_IsHalted()
T7150 025:654.252 - 0.638ms returns FALSE
T7150 025:761.742 JLINK_IsHalted()
T7150 025:762.436 - 0.691ms returns FALSE
T7150 025:762.512 JLINK_IsHalted()
T7150 025:762.968 - 0.455ms returns FALSE
T7150 025:871.388 JLINK_IsHalted()
T7150 025:871.946 - 0.556ms returns FALSE
T7150 025:872.006 JLINK_IsHalted()
T7150 025:872.420 - 0.414ms returns FALSE
T7150 025:980.588 JLINK_IsHalted()
T7150 025:981.236 - 0.649ms returns FALSE
T7150 025:981.332 JLINK_IsHalted()
T7150 025:981.932 - 0.599ms returns FALSE
T7150 026:089.616 JLINK_IsHalted()
T7150 026:090.220 - 0.602ms returns FALSE
T7150 026:090.278 JLINK_IsHalted()
T7150 026:090.728 - 0.449ms returns FALSE
T7150 026:199.396 JLINK_IsHalted()
T7150 026:199.980 - 0.581ms returns FALSE
T7150 026:200.054 JLINK_IsHalted()
T7150 026:200.560 - 0.506ms returns FALSE
T9440 026:262.220 JLINK_IsHalted()
T9440 026:262.896 - 0.676ms returns FALSE
T9440 026:263.004 JLINK_IsHalted()
T9440 026:263.538 - 0.534ms returns FALSE
T7150 026:308.248 JLINK_IsHalted()
T7150 026:308.942 - 0.693ms returns FALSE
T7150 026:309.100 JLINK_IsHalted()
T7150 026:309.572 - 0.474ms returns FALSE
T7150 026:417.976 JLINK_IsHalted()
T7150 026:418.708 - 0.730ms returns FALSE
T7150 026:418.768 JLINK_IsHalted()
T7150 026:419.288 - 0.519ms returns FALSE
T7150 026:528.370 JLINK_IsHalted()
T7150 026:531.074 - 2.701ms returns FALSE
T7150 026:531.200 JLINK_IsHalted()
T7150 026:531.780 - 0.579ms returns FALSE
T7150 026:636.528 JLINK_IsHalted()
T7150 026:637.236 - 0.708ms returns FALSE
T7150 026:637.358 JLINK_IsHalted()
T7150 026:637.994 - 0.634ms returns FALSE
T7150 026:746.274 JLINK_IsHalted()
T7150 026:746.972 - 0.698ms returns FALSE
T7150 026:747.060 JLINK_IsHalted()
T7150 026:747.712 - 0.651ms returns FALSE
T7150 026:856.150 JLINK_IsHalted()
T7150 026:856.544 - 0.393ms returns FALSE
T7150 026:856.598 JLINK_IsHalted()
T7150 026:856.966 - 0.367ms returns FALSE
T7150 026:965.244 JLINK_IsHalted()
T7150 026:965.836 - 0.593ms returns FALSE
T7150 026:965.878 JLINK_IsHalted()
T7150 026:966.378 - 0.498ms returns FALSE
T7150 027:074.838 JLINK_IsHalted()
T7150 027:075.354 - 0.517ms returns FALSE
T7150 027:075.398 JLINK_IsHalted()
T7150 027:075.828 - 0.428ms returns FALSE
T7150 027:183.712 JLINK_IsHalted()
T7150 027:184.340 - 0.624ms returns FALSE
T7150 027:184.406 JLINK_IsHalted()
T7150 027:184.956 - 0.551ms returns FALSE
T9440 027:264.516 JLINK_IsHalted()
T9440 027:265.104 - 0.587ms returns FALSE
T9440 027:265.152 JLINK_IsHalted()
T9440 027:265.668 - 0.513ms returns FALSE
T7150 027:293.050 JLINK_IsHalted()
T7150 027:293.622 - 0.571ms returns FALSE
T7150 027:293.660 JLINK_IsHalted()
T7150 027:293.988 - 0.326ms returns FALSE
T7150 027:402.656 JLINK_IsHalted()
T7150 027:403.232 - 0.577ms returns FALSE
T7150 027:403.280 JLINK_IsHalted()
T7150 027:403.770 - 0.489ms returns FALSE
T7150 027:512.164 JLINK_IsHalted()
T7150 027:512.682 - 0.517ms returns FALSE
T7150 027:512.704 JLINK_IsHalted()
T7150 027:513.094 - 0.391ms returns FALSE
T7150 027:621.338 JLINK_IsHalted()
T7150 027:621.892 - 0.554ms returns FALSE
T7150 027:621.968 JLINK_IsHalted()
T7150 027:622.570 - 0.598ms returns FALSE
T7150 027:730.650 JLINK_IsHalted()
T7150 027:731.076 - 0.427ms returns FALSE
T7150 027:731.098 JLINK_IsHalted()
T7150 027:731.466 - 0.366ms returns FALSE
T7150 027:840.282 JLINK_IsHalted()
T7150 027:840.892 - 0.611ms returns FALSE
T7150 027:840.954 JLINK_IsHalted()
T7150 027:841.478 - 0.526ms returns FALSE
T7150 027:949.088 JLINK_IsHalted()
T7150 027:949.610 - 0.520ms returns FALSE
T7150 027:949.642 JLINK_IsHalted()
T7150 027:950.086 - 0.444ms returns FALSE
T7150 028:058.320 JLINK_IsHalted()
T7150 028:060.944 - 2.622ms returns FALSE
T7150 028:061.014 JLINK_IsHalted()
T7150 028:061.622 - 0.607ms returns FALSE
T7150 028:168.108 JLINK_IsHalted()
T7150 028:168.996 - 0.885ms returns FALSE
T7150 028:169.116 JLINK_IsHalted()
T7150 028:170.740 - 1.622ms returns FALSE
T9440 028:266.220 JLINK_IsHalted()
T9440 028:266.810 - 0.590ms returns FALSE
T9440 028:266.876 JLINK_IsHalted()
T9440 028:267.316 - 0.439ms returns FALSE
T7150 028:277.226 JLINK_IsHalted()
T7150 028:277.836 - 0.610ms returns FALSE
T7150 028:277.900 JLINK_IsHalted()
T7150 028:278.340 - 0.438ms returns FALSE
T7150 028:387.120 JLINK_IsHalted()
T7150 028:387.744 - 0.621ms returns FALSE
T7150 028:387.798 JLINK_IsHalted()
T7150 028:388.246 - 0.446ms returns FALSE
T7150 028:496.844 JLINK_IsHalted()
T7150 028:497.360 - 0.512ms returns FALSE
T7150 028:497.414 JLINK_IsHalted()
T7150 028:497.878 - 0.464ms returns FALSE
T7150 028:605.558 JLINK_IsHalted()
T7150 028:606.278 - 0.718ms returns FALSE
T7150 028:606.422 JLINK_IsHalted()
T7150 028:606.998 - 0.572ms returns FALSE
T7150 028:715.028 JLINK_IsHalted()
T7150 028:716.884 - 1.855ms returns FALSE
T7150 028:717.004 JLINK_IsHalted()
T7150 028:717.732 - 0.724ms returns FALSE
T7150 028:824.016 JLINK_IsHalted()
T7150 028:824.620 - 0.606ms returns FALSE
T7150 028:824.682 JLINK_IsHalted()
T7150 028:825.146 - 0.463ms returns FALSE
T7150 028:933.412 JLINK_IsHalted()
T7150 028:933.990 - 0.578ms returns FALSE
T7150 028:934.042 JLINK_IsHalted()
T7150 028:934.474 - 0.429ms returns FALSE
T7150 029:043.104 JLINK_IsHalted()
T7150 029:043.620 - 0.517ms returns FALSE
T7150 029:043.664 JLINK_IsHalted()
T7150 029:043.936 - 0.273ms returns FALSE
T7150 029:152.708 JLINK_IsHalted()
T7150 029:155.382 - 2.675ms returns FALSE
T7150 029:155.516 JLINK_IsHalted()
T7150 029:156.032 - 0.515ms returns FALSE
T7150 029:262.278 JLINK_IsHalted()
T7150 029:262.932 - 0.654ms returns FALSE
T7150 029:262.986 JLINK_IsHalted()
T7150 029:263.516 - 0.531ms returns FALSE
T9440 029:269.508 JLINK_IsHalted()
T9440 029:270.076 - 0.570ms returns FALSE
T9440 029:270.134 JLINK_IsHalted()
T9440 029:270.624 - 0.487ms returns FALSE
T7150 029:370.844 JLINK_IsHalted()
T7150 029:371.340 - 0.495ms returns FALSE
T7150 029:371.408 JLINK_IsHalted()
T7150 029:371.772 - 0.361ms returns FALSE
T7150 029:480.320 JLINK_IsHalted()
T7150 029:481.004 - 0.684ms returns FALSE
T7150 029:481.052 JLINK_IsHalted()
T7150 029:481.588 - 0.535ms returns FALSE
T7150 029:589.932 JLINK_IsHalted()
T7150 029:590.448 - 0.516ms returns FALSE
T7150 029:590.486 JLINK_IsHalted()
T7150 029:590.940 - 0.456ms returns FALSE
T7150 029:698.940 JLINK_IsHalted()
T7150 029:699.658 - 0.715ms returns FALSE
T7150 029:699.706 JLINK_IsHalted()
T7150 029:700.198 - 0.490ms returns FALSE
T7150 029:808.736 JLINK_IsHalted()
T7150 029:809.338 - 0.600ms returns FALSE
T7150 029:809.452 JLINK_IsHalted()
T7150 029:809.962 - 0.506ms returns FALSE
T7150 029:917.798 JLINK_IsHalted()
T7150 029:918.650 - 0.852ms returns FALSE
T7150 029:918.708 JLINK_IsHalted()
T7150 029:919.276 - 0.571ms returns FALSE
T7150 030:028.052 JLINK_IsHalted()
T7150 030:028.660 - 0.607ms returns FALSE
T7150 030:028.784 JLINK_IsHalted()
T7150 030:029.270 - 0.486ms returns FALSE
T7150 030:137.908 JLINK_IsHalted()
T7150 030:138.806 - 0.898ms returns FALSE
T7150 030:138.876 JLINK_IsHalted()
T7150 030:140.812 - 1.935ms returns FALSE
T7150 030:246.326 JLINK_IsHalted()
T7150 030:246.966 - 0.637ms returns FALSE
T7150 030:247.018 JLINK_IsHalted()
T7150 030:247.548 - 0.531ms returns FALSE
T9440 030:271.466 JLINK_IsHalted()
T9440 030:271.952 - 0.486ms returns FALSE
T9440 030:271.978 JLINK_IsHalted()
T9440 030:272.352 - 0.373ms returns FALSE
T7150 030:355.900 JLINK_IsHalted()
T7150 030:356.640 - 0.734ms returns FALSE
T7150 030:356.784 JLINK_IsHalted()
T7150 030:357.280 - 0.495ms returns FALSE
T7150 030:464.604 JLINK_IsHalted()
T7150 030:465.322 - 0.716ms returns FALSE
T7150 030:465.392 JLINK_IsHalted()
T7150 030:465.940 - 0.546ms returns FALSE
T7150 030:574.630 JLINK_IsHalted()
T7150 030:575.094 - 0.463ms returns FALSE
T7150 030:575.146 JLINK_IsHalted()
T7150 030:575.628 - 0.483ms returns FALSE
T7150 030:683.808 JLINK_IsHalted()
T7150 030:684.348 - 0.539ms returns FALSE
T7150 030:684.412 JLINK_IsHalted()
T7150 030:684.916 - 0.500ms returns FALSE
T7150 030:793.498 JLINK_IsHalted()
T7150 030:794.080 - 0.582ms returns FALSE
T7150 030:794.154 JLINK_IsHalted()
T7150 030:794.532 - 0.375ms returns FALSE
T7150 030:902.828 JLINK_IsHalted()
T7150 030:903.462 - 0.634ms returns FALSE
T7150 030:903.510 JLINK_IsHalted()
T7150 030:903.932 - 0.423ms returns FALSE
T7150 031:011.548 JLINK_IsHalted()
T7150 031:012.304 - 0.754ms returns FALSE
T7150 031:012.550 JLINK_IsHalted()
T7150 031:013.184 - 0.632ms returns FALSE
T7150 031:121.254 JLINK_IsHalted()
T7150 031:121.908 - 0.651ms returns FALSE
T7150 031:122.012 JLINK_IsHalted()
T7150 031:122.518 - 0.504ms returns FALSE
T7150 031:231.124 JLINK_IsHalted()
T7150 031:231.866 - 0.741ms returns FALSE
T7150 031:231.980 JLINK_IsHalted()
T7150 031:232.528 - 0.545ms returns FALSE
T9440 031:273.750 JLINK_IsHalted()
T9440 031:274.576 - 0.824ms returns FALSE
T9440 031:274.698 JLINK_IsHalted()
T9440 031:275.338 - 0.637ms returns FALSE
T7150 031:339.872 JLINK_IsHalted()
T7150 031:340.508 - 0.636ms returns FALSE
T7150 031:340.640 JLINK_IsHalted()
T7150 031:341.132 - 0.491ms returns FALSE
T7150 031:449.052 JLINK_IsHalted()
T7150 031:449.772 - 0.719ms returns FALSE
T7150 031:449.892 JLINK_IsHalted()
T7150 031:452.730 - 2.838ms returns FALSE
T7150 031:559.036 JLINK_IsHalted()
T7150 031:559.802 - 0.762ms returns FALSE
T7150 031:559.876 JLINK_IsHalted()
T7150 031:560.492 - 0.617ms returns FALSE
T7150 031:667.850 JLINK_IsHalted()
T7150 031:668.540 - 0.690ms returns FALSE
T7150 031:668.698 JLINK_IsHalted()
T7150 031:669.334 - 0.636ms returns FALSE
T7150 031:777.706 JLINK_IsHalted()
T7150 031:778.416 - 0.708ms returns FALSE
T7150 031:778.554 JLINK_IsHalted()
T7150 031:779.028 - 0.472ms returns FALSE
T7150 031:887.898 JLINK_IsHalted()
T7150 031:888.688 - 0.790ms returns FALSE
T7150 031:888.736 JLINK_IsHalted()
T7150 031:889.254 - 0.519ms returns FALSE
T7150 031:996.188 JLINK_IsHalted()
T7150 031:998.650 - 2.462ms returns FALSE
T7150 031:998.816 JLINK_IsHalted()
T7150 031:999.524 - 0.705ms returns FALSE
T7150 032:105.418 JLINK_IsHalted()
T7150 032:106.320 - 0.901ms returns FALSE
T7150 032:106.442 JLINK_IsHalted()
T7150 032:107.040 - 0.594ms returns FALSE
T7150 032:214.890 JLINK_IsHalted()
T7150 032:215.492 - 0.599ms returns FALSE
T7150 032:215.594 JLINK_IsHalted()
T7150 032:216.020 - 0.424ms returns FALSE
T9440 032:276.528 JLINK_IsHalted()
T9440 032:277.460 - 0.929ms returns FALSE
T9440 032:277.588 JLINK_IsHalted()
T9440 032:278.128 - 0.538ms returns FALSE
T7150 032:324.172 JLINK_IsHalted()
T7150 032:324.812 - 0.638ms returns FALSE
T7150 032:324.948 JLINK_IsHalted()
T7150 032:325.626 - 0.677ms returns FALSE
T7150 032:433.296 JLINK_IsHalted()
T7150 032:434.000 - 0.703ms returns FALSE
T7150 032:434.138 JLINK_IsHalted()
T7150 032:434.800 - 0.662ms returns FALSE
T7150 032:542.922 JLINK_IsHalted()
T7150 032:543.526 - 0.605ms returns FALSE
T7150 032:543.606 JLINK_IsHalted()
T7150 032:544.234 - 0.624ms returns FALSE
T7150 032:652.308 JLINK_IsHalted()
T7150 032:653.012 - 0.704ms returns FALSE
T7150 032:653.068 JLINK_IsHalted()
T7150 032:653.568 - 0.499ms returns FALSE
T7150 032:762.374 JLINK_IsHalted()
T7150 032:762.966 - 0.590ms returns FALSE
T7150 032:763.008 JLINK_IsHalted()
T7150 032:763.548 - 0.537ms returns FALSE
T7150 032:871.142 JLINK_IsHalted()
T7150 032:871.748 - 0.603ms returns FALSE
T7150 032:871.930 JLINK_IsHalted()
T7150 032:872.516 - 0.583ms returns FALSE
T7150 032:980.774 JLINK_IsHalted()
T7150 032:981.388 - 0.612ms returns FALSE
T7150 032:981.430 JLINK_IsHalted()
T7150 032:981.856 - 0.424ms returns FALSE
T7150 033:089.910 JLINK_IsHalted()
T7150 033:090.480 - 0.568ms returns FALSE
T7150 033:090.544 JLINK_IsHalted()
T7150 033:090.928 - 0.383ms returns FALSE
T7150 033:199.830 JLINK_IsHalted()
T7150 033:200.518 - 0.687ms returns FALSE
T7150 033:200.662 JLINK_IsHalted()
T7150 033:201.178 - 0.512ms returns FALSE
T9440 033:278.672 JLINK_IsHalted()
T9440 033:279.238 - 0.567ms returns FALSE
T9440 033:279.280 JLINK_IsHalted()
T9440 033:279.740 - 0.460ms returns FALSE
T7150 033:308.580 JLINK_IsHalted()
T7150 033:309.140 - 0.561ms returns FALSE
T7150 033:309.184 JLINK_IsHalted()
T7150 033:309.580 - 0.395ms returns FALSE
T7150 033:418.112 JLINK_IsHalted()
T7150 033:418.922 - 0.806ms returns FALSE
T7150 033:419.012 JLINK_IsHalted()
T7150 033:419.546 - 0.532ms returns FALSE
T7150 033:527.468 JLINK_IsHalted()
T7150 033:527.974 - 0.505ms returns FALSE
T7150 033:528.016 JLINK_IsHalted()
T7150 033:528.346 - 0.328ms returns FALSE
T7150 033:636.936 JLINK_IsHalted()
T7150 033:637.616 - 0.682ms returns FALSE
T7150 033:637.740 JLINK_IsHalted()
T7150 033:638.312 - 0.570ms returns FALSE
T7150 033:745.996 JLINK_IsHalted()
T7150 033:746.536 - 0.535ms returns FALSE
T7150 033:746.588 JLINK_IsHalted()
T7150 033:747.052 - 0.465ms returns FALSE
T7150 033:855.292 JLINK_IsHalted()
T7150 033:855.848 - 0.552ms returns FALSE
T7150 033:855.872 JLINK_IsHalted()
T7150 033:856.296 - 0.424ms returns FALSE
T7150 033:964.600 JLINK_IsHalted()
T7150 033:965.220 - 0.617ms returns FALSE
T7150 033:965.264 JLINK_IsHalted()
T7150 033:965.804 - 0.541ms returns FALSE
T7150 034:074.776 JLINK_IsHalted()
T7150 034:075.228 - 0.450ms returns FALSE
T7150 034:075.272 JLINK_IsHalted()
T7150 034:075.624 - 0.349ms returns FALSE
T7150 034:129.984 JLINK_ResetPullsRESET(ON)
T7150 034:130.060 - 0.079ms 
T7150 034:130.096 JLINK_Halt()
T7150 034:132.692 - 2.597ms returns 0x00
T7150 034:132.740 JLINK_IsHalted()
T7150 034:132.756 - 0.016ms returns TRUE
T7150 034:132.772 JLINK_Reset()
T7150 034:132.792   Memory map 'before startup completion point' is active
T7150 034:132.816   JLINK_GetResetTypeDesc
T7150 034:132.832   - 0.016ms 
T7150 034:132.848   Reset type: CONNECT UNDER RESET (https://kb.segger.com/J-Link_Reset_Strategies)
T7150 034:132.868   CPU_WriteMem(4 bytes @ 0xE000EDF0)
T7150 034:133.152   CPU_ReadMem(4 bytes @ 0xE000ED44)
T7150 034:133.432   CPU_WriteMem(4 bytes @ 0xE000EDFC)
T7150 034:133.752   Reset: Halt core after reset via DEMCR.VC_CORERESET.
T7150 034:134.132   Reset: Reset device via AIRCR.SYSRESETREQ.
T7150 034:134.168   CPU_WriteMem(4 bytes @ 0xE000ED0C)
T7150 034:188.376   CPU_ReadMem(4 bytes @ 0xE000EDF0)
T7150 034:188.840   CPU_ReadMem(4 bytes @ 0xE000EDF0)
T7150 034:189.432   CPU_WriteMem(4 bytes @ 0xE000EDFC)
T7150 034:195.708   CPU_ReadMem(4 bytes @ 0xE000EDF0)
T7150 034:199.588   CPU_WriteMem(4 bytes @ 0xE0002000)
T7150 034:200.260   CPU_ReadMem(4 bytes @ 0xE000EDFC)
T7150 034:200.792   CPU_ReadMem(4 bytes @ 0xE0001000)
T7150 034:201.404   CPU_WriteMem(4 bytes @ 0xE0001000)
T7150 034:202.060   CPU_ReadMem(4 bytes @ 0xE000EE08)
T7150 034:202.608 - 69.834ms 
T7150 034:202.744 JLINK_SetEndian(ARM_ENDIAN_LITTLE)
T7150 034:202.828 - 0.083ms returns 0
T7150 034:204.472 JLINK_IsHalted()
T7150 034:204.560 - 0.084ms returns TRUE
T7150 034:204.628 JLINK_ReadReg(XPSR)
T7150 034:204.696   CPU_ReadMem(4 bytes @ 0xE000EE08)
T7150 034:205.228 - 0.598ms returns 0x61000000
T7150 034:205.352 JLINK_ReadReg(R15 (PC))
T7150 034:205.416 - 0.063ms returns 0x00000124
T7150 034:205.484 JLINK_ReadReg(XPSR)
T7150 034:205.544 - 0.058ms returns 0x61000000
T7150 034:205.604 JLINK_ReadReg(XPSR)
T7150 034:205.660 - 0.055ms returns 0x61000000
T7150 034:205.712 JLINK_ReadReg(R15 (PC))
T7150 034:205.768 - 0.052ms returns 0x00000124
T7150 034:205.820 JLINK_ReadReg(XPSR)
T7150 034:205.876 - 0.053ms returns 0x61000000
T7150 034:205.928 JLINK_ReadReg(XPSR)
T7150 034:205.984 - 0.054ms returns 0x61000000
T7150 034:206.040 JLINK_ReadMem(0x00000124, 0x1 Bytes, ...)
T7150 034:206.108    -- Read from flash cache (1 bytes @ 0x00000124)
T7150 034:206.188   Data:  10
T7150 034:206.264 - 0.227ms returns 0
T7150 034:206.324 JLINK_IsHalted()
T7150 034:206.376 - 0.051ms returns TRUE
T7150 034:206.432 JLINK_ReadReg(XPSR)
T7150 034:206.504 - 0.071ms returns 0x61000000
T7150 034:206.588 JLINK_ReadReg(XPSR)
T7150 034:206.668 - 0.080ms returns 0x61000000
T7150 034:206.716 JLINK_ReadReg(R15 (PC))
T7150 034:206.744 - 0.023ms returns 0x00000124
T7150 034:206.768 JLINK_ReadReg(XPSR)
T7150 034:206.792 - 0.024ms returns 0x61000000
T7150 034:206.824 JLINK_ReadReg(XPSR)
T7150 034:206.976 - 0.150ms returns 0x61000000
T7150 034:207.008 JLINK_ReadMem(0x00000124, 0x1 Bytes, ...)
T7150 034:207.052    -- Read from flash cache (1 bytes @ 0x00000124)
T7150 034:207.120   Data:  10
T7150 034:207.164 - 0.156ms returns 0
T7150 034:207.244 JLINK_IsHalted()
T7150 034:207.264 - 0.020ms returns TRUE
T7150 034:207.300 JLINK_ReadReg(XPSR)
T7150 034:207.320 - 0.024ms returns 0x61000000
T7150 034:207.348 JLINK_ReadReg(R15 (PC))
T7150 034:207.376 - 0.026ms returns 0x00000124
T7150 034:207.396 JLINK_ReadReg(XPSR)
T7150 034:207.432 - 0.035ms returns 0x61000000
T7150 034:207.456 JLINK_ReadReg(XPSR)
T7150 034:207.480 - 0.028ms returns 0x61000000
T7150 034:207.504 JLINK_ReadReg(R15 (PC))
T7150 034:207.524 - 0.020ms returns 0x00000124
T7150 034:207.544 JLINK_ReadReg(XPSR)
T7150 034:207.560 - 0.018ms returns 0x61000000
T7150 034:207.584 JLINK_ReadReg(XPSR)
T7150 034:207.608 - 0.022ms returns 0x61000000
T7150 034:207.628 JLINK_ReadMem(0x00000124, 0x1 Bytes, ...)
T7150 034:207.652    -- Read from flash cache (1 bytes @ 0x00000124)
T7150 034:207.680   Data:  10
T7150 034:207.708 - 0.078ms returns 0
T7150 034:207.724 JLINK_IsHalted()
T7150 034:207.744 - 0.018ms returns TRUE
T7150 034:207.760 JLINK_ReadReg(XPSR)
T7150 034:207.780 - 0.016ms returns 0x61000000
T7150 034:207.808 JLINK_ReadReg(XPSR)
T7150 034:207.824 - 0.017ms returns 0x61000000
T7150 034:207.840 JLINK_ReadReg(R15 (PC))
T7150 034:207.860 - 0.017ms returns 0x00000124
T7150 034:207.876 JLINK_ReadReg(XPSR)
T7150 034:207.896 - 0.017ms returns 0x61000000
T7150 034:207.912 JLINK_ReadReg(XPSR)
T7150 034:207.944 - 0.031ms returns 0x61000000
T7150 034:207.964 JLINK_ReadMem(0x00000124, 0x1 Bytes, ...)
T7150 034:207.984    -- Read from flash cache (1 bytes @ 0x00000124)
T7150 034:208.008   Data:  10
T7150 034:208.028 - 0.066ms returns 0
T7150 034:209.288 JLINK_ReadRegs(NumRegs = 22)
T7150 034:209.372   
  R0 (0)        = 0x4FFC               R1 (1)        = 0x00                 R2 (2)        = 0x00                 R3 (3)        = 0x00              
  R4 (4)        = 0xA15C               R5 (5)        = 0x00                 R6 (6)        = 0x20006A68           R7 (7)        = 0xFFFFFFFF        
  R8 (8)        = 0xEF4                R9 (9)        = 0x40008660           R10 (10)      = 0x00                 R11 (11)      = 0x00              
  R12 (12)      = 0x0A                 R13 (SP) (13) = 0x20004E38           R14 (14)      = 0xEF4                R15 (PC) (15) = 0x124             
  XPSR (16)     = 0x61000000           MSPLIM (86)   = 0x00                 PSPLIM (87)   = 0x00                 CFBP (20)     = 0x00              
  R0 (0)        = 0x4FFC               R1 (1)        = 0x00              
T7150 034:209.408 - 0.121ms returns 0x00
T7150 034:211.064 JLINK_ReadMem(0x00000124, 0x4 Bytes, ...)
T7150 034:211.140    -- Read from flash cache (4 bytes @ 0x00000124)
T7150 034:211.172   Data:  10 B5 00 F0
T7150 034:211.204 - 0.141ms returns 0
T9440 034:213.696 JLINK_IsHalted()
T9440 034:213.760 - 0.064ms returns TRUE
T9440 034:213.780 JLINK_ReadReg(XPSR)
T9440 034:213.800 - 0.023ms returns 0x61000000
T9440 034:213.816 JLINK_ReadReg(R15 (PC))
T9440 034:213.836 - 0.017ms returns 0x00000124
T9440 034:213.856 JLINK_ReadReg(XPSR)
T9440 034:213.872 - 0.016ms returns 0x61000000
T9440 034:213.888 JLINK_ReadReg(XPSR)
T9440 034:213.904 - 0.015ms returns 0x61000000
T9440 034:213.920 JLINK_ReadReg(R15 (PC))
T9440 034:213.936 - 0.016ms returns 0x00000124
T9440 034:213.952 JLINK_ReadReg(XPSR)
T9440 034:213.968 - 0.016ms returns 0x61000000
T9440 034:213.984 JLINK_ReadReg(XPSR)
T9440 034:214.004 - 0.016ms returns 0x61000000
T9440 034:214.020 JLINK_ReadMem(0x00000124, 0x1 Bytes, ...)
T9440 034:214.036    -- Read from flash cache (1 bytes @ 0x00000124)
T9440 034:214.060   Data:  10
T9440 034:214.084 - 0.065ms returns 0
T9440 034:214.104 JLINK_IsHalted()
T9440 034:214.120 - 0.015ms returns TRUE
T9440 034:214.136 JLINK_ReadReg(XPSR)
T9440 034:214.152 - 0.016ms returns 0x61000000
T9440 034:214.168 JLINK_ReadReg(XPSR)
T9440 034:214.184 - 0.016ms returns 0x61000000
T9440 034:214.200 JLINK_ReadReg(R15 (PC))
T9440 034:214.216 - 0.017ms returns 0x00000124
T9440 034:214.232 JLINK_ReadReg(XPSR)
T9440 034:214.248 - 0.016ms returns 0x61000000
T9440 034:214.268 JLINK_ReadReg(XPSR)
T9440 034:214.284 - 0.015ms returns 0x61000000
T9440 034:214.300 JLINK_ReadMem(0x00000124, 0x1 Bytes, ...)
T9440 034:214.316    -- Read from flash cache (1 bytes @ 0x00000124)
T9440 034:214.340   Data:  10
T9440 034:214.360 - 0.061ms returns 0
T7150 034:239.192 JLINK_ReadMem(0x00000124, 0x4 Bytes, ...)
T7150 034:239.300    -- Read from flash cache (4 bytes @ 0x00000124)
T7150 034:239.336   Data:  10 B5 00 F0
T7150 034:239.372 - 0.183ms returns 0
T7150 044:635.352 JLINK_IsHalted()
T7150 044:635.736 - 0.378ms returns TRUE
T7150 044:635.784 JLINK_GoEx(MaxEmulInsts = 0, Flags = 0x01)
T7150 044:635.812   CPU_ReadMem(4 bytes @ 0xE0001000)
T7150 044:636.160   CPU_WriteMem(4 bytes @ 0xE0001000)
T7150 044:636.536   CPU_WriteMem(4 bytes @ 0xE0002008)
T7150 044:636.584   CPU_WriteMem(4 bytes @ 0xE000200C)
T7150 044:636.612   CPU_WriteMem(4 bytes @ 0xE0002010)
T7150 044:636.644   CPU_WriteMem(4 bytes @ 0xE0002014)
T7150 044:637.464   CPU_WriteMem(4 bytes @ 0xE0001004)
T7150 044:638.312   Memory map 'after startup completion point' is active
T7150 044:638.344 - 2.560ms 
T7150 044:746.412 JLINK_IsHalted()
T7150 044:746.932 - 0.516ms returns FALSE
T7150 044:747.012 JLINK_IsHalted()
T7150 044:747.368 - 0.358ms returns FALSE
T7150 044:855.560 JLINK_IsHalted()
T7150 044:856.152 - 0.589ms returns FALSE
T7150 044:856.196 JLINK_IsHalted()
T7150 044:856.712 - 0.512ms returns FALSE
T7150 044:965.048 JLINK_IsHalted()
T7150 044:965.416 - 0.365ms returns FALSE
T7150 044:965.440 JLINK_IsHalted()
T7150 044:965.764 - 0.322ms returns FALSE
T7150 045:074.512 JLINK_IsHalted()
T7150 045:075.028 - 0.514ms returns FALSE
T7150 045:075.072 JLINK_IsHalted()
T7150 045:075.512 - 0.440ms returns FALSE
T7150 045:184.024 JLINK_IsHalted()
T7150 045:184.640 - 0.619ms returns FALSE
T7150 045:184.680 JLINK_IsHalted()
T7150 045:185.112 - 0.427ms returns FALSE
T7150 045:293.424 JLINK_IsHalted()
T7150 045:293.852 - 0.430ms returns FALSE
T7150 045:293.896 JLINK_IsHalted()
T7150 045:294.220 - 0.323ms returns FALSE
T7150 045:402.088 JLINK_IsHalted()
T7150 045:402.600 - 0.510ms returns FALSE
T7150 045:402.636 JLINK_IsHalted()
T7150 045:405.080 - 2.442ms returns FALSE
T7150 045:511.576 JLINK_IsHalted()
T7150 045:512.160 - 0.581ms returns FALSE
T7150 045:512.208 JLINK_IsHalted()
T7150 045:512.680 - 0.467ms returns FALSE
T7150 045:621.444 JLINK_IsHalted()
T7150 045:622.136 - 0.694ms returns FALSE
T7150 045:622.184 JLINK_IsHalted()
T7150 045:622.728 - 0.537ms returns FALSE
T9440 045:638.024 JLINK_IsHalted()
T9440 045:638.520 - 0.493ms returns FALSE
T9440 045:638.568 JLINK_IsHalted()
T9440 045:639.016 - 0.452ms returns FALSE
T7150 045:731.108 JLINK_IsHalted()
T7150 045:731.640 - 0.532ms returns FALSE
T7150 045:731.680 JLINK_IsHalted()
T7150 045:732.100 - 0.417ms returns FALSE
T7150 045:839.808 JLINK_IsHalted()
T7150 045:840.484 - 0.673ms returns FALSE
T7150 045:840.532 JLINK_IsHalted()
T7150 045:841.080 - 0.545ms returns FALSE
T7150 045:949.448 JLINK_IsHalted()
T7150 045:950.008 - 0.559ms returns FALSE
T7150 045:950.044 JLINK_IsHalted()
T7150 045:950.524 - 0.478ms returns FALSE
T7150 046:058.260 JLINK_IsHalted()
T7150 046:058.764 - 0.505ms returns FALSE
T7150 046:058.808 JLINK_IsHalted()
T7150 046:059.204 - 0.395ms returns FALSE
T7150 046:168.060 JLINK_IsHalted()
T7150 046:168.744 - 0.682ms returns FALSE
T7150 046:168.824 JLINK_IsHalted()
T7150 046:169.296 - 0.474ms returns FALSE
T7150 046:277.968 JLINK_IsHalted()
T7150 046:278.584 - 0.614ms returns FALSE
T7150 046:278.628 JLINK_IsHalted()
T7150 046:279.124 - 0.492ms returns FALSE
T7150 046:386.668 JLINK_IsHalted()
T7150 046:387.212 - 0.543ms returns FALSE
T7150 046:387.292 JLINK_IsHalted()
T7150 046:387.672 - 0.381ms returns FALSE
T7150 046:496.496 JLINK_IsHalted()
T7150 046:496.968 - 0.472ms returns FALSE
T7150 046:497.012 JLINK_IsHalted()
T7150 046:497.440 - 0.430ms returns FALSE
T7150 046:606.168 JLINK_IsHalted()
T7150 046:606.760 - 0.593ms returns FALSE
T7150 046:606.804 JLINK_IsHalted()
T7150 046:607.256 - 0.454ms returns FALSE
T9440 046:639.624 JLINK_IsHalted()
T9440 046:640.152 - 0.530ms returns FALSE
T9440 046:640.216 JLINK_IsHalted()
T9440 046:640.640 - 0.425ms returns FALSE
T7150 046:715.368 JLINK_IsHalted()
T7150 046:715.996 - 0.626ms returns FALSE
T7150 046:716.040 JLINK_IsHalted()
T7150 046:716.520 - 0.482ms returns FALSE
T7150 046:824.176 JLINK_IsHalted()
T7150 046:824.776 - 0.598ms returns FALSE
T7150 046:824.812 JLINK_IsHalted()
T7150 046:825.280 - 0.465ms returns FALSE
T7150 046:933.912 JLINK_IsHalted()
T7150 046:937.308 - 3.391ms returns FALSE
T7150 046:937.432 JLINK_IsHalted()
T7150 046:937.836 - 0.406ms returns FALSE
T7150 047:043.520 JLINK_IsHalted()
T7150 047:044.080 - 0.557ms returns FALSE
T7150 047:044.124 JLINK_IsHalted()
T7150 047:044.512 - 0.386ms returns FALSE
T7150 047:152.460 JLINK_IsHalted()
T7150 047:153.016 - 0.553ms returns FALSE
T7150 047:155.484 JLINK_IsHalted()
T7150 047:156.044 - 0.560ms returns FALSE
T7150 047:262.080 JLINK_IsHalted()
T7150 047:262.660 - 0.580ms returns FALSE
T7150 047:262.696 JLINK_IsHalted()
T7150 047:263.132 - 0.433ms returns FALSE
T7150 047:370.964 JLINK_IsHalted()
T7150 047:371.560 - 0.598ms returns FALSE
T7150 047:371.664 JLINK_IsHalted()
T7150 047:372.248 - 0.583ms returns FALSE
T7150 047:480.516 JLINK_IsHalted()
T7150 047:481.288 - 0.768ms returns FALSE
T7150 047:481.456 JLINK_IsHalted()
T7150 047:481.984 - 0.527ms returns FALSE
T7150 047:589.604 JLINK_IsHalted()
T7150 047:590.152 - 0.551ms returns FALSE
T7150 047:590.252 JLINK_IsHalted()
T7150 047:590.632 - 0.379ms returns FALSE
T9440 047:642.568 JLINK_IsHalted()
T9440 047:644.288 - 1.715ms returns FALSE
T9440 047:644.364 JLINK_IsHalted()
T9440 047:644.880 - 0.514ms returns FALSE
T7150 047:699.576 JLINK_IsHalted()
T7150 047:700.244 - 0.665ms returns FALSE
T7150 047:700.344 JLINK_IsHalted()
T7150 047:700.972 - 0.629ms returns FALSE
T7150 047:808.428 JLINK_IsHalted()
T7150 047:809.012 - 0.582ms returns FALSE
T7150 047:809.092 JLINK_IsHalted()
T7150 047:809.480 - 0.389ms returns FALSE
T7150 047:918.168 JLINK_IsHalted()
T7150 047:918.664 - 0.493ms returns FALSE
T7150 047:918.712 JLINK_IsHalted()
T7150 047:919.136 - 0.423ms returns FALSE
T7150 048:027.492 JLINK_IsHalted()
T7150 048:028.056 - 0.564ms returns FALSE
T7150 048:028.128 JLINK_IsHalted()
T7150 048:028.604 - 0.474ms returns FALSE
T7150 048:136.460 JLINK_IsHalted()
T7150 048:137.064 - 0.601ms returns FALSE
T7150 048:137.104 JLINK_IsHalted()
T7150 048:137.644 - 0.542ms returns FALSE
T7150 048:246.048 JLINK_IsHalted()
T7150 048:246.712 - 0.660ms returns FALSE
T7150 048:246.732 JLINK_IsHalted()
T7150 048:247.120 - 0.370ms returns FALSE
T7150 048:355.396 JLINK_IsHalted()
T7150 048:355.908 - 0.513ms returns FALSE
T7150 048:355.956 JLINK_IsHalted()
T7150 048:356.340 - 0.385ms returns FALSE
T7150 048:465.324 JLINK_IsHalted()
T7150 048:465.872 - 0.547ms returns FALSE
T7150 048:465.920 JLINK_IsHalted()
T7150 048:466.344 - 0.425ms returns FALSE
T7150 048:574.440 JLINK_IsHalted()
T7150 048:575.028 - 0.590ms returns FALSE
T7150 048:575.112 JLINK_IsHalted()
T7150 048:575.708 - 0.596ms returns FALSE
T9440 048:646.720 JLINK_IsHalted()
T9440 048:647.232 - 0.511ms returns FALSE
T9440 048:647.276 JLINK_IsHalted()
T9440 048:647.736 - 0.454ms returns FALSE
T7150 048:683.348 JLINK_IsHalted()
T7150 048:683.816 - 0.471ms returns FALSE
T7150 048:683.860 JLINK_IsHalted()
T7150 048:684.260 - 0.399ms returns FALSE
T7150 048:793.480 JLINK_IsHalted()
T7150 048:794.056 - 0.578ms returns FALSE
T7150 048:794.096 JLINK_IsHalted()
T7150 048:794.536 - 0.439ms returns FALSE
T7150 048:902.104 JLINK_IsHalted()
T7150 048:902.648 - 0.540ms returns FALSE
T7150 048:902.700 JLINK_IsHalted()
T7150 048:903.228 - 0.526ms returns FALSE
T7150 049:011.920 JLINK_IsHalted()
T7150 049:012.604 - 0.681ms returns FALSE
T7150 049:012.676 JLINK_IsHalted()
T7150 049:013.156 - 0.479ms returns FALSE
T7150 049:121.652 JLINK_IsHalted()
T7150 049:122.344 - 0.693ms returns FALSE
T7150 049:122.432 JLINK_IsHalted()
T7150 049:123.032 - 0.595ms returns FALSE
T7150 049:230.488 JLINK_IsHalted()
T7150 049:231.188 - 0.699ms returns FALSE
T7150 049:231.276 JLINK_IsHalted()
T7150 049:233.548 - 2.270ms returns FALSE
T7150 049:340.448 JLINK_IsHalted()
T7150 049:341.072 - 0.623ms returns FALSE
T7150 049:341.112 JLINK_IsHalted()
T7150 049:341.552 - 0.439ms returns FALSE
T7150 049:449.480 JLINK_IsHalted()
T7150 049:450.060 - 0.572ms returns FALSE
T7150 049:450.124 JLINK_IsHalted()
T7150 049:450.520 - 0.394ms returns FALSE
T7150 049:558.744 JLINK_IsHalted()
T7150 049:559.484 - 0.740ms returns FALSE
T7150 049:559.580 JLINK_IsHalted()
T7150 049:561.536 - 1.955ms returns FALSE
T9440 049:648.236 JLINK_IsHalted()
T9440 049:648.888 - 0.649ms returns FALSE
T9440 049:648.952 JLINK_IsHalted()
T9440 049:649.416 - 0.462ms returns FALSE
T7150 049:668.160 JLINK_IsHalted()
T7150 049:671.220 - 3.060ms returns FALSE
T7150 049:671.320 JLINK_IsHalted()
T7150 049:671.888 - 0.569ms returns FALSE
T7150 049:777.128 JLINK_IsHalted()
T7150 049:779.764 - 2.636ms returns FALSE
T7150 049:779.816 JLINK_IsHalted()
T7150 049:780.268 - 0.452ms returns FALSE
T7150 049:887.144 JLINK_IsHalted()
T7150 049:887.564 - 0.418ms returns FALSE
T7150 049:887.636 JLINK_IsHalted()
T7150 049:887.992 - 0.359ms returns FALSE
T7150 049:996.056 JLINK_IsHalted()
T7150 049:996.616 - 0.563ms returns FALSE
T7150 049:996.664 JLINK_IsHalted()
T7150 049:997.140 - 0.473ms returns FALSE
T7150 050:106.056 JLINK_IsHalted()
T7150 050:106.740 - 0.685ms returns FALSE
T7150 050:106.784 JLINK_IsHalted()
T7150 050:107.224 - 0.438ms returns FALSE
T7150 050:215.080 JLINK_IsHalted()
T7150 050:215.844 - 0.764ms returns FALSE
T7150 050:215.960 JLINK_IsHalted()
T7150 050:216.356 - 0.394ms returns FALSE
T7150 050:324.668 JLINK_IsHalted()
T7150 050:325.232 - 0.560ms returns FALSE
T7150 050:325.280 JLINK_IsHalted()
T7150 050:325.800 - 0.518ms returns FALSE
T7150 050:433.448 JLINK_IsHalted()
T7150 050:434.104 - 0.657ms returns FALSE
T7150 050:434.200 JLINK_IsHalted()
T7150 050:435.864 - 1.660ms returns FALSE
T7150 050:543.264 JLINK_IsHalted()
T7150 050:543.840 - 0.573ms returns FALSE
T7150 050:543.900 JLINK_IsHalted()
T7150 050:544.416 - 0.513ms returns FALSE
T9440 050:651.040 JLINK_IsHalted()
T9440 050:651.612 - 0.571ms returns FALSE
T9440 050:651.656 JLINK_IsHalted()
T9440 050:652.196 - 0.540ms returns FALSE
T7150 050:652.568 JLINK_IsHalted()
T7150 050:653.088 - 0.521ms returns FALSE
T7150 050:653.112 JLINK_IsHalted()
T7150 050:653.560 - 0.449ms returns FALSE
T7150 050:761.784 JLINK_IsHalted()
T7150 050:762.152 - 0.367ms returns FALSE
T7150 050:762.180 JLINK_IsHalted()
T7150 050:762.468 - 0.288ms returns FALSE
T7150 050:872.356 JLINK_IsHalted()
T7150 050:873.172 - 0.814ms returns FALSE
T7150 050:873.304 JLINK_IsHalted()
T7150 050:873.928 - 0.617ms returns FALSE
T7150 050:980.360 JLINK_IsHalted()
T7150 050:981.004 - 0.644ms returns FALSE
T7150 050:981.048 JLINK_IsHalted()
T7150 050:981.560 - 0.509ms returns FALSE
T7150 051:090.328 JLINK_IsHalted()
T7150 051:090.780 - 0.453ms returns FALSE
T7150 051:090.820 JLINK_IsHalted()
T7150 051:091.248 - 0.429ms returns FALSE
T7150 051:199.360 JLINK_IsHalted()
T7150 051:199.984 - 0.622ms returns FALSE
T7150 051:200.024 JLINK_IsHalted()
T7150 051:200.552 - 0.524ms returns FALSE
T7150 051:309.144 JLINK_IsHalted()
T7150 051:309.832 - 0.682ms returns FALSE
T7150 051:309.896 JLINK_IsHalted()
T7150 051:310.444 - 0.546ms returns FALSE
T7150 051:417.844 JLINK_IsHalted()
T7150 051:418.376 - 0.529ms returns FALSE
T7150 051:418.424 JLINK_IsHalted()
T7150 051:418.916 - 0.493ms returns FALSE
T7150 051:526.964 JLINK_IsHalted()
T7150 051:527.468 - 0.507ms returns FALSE
T7150 051:527.492 JLINK_IsHalted()
T7150 051:527.852 - 0.360ms returns FALSE
T7150 051:637.016 JLINK_IsHalted()
T7150 051:637.620 - 0.604ms returns FALSE
T7150 051:637.680 JLINK_IsHalted()
T7150 051:638.264 - 0.579ms returns FALSE
T9440 051:652.536 JLINK_IsHalted()
T9440 051:653.224 - 0.685ms returns FALSE
T9440 051:653.288 JLINK_IsHalted()
T9440 051:653.816 - 0.527ms returns FALSE
T7150 051:745.992 JLINK_IsHalted()
T7150 051:746.512 - 0.520ms returns FALSE
T7150 051:746.536 JLINK_IsHalted()
T7150 051:746.856 - 0.318ms returns FALSE
T7150 051:855.228 JLINK_IsHalted()
T7150 051:855.956 - 0.725ms returns FALSE
T7150 051:856.056 JLINK_IsHalted()
T7150 051:856.776 - 0.718ms returns FALSE
T7150 051:965.012 JLINK_IsHalted()
T7150 051:965.652 - 0.638ms returns FALSE
T7150 051:965.704 JLINK_IsHalted()
T7150 051:966.296 - 0.595ms returns FALSE
T7150 052:074.796 JLINK_IsHalted()
T7150 052:075.348 - 0.547ms returns FALSE
T7150 052:075.412 JLINK_IsHalted()
T7150 052:075.896 - 0.488ms returns FALSE
T7150 052:183.476 JLINK_IsHalted()
T7150 052:184.140 - 0.664ms returns FALSE
T7150 052:184.256 JLINK_IsHalted()
T7150 052:184.836 - 0.576ms returns FALSE
T7150 052:292.724 JLINK_IsHalted()
T7150 052:293.320 - 0.592ms returns FALSE
T7150 052:293.336 JLINK_IsHalted()
T7150 052:293.760 - 0.420ms returns FALSE
T7150 052:401.976 JLINK_IsHalted()
T7150 052:402.596 - 0.621ms returns FALSE
T7150 052:402.644 JLINK_IsHalted()
T7150 052:403.124 - 0.479ms returns FALSE
T7150 052:511.808 JLINK_IsHalted()
T7150 052:512.376 - 0.569ms returns FALSE
T7150 052:512.416 JLINK_IsHalted()
T7150 052:512.836 - 0.421ms returns FALSE
T7150 052:621.676 JLINK_IsHalted()
T7150 052:622.268 - 0.591ms returns FALSE
T7150 052:622.328 JLINK_IsHalted()
T7150 052:622.792 - 0.466ms returns FALSE
T9440 052:654.900 JLINK_IsHalted()
T9440 052:655.560 - 0.659ms returns FALSE
T9440 052:655.644 JLINK_IsHalted()
T9440 052:656.040 - 0.394ms returns FALSE
T7150 052:730.932 JLINK_IsHalted()
T7150 052:731.640 - 0.708ms returns FALSE
T7150 052:731.724 JLINK_IsHalted()
T7150 052:732.216 - 0.491ms returns FALSE
T7150 052:840.340 JLINK_IsHalted()
T7150 052:841.112 - 0.773ms returns FALSE
T7150 052:841.264 JLINK_IsHalted()
T7150 052:841.828 - 0.560ms returns FALSE
T7150 052:949.024 JLINK_IsHalted()
T7150 052:949.716 - 0.690ms returns FALSE
T7150 052:949.796 JLINK_IsHalted()
T7150 052:950.320 - 0.521ms returns FALSE
T7150 053:059.160 JLINK_IsHalted()
T7150 053:059.828 - 0.664ms returns FALSE
T7150 053:059.928 JLINK_IsHalted()
T7150 053:060.360 - 0.426ms returns FALSE
T7150 053:168.124 JLINK_IsHalted()
T7150 053:168.664 - 0.538ms returns FALSE
T7150 053:168.776 JLINK_IsHalted()
T7150 053:169.144 - 0.366ms returns FALSE
T7150 053:277.856 JLINK_IsHalted()
T7150 053:278.528 - 0.669ms returns FALSE
T7150 053:278.668 JLINK_IsHalted()
T7150 053:279.276 - 0.607ms returns FALSE
T7150 053:386.484 JLINK_IsHalted()
T7150 053:387.048 - 0.564ms returns FALSE
T7150 053:387.180 JLINK_IsHalted()
T7150 053:387.644 - 0.462ms returns FALSE
T7150 053:496.280 JLINK_IsHalted()
T7150 053:496.852 - 0.574ms returns FALSE
T7150 053:496.936 JLINK_IsHalted()
T7150 053:497.432 - 0.497ms returns FALSE
T7150 053:606.004 JLINK_IsHalted()
T7150 053:606.760 - 0.755ms returns FALSE
T7150 053:606.828 JLINK_IsHalted()
T7150 053:607.420 - 0.592ms returns FALSE
T9440 053:657.740 JLINK_IsHalted()
T9440 053:658.656 - 0.912ms returns FALSE
T9440 053:658.800 JLINK_IsHalted()
T9440 053:659.404 - 0.602ms returns FALSE
T7150 053:716.108 JLINK_IsHalted()
T7150 053:716.908 - 0.800ms returns FALSE
T7150 053:717.132 JLINK_IsHalted()
T7150 053:717.824 - 0.695ms returns FALSE
T7150 053:824.456 JLINK_IsHalted()
T7150 053:825.196 - 0.739ms returns FALSE
T7150 053:825.396 JLINK_IsHalted()
T7150 053:826.004 - 0.607ms returns FALSE
T7150 053:934.144 JLINK_IsHalted()
T7150 053:934.732 - 0.591ms returns FALSE
T7150 053:934.828 JLINK_IsHalted()
T7150 053:935.412 - 0.581ms returns FALSE
T7150 054:043.072 JLINK_IsHalted()
T7150 054:043.832 - 0.763ms returns FALSE
T7150 054:043.976 JLINK_IsHalted()
T7150 054:044.524 - 0.549ms returns FALSE
T7150 054:152.192 JLINK_IsHalted()
T7150 054:152.812 - 0.619ms returns FALSE
T7150 054:152.960 JLINK_IsHalted()
T7150 054:153.524 - 0.562ms returns FALSE
T7150 054:262.028 JLINK_IsHalted()
T7150 054:262.688 - 0.662ms returns FALSE
T7150 054:262.804 JLINK_IsHalted()
T7150 054:263.512 - 0.712ms returns FALSE
T7150 054:371.096 JLINK_IsHalted()
T7150 054:371.720 - 0.616ms returns FALSE
T7150 054:371.768 JLINK_IsHalted()
T7150 054:372.340 - 0.572ms returns FALSE
T7150 054:481.080 JLINK_IsHalted()
T7150 054:482.900 - 1.815ms returns FALSE
T7150 054:482.996 JLINK_IsHalted()
T7150 054:483.532 - 0.538ms returns FALSE
T7150 054:590.220 JLINK_IsHalted()
T7150 054:590.712 - 0.490ms returns FALSE
T7150 054:590.776 JLINK_IsHalted()
T7150 054:591.096 - 0.321ms returns FALSE
T9440 054:661.312 JLINK_IsHalted()
T9440 054:663.008 - 1.692ms returns FALSE
T9440 054:663.176 JLINK_IsHalted()
T9440 054:663.608 - 0.430ms returns FALSE
T7150 054:699.188 JLINK_IsHalted()
T7150 054:699.736 - 0.550ms returns FALSE
T7150 054:699.776 JLINK_IsHalted()
T7150 054:700.364 - 0.583ms returns FALSE
T7150 054:808.692 JLINK_IsHalted()
T7150 054:809.376 - 0.680ms returns FALSE
T7150 054:809.460 JLINK_IsHalted()
T7150 054:811.832 - 2.373ms returns FALSE
T7150 054:917.804 JLINK_IsHalted()
T7150 054:918.400 - 0.591ms returns FALSE
T7150 054:918.496 JLINK_IsHalted()
T7150 054:918.996 - 0.500ms returns FALSE
T7150 055:027.948 JLINK_IsHalted()
T7150 055:028.800 - 0.853ms returns FALSE
T7150 055:028.896 JLINK_IsHalted()
T7150 055:029.484 - 0.584ms returns FALSE
T7150 055:137.224 JLINK_IsHalted()
T7150 055:137.920 - 0.694ms returns FALSE
T7150 055:138.040 JLINK_IsHalted()
T7150 055:138.552 - 0.511ms returns FALSE
T7150 055:248.864 JLINK_IsHalted()
T7150 055:249.504 - 0.642ms returns FALSE
T7150 055:249.672 JLINK_IsHalted()
T7150 055:250.260 - 0.583ms returns FALSE
T7150 055:356.332 JLINK_IsHalted()
T7150 055:357.100 - 0.772ms returns FALSE
T7150 055:357.280 JLINK_IsHalted()
T7150 055:357.972 - 0.691ms returns FALSE
T7150 055:465.804 JLINK_IsHalted()
T7150 055:466.616 - 0.813ms returns FALSE
T7150 055:466.808 JLINK_IsHalted()
T7150 055:467.424 - 0.613ms returns FALSE
T7150 055:575.040 JLINK_IsHalted()
T7150 055:575.880 - 0.839ms returns FALSE
T7150 055:576.020 JLINK_IsHalted()
T7150 055:576.616 - 0.591ms returns FALSE
T9440 055:665.912 JLINK_IsHalted()
T9440 055:666.424 - 0.510ms returns FALSE
T9440 055:666.600 JLINK_IsHalted()
T9440 055:667.052 - 0.456ms returns FALSE
T7150 055:684.076 JLINK_IsHalted()
T7150 055:684.660 - 0.586ms returns FALSE
T7150 055:684.712 JLINK_IsHalted()
T7150 055:685.216 - 0.507ms returns FALSE
T7150 055:793.204 JLINK_IsHalted()
T7150 055:793.908 - 0.699ms returns FALSE
T7150 055:794.068 JLINK_IsHalted()
T7150 055:794.584 - 0.517ms returns FALSE
T7150 055:902.280 JLINK_IsHalted()
T7150 055:904.232 - 1.950ms returns FALSE
T7150 055:904.392 JLINK_IsHalted()
T7150 055:904.972 - 0.578ms returns FALSE
T7150 056:011.444 JLINK_IsHalted()
T7150 056:012.160 - 0.716ms returns FALSE
T7150 056:012.320 JLINK_IsHalted()
T7150 056:012.864 - 0.543ms returns FALSE
T7150 056:121.748 JLINK_IsHalted()
T7150 056:122.376 - 0.626ms returns FALSE
T7150 056:122.560 JLINK_IsHalted()
T7150 056:123.160 - 0.600ms returns FALSE
T7150 056:231.092 JLINK_IsHalted()
T7150 056:231.756 - 0.661ms returns FALSE
T7150 056:231.892 JLINK_IsHalted()
T7150 056:232.500 - 0.611ms returns FALSE
T7150 056:339.500 JLINK_IsHalted()
T7150 056:340.104 - 0.599ms returns FALSE
T7150 056:340.184 JLINK_IsHalted()
T7150 056:340.652 - 0.463ms returns FALSE
T7150 056:449.460 JLINK_IsHalted()
T7150 056:450.316 - 0.857ms returns FALSE
T7150 056:450.444 JLINK_IsHalted()
T7150 056:451.080 - 0.630ms returns FALSE
T7150 056:558.592 JLINK_IsHalted()
T7150 056:559.136 - 0.541ms returns FALSE
T7150 056:559.176 JLINK_IsHalted()
T7150 056:559.648 - 0.475ms returns FALSE
T9440 056:667.624 JLINK_IsHalted()
T9440 056:668.392 - 0.762ms returns FALSE
T9440 056:668.504 JLINK_IsHalted()
T9440 056:670.956 - 2.449ms returns FALSE
T7150 056:671.296 JLINK_IsHalted()
T7150 056:672.056 - 0.756ms returns FALSE
T7150 056:672.184 JLINK_IsHalted()
T7150 056:673.952 - 1.769ms returns FALSE
T7150 056:777.984 JLINK_IsHalted()
T7150 056:778.700 - 0.705ms returns FALSE
T7150 056:778.856 JLINK_IsHalted()
T7150 056:779.456 - 0.600ms returns FALSE
T7150 056:887.104 JLINK_IsHalted()
T7150 056:889.048 - 1.942ms returns FALSE
T7150 056:889.192 JLINK_IsHalted()
T7150 056:889.896 - 0.703ms returns FALSE
T7150 056:997.408 JLINK_IsHalted()
T7150 056:998.080 - 0.674ms returns FALSE
T7150 056:998.200 JLINK_IsHalted()
T7150 056:998.696 - 0.489ms returns FALSE
T7150 057:105.544 JLINK_IsHalted()
T7150 057:106.408 - 0.860ms returns FALSE
T7150 057:106.552 JLINK_IsHalted()
T7150 057:107.032 - 0.478ms returns FALSE
T7150 057:215.456 JLINK_IsHalted()
T7150 057:216.108 - 0.648ms returns FALSE
T7150 057:216.160 JLINK_IsHalted()
T7150 057:216.652 - 0.494ms returns FALSE
T7150 057:324.288 JLINK_IsHalted()
T7150 057:324.948 - 0.652ms returns FALSE
T7150 057:325.076 JLINK_IsHalted()
T7150 057:325.512 - 0.433ms returns FALSE
T7150 057:433.544 JLINK_IsHalted()
T7150 057:434.184 - 0.639ms returns FALSE
T7150 057:434.240 JLINK_IsHalted()
T7150 057:434.708 - 0.465ms returns FALSE
T7150 057:543.432 JLINK_IsHalted()
T7150 057:544.204 - 0.777ms returns FALSE
T7150 057:544.328 JLINK_IsHalted()
T7150 057:544.844 - 0.522ms returns FALSE
T7150 057:652.692 JLINK_IsHalted()
T7150 057:653.400 - 0.710ms returns FALSE
T7150 057:653.592 JLINK_IsHalted()
T7150 057:654.144 - 0.550ms returns FALSE
T9440 057:672.376 JLINK_IsHalted()
T9440 057:673.016 - 0.641ms returns FALSE
T9440 057:673.088 JLINK_IsHalted()
T9440 057:675.680 - 2.593ms returns FALSE
T7150 057:761.676 JLINK_IsHalted()
T7150 057:762.344 - 0.662ms returns FALSE
T7150 057:762.440 JLINK_IsHalted()
T7150 057:762.976 - 0.537ms returns FALSE
T7150 057:872.756 JLINK_IsHalted()
T7150 057:873.544 - 0.785ms returns FALSE
T7150 057:873.632 JLINK_IsHalted()
T7150 057:874.316 - 0.679ms returns FALSE
T7150 057:981.128 JLINK_IsHalted()
T7150 057:982.036 - 0.909ms returns FALSE
T7150 057:982.164 JLINK_IsHalted()
T7150 057:982.688 - 0.525ms returns FALSE
T7150 058:090.176 JLINK_IsHalted()
T7150 058:090.808 - 0.632ms returns FALSE
T7150 058:090.936 JLINK_IsHalted()
T7150 058:091.432 - 0.490ms returns FALSE
T7150 058:199.272 JLINK_IsHalted()
T7150 058:200.012 - 0.741ms returns FALSE
T7150 058:200.160 JLINK_IsHalted()
T7150 058:200.724 - 0.566ms returns FALSE
T7150 058:308.812 JLINK_IsHalted()
T7150 058:309.440 - 0.627ms returns FALSE
T7150 058:309.568 JLINK_IsHalted()
T7150 058:310.136 - 0.567ms returns FALSE
T7150 058:418.080 JLINK_IsHalted()
T7150 058:418.632 - 0.549ms returns FALSE
T7150 058:418.752 JLINK_IsHalted()
T7150 058:419.244 - 0.493ms returns FALSE
T7150 058:528.992 JLINK_IsHalted()
T7150 058:529.800 - 0.808ms returns FALSE
T7150 058:529.880 JLINK_IsHalted()
T7150 058:530.464 - 0.582ms returns FALSE
T7150 058:636.696 JLINK_IsHalted()
T7150 058:637.368 - 0.674ms returns FALSE
T7150 058:637.496 JLINK_IsHalted()
T7150 058:637.992 - 0.492ms returns FALSE
T9440 058:676.908 JLINK_IsHalted()
T9440 058:677.388 - 0.478ms returns FALSE
T9440 058:677.452 JLINK_IsHalted()
T9440 058:677.844 - 0.391ms returns FALSE
T7150 058:746.520 JLINK_IsHalted()
T7150 058:747.308 - 0.780ms returns FALSE
T7150 058:747.436 JLINK_IsHalted()
T7150 058:748.216 - 0.782ms returns FALSE
T7150 058:855.688 JLINK_IsHalted()
T7150 058:856.328 - 0.638ms returns FALSE
T7150 058:856.472 JLINK_IsHalted()
T7150 058:857.004 - 0.527ms returns FALSE
T7150 058:965.560 JLINK_IsHalted()
T7150 058:966.380 - 0.815ms returns FALSE
T7150 058:966.520 JLINK_IsHalted()
T7150 058:967.180 - 0.653ms returns FALSE
T7150 059:073.996 JLINK_IsHalted()
T7150 059:074.764 - 0.762ms returns FALSE
T7150 059:074.900 JLINK_IsHalted()
T7150 059:077.720 - 2.818ms returns FALSE
T7150 059:184.160 JLINK_IsHalted()
T7150 059:184.904 - 0.736ms returns FALSE
T7150 059:185.036 JLINK_IsHalted()
T7150 059:185.592 - 0.556ms returns FALSE
T7150 059:292.840 JLINK_IsHalted()
T7150 059:295.340 - 2.498ms returns FALSE
T7150 059:295.604 JLINK_IsHalted()
T7150 059:296.376 - 0.778ms returns FALSE
T7150 059:404.716 JLINK_IsHalted()
T7150 059:405.428 - 0.706ms returns FALSE
T7150 059:405.548 JLINK_IsHalted()
T7150 059:406.272 - 0.723ms returns FALSE
T7150 059:511.328 JLINK_IsHalted()
T7150 059:511.980 - 0.657ms returns FALSE
T7150 059:512.072 JLINK_IsHalted()
T7150 059:512.652 - 0.584ms returns FALSE
T7150 059:621.000 JLINK_IsHalted()
T7150 059:621.784 - 0.786ms returns FALSE
T7150 059:621.960 JLINK_IsHalted()
T7150 059:622.668 - 0.715ms returns FALSE
T9440 059:678.952 JLINK_IsHalted()
T9440 059:679.640 - 0.691ms returns FALSE
T9440 059:679.788 JLINK_IsHalted()
T9440 059:680.352 - 0.564ms returns FALSE
T7150 059:730.740 JLINK_IsHalted()
T7150 059:731.436 - 0.697ms returns FALSE
T7150 059:731.540 JLINK_IsHalted()
T7150 059:732.072 - 0.530ms returns FALSE
T7150 059:840.264 JLINK_IsHalted()
T7150 059:840.908 - 0.642ms returns FALSE
T7150 059:841.140 JLINK_IsHalted()
T7150 059:841.644 - 0.504ms returns FALSE
T7150 059:949.624 JLINK_IsHalted()
T7150 059:950.280 - 0.653ms returns FALSE
T7150 059:950.344 JLINK_IsHalted()
T7150 059:950.912 - 0.565ms returns FALSE
T7150 060:058.624 JLINK_IsHalted()
T7150 060:059.340 - 0.719ms returns FALSE
T7150 060:059.512 JLINK_IsHalted()
T7150 060:060.216 - 0.709ms returns FALSE
T7150 060:168.472 JLINK_IsHalted()
T7150 060:169.272 - 0.799ms returns FALSE
T7150 060:169.368 JLINK_IsHalted()
T7150 060:170.008 - 0.642ms returns FALSE
T7150 060:277.624 JLINK_IsHalted()
T7150 060:279.252 - 1.625ms returns FALSE
T7150 060:279.336 JLINK_IsHalted()
T7150 060:279.892 - 0.556ms returns FALSE
T7150 060:386.920 JLINK_IsHalted()
T7150 060:387.456 - 0.536ms returns FALSE
T7150 060:387.500 JLINK_IsHalted()
T7150 060:387.956 - 0.457ms returns FALSE
T7150 060:496.652 JLINK_IsHalted()
T7150 060:497.544 - 0.892ms returns FALSE
T7150 060:497.708 JLINK_IsHalted()
T7150 060:498.248 - 0.538ms returns FALSE
T7150 060:605.376 JLINK_IsHalted()
T7150 060:606.260 - 0.877ms returns FALSE
T7150 060:606.388 JLINK_IsHalted()
T7150 060:607.064 - 0.674ms returns FALSE
T9440 060:681.024 JLINK_IsHalted()
T9440 060:681.644 - 0.614ms returns FALSE
T9440 060:681.728 JLINK_IsHalted()
T9440 060:682.360 - 0.631ms returns FALSE
T7150 060:715.180 JLINK_IsHalted()
T7150 060:715.916 - 0.733ms returns FALSE
T7150 060:716.024 JLINK_IsHalted()
T7150 060:716.488 - 0.459ms returns FALSE
T7150 060:824.576 JLINK_IsHalted()
T7150 060:825.164 - 0.584ms returns FALSE
T7150 060:825.304 JLINK_IsHalted()
T7150 060:825.996 - 0.690ms returns FALSE
T7150 060:933.544 JLINK_IsHalted()
T7150 060:934.188 - 0.642ms returns FALSE
T7150 060:934.228 JLINK_IsHalted()
T7150 060:934.764 - 0.537ms returns FALSE
T7150 061:043.404 JLINK_IsHalted()
T7150 061:044.424 - 1.015ms returns FALSE
T7150 061:044.588 JLINK_IsHalted()
T7150 061:045.356 - 0.765ms returns FALSE
T7150 061:153.152 JLINK_IsHalted()
T7150 061:153.896 - 0.739ms returns FALSE
T7150 061:154.016 JLINK_IsHalted()
T7150 061:154.464 - 0.446ms returns FALSE
T7150 061:261.856 JLINK_IsHalted()
T7150 061:262.432 - 0.576ms returns FALSE
T7150 061:262.504 JLINK_IsHalted()
T7150 061:262.936 - 0.437ms returns FALSE
T7150 061:370.880 JLINK_IsHalted()
T7150 061:371.488 - 0.608ms returns FALSE
T7150 061:371.540 JLINK_IsHalted()
T7150 061:372.096 - 0.551ms returns FALSE
T7150 061:480.972 JLINK_IsHalted()
T7150 061:481.640 - 0.665ms returns FALSE
T7150 061:481.708 JLINK_IsHalted()
T7150 061:482.208 - 0.496ms returns FALSE
T7150 061:589.504 JLINK_IsHalted()
T7150 061:589.964 - 0.460ms returns FALSE
T7150 061:590.024 JLINK_IsHalted()
T7150 061:590.376 - 0.352ms returns FALSE
T9440 061:683.736 JLINK_IsHalted()
T9440 061:684.308 - 0.570ms returns FALSE
T9440 061:684.364 JLINK_IsHalted()
T9440 061:684.844 - 0.479ms returns FALSE
T7150 061:699.796 JLINK_IsHalted()
T7150 061:700.392 - 0.598ms returns FALSE
T7150 061:700.468 JLINK_IsHalted()
T7150 061:701.032 - 0.559ms returns FALSE
T7150 061:809.676 JLINK_IsHalted()
T7150 061:810.412 - 0.735ms returns FALSE
T7150 061:810.548 JLINK_IsHalted()
T7150 061:811.116 - 0.568ms returns FALSE
T7150 061:917.912 JLINK_IsHalted()
T7150 061:918.452 - 0.540ms returns FALSE
T7150 061:918.488 JLINK_IsHalted()
T7150 061:918.856 - 0.361ms returns FALSE
T7150 062:027.528 JLINK_IsHalted()
T7150 062:028.312 - 0.784ms returns FALSE
T7150 062:028.436 JLINK_IsHalted()
T7150 062:029.012 - 0.571ms returns FALSE
T7150 062:137.304 JLINK_IsHalted()
T7150 062:138.028 - 0.720ms returns FALSE
T7150 062:138.104 JLINK_IsHalted()
T7150 062:138.676 - 0.569ms returns FALSE
T7150 062:246.744 JLINK_IsHalted()
T7150 062:247.496 - 0.743ms returns FALSE
T7150 062:247.656 JLINK_IsHalted()
T7150 062:248.180 - 0.528ms returns FALSE
T7150 062:356.200 JLINK_IsHalted()
T7150 062:356.704 - 0.502ms returns FALSE
T7150 062:356.756 JLINK_IsHalted()
T7150 062:357.192 - 0.436ms returns FALSE
T7150 062:465.076 JLINK_IsHalted()
T7150 062:465.768 - 0.694ms returns FALSE
T7150 062:465.876 JLINK_IsHalted()
T7150 062:466.388 - 0.511ms returns FALSE
T7150 062:573.912 JLINK_IsHalted()
T7150 062:574.580 - 0.659ms returns FALSE
T7150 062:574.612 JLINK_IsHalted()
T7150 062:575.032 - 0.421ms returns FALSE
T7150 062:684.244 JLINK_IsHalted()
T7150 062:684.840 - 0.591ms returns FALSE
T7150 062:684.888 JLINK_IsHalted()
T7150 062:685.460 - 0.566ms returns FALSE
T9440 062:685.592 JLINK_IsHalted()
T9440 062:686.092 - 0.497ms returns FALSE
T9440 062:686.144 JLINK_IsHalted()
T9440 062:686.656 - 0.511ms returns FALSE
T7150 062:792.888 JLINK_IsHalted()
T7150 062:793.632 - 0.741ms returns FALSE
T7150 062:793.780 JLINK_IsHalted()
T7150 062:794.272 - 0.493ms returns FALSE
T7150 062:902.516 JLINK_IsHalted()
T7150 062:903.348 - 0.825ms returns FALSE
T7150 062:903.532 JLINK_IsHalted()
T7150 062:904.128 - 0.592ms returns FALSE
T7150 063:012.300 JLINK_IsHalted()
T7150 063:013.016 - 0.712ms returns FALSE
T7150 063:013.144 JLINK_IsHalted()
T7150 063:013.716 - 0.568ms returns FALSE
T7150 063:121.248 JLINK_IsHalted()
T7150 063:121.792 - 0.541ms returns FALSE
T7150 063:121.864 JLINK_IsHalted()
T7150 063:122.356 - 0.487ms returns FALSE
T7150 063:230.968 JLINK_IsHalted()
T7150 063:231.476 - 0.500ms returns FALSE
T7150 063:231.500 JLINK_IsHalted()
T7150 063:231.832 - 0.332ms returns FALSE
T7150 063:341.268 JLINK_IsHalted()
T7150 063:342.104 - 0.836ms returns FALSE
T7150 063:342.232 JLINK_IsHalted()
T7150 063:342.740 - 0.502ms returns FALSE
T7150 063:449.720 JLINK_IsHalted()
T7150 063:450.572 - 0.847ms returns FALSE
T7150 063:450.664 JLINK_IsHalted()
T7150 063:451.180 - 0.519ms returns FALSE
T7150 063:559.224 JLINK_IsHalted()
T7150 063:559.832 - 0.612ms returns FALSE
T7150 063:559.944 JLINK_IsHalted()
T7150 063:560.512 - 0.573ms returns FALSE
T7150 063:668.312 JLINK_IsHalted()
T7150 063:668.824 - 0.508ms returns FALSE
T7150 063:668.916 JLINK_IsHalted()
T7150 063:669.336 - 0.425ms returns FALSE
T9440 063:687.000 JLINK_IsHalted()
T9440 063:687.444 - 0.445ms returns FALSE
T9440 063:687.496 JLINK_IsHalted()
T9440 063:687.808 - 0.311ms returns FALSE
T7150 063:777.384 JLINK_IsHalted()
T7150 063:777.992 - 0.608ms returns FALSE
T7150 063:778.100 JLINK_IsHalted()
T7150 063:778.744 - 0.648ms returns FALSE
T7150 063:887.500 JLINK_IsHalted()
T7150 063:888.116 - 0.613ms returns FALSE
T7150 063:888.168 JLINK_IsHalted()
T7150 063:888.596 - 0.427ms returns FALSE
T7150 063:996.040 JLINK_IsHalted()
T7150 063:996.512 - 0.475ms returns FALSE
T7150 063:996.584 JLINK_IsHalted()
T7150 063:997.044 - 0.461ms returns FALSE
T7150 064:105.196 JLINK_IsHalted()
T7150 064:105.748 - 0.548ms returns FALSE
T7150 064:105.844 JLINK_IsHalted()
T7150 064:106.476 - 0.635ms returns FALSE
T7150 064:214.984 JLINK_IsHalted()
T7150 064:215.776 - 0.796ms returns FALSE
T7150 064:215.852 JLINK_IsHalted()
T7150 064:216.320 - 0.467ms returns FALSE
T7150 064:324.968 JLINK_IsHalted()
T7150 064:325.772 - 0.805ms returns FALSE
T7150 064:325.928 JLINK_IsHalted()
T7150 064:326.432 - 0.509ms returns FALSE
T7150 064:433.992 JLINK_IsHalted()
T7150 064:434.528 - 0.536ms returns FALSE
T7150 064:434.572 JLINK_IsHalted()
T7150 064:435.008 - 0.436ms returns FALSE
T7150 064:543.232 JLINK_IsHalted()
T7150 064:543.768 - 0.535ms returns FALSE
T7150 064:543.848 JLINK_IsHalted()
T7150 064:544.320 - 0.476ms returns FALSE
T7150 064:653.004 JLINK_IsHalted()
T7150 064:653.656 - 0.652ms returns FALSE
T7150 064:653.728 JLINK_IsHalted()
T7150 064:654.112 - 0.379ms returns FALSE
T9440 064:688.544 JLINK_IsHalted()
T9440 064:689.048 - 0.504ms returns FALSE
T9440 064:689.100 JLINK_IsHalted()
T9440 064:689.568 - 0.469ms returns FALSE
T7150 064:762.292 JLINK_IsHalted()
T7150 064:762.836 - 0.542ms returns FALSE
T7150 064:762.888 JLINK_IsHalted()
T7150 064:763.424 - 0.536ms returns FALSE
T7150 064:871.584 JLINK_IsHalted()
T7150 064:872.236 - 0.653ms returns FALSE
T7150 064:872.312 JLINK_IsHalted()
T7150 064:872.728 - 0.417ms returns FALSE
T7150 064:980.872 JLINK_IsHalted()
T7150 064:981.512 - 0.639ms returns FALSE
T7150 064:981.576 JLINK_IsHalted()
T7150 064:982.132 - 0.555ms returns FALSE
T7150 065:090.188 JLINK_IsHalted()
T7150 065:091.008 - 0.815ms returns FALSE
T7150 065:091.116 JLINK_IsHalted()
T7150 065:091.732 - 0.615ms returns FALSE
T7150 065:199.880 JLINK_IsHalted()
T7150 065:201.760 - 1.882ms returns FALSE
T7150 065:201.848 JLINK_IsHalted()
T7150 065:202.496 - 0.640ms returns FALSE
T7150 065:308.552 JLINK_IsHalted()
T7150 065:309.256 - 0.702ms returns FALSE
T7150 065:309.344 JLINK_IsHalted()
T7150 065:309.804 - 0.458ms returns FALSE
T7150 065:417.844 JLINK_IsHalted()
T7150 065:418.504 - 0.655ms returns FALSE
T7150 065:418.624 JLINK_IsHalted()
T7150 065:419.008 - 0.381ms returns FALSE
T7150 065:527.064 JLINK_IsHalted()
T7150 065:527.576 - 0.512ms returns FALSE
T7150 065:527.628 JLINK_IsHalted()
T7150 065:528.032 - 0.405ms returns FALSE
T7150 065:636.756 JLINK_IsHalted()
T7150 065:637.236 - 0.477ms returns FALSE
T7150 065:637.272 JLINK_IsHalted()
T7150 065:637.576 - 0.304ms returns FALSE
T9440 065:690.100 JLINK_IsHalted()
T9440 065:690.676 - 0.579ms returns FALSE
T9440 065:690.792 JLINK_IsHalted()
T9440 065:691.272 - 0.475ms returns FALSE
T7150 065:745.972 JLINK_IsHalted()
T7150 065:746.572 - 0.597ms returns FALSE
T7150 065:746.632 JLINK_IsHalted()
T7150 065:747.148 - 0.521ms returns FALSE
T7150 065:855.656 JLINK_IsHalted()
T7150 065:856.288 - 0.635ms returns FALSE
T7150 065:856.372 JLINK_IsHalted()
T7150 065:856.728 - 0.356ms returns FALSE
T7150 065:965.036 JLINK_IsHalted()
T7150 065:965.592 - 0.555ms returns FALSE
T7150 065:965.652 JLINK_IsHalted()
T7150 065:966.120 - 0.465ms returns FALSE
T7150 066:073.984 JLINK_IsHalted()
T7150 066:074.624 - 0.644ms returns FALSE
T7150 066:074.680 JLINK_IsHalted()
T7150 066:075.148 - 0.464ms returns FALSE
T7150 066:183.884 JLINK_IsHalted()
T7150 066:184.824 - 0.934ms returns FALSE
T7150 066:184.972 JLINK_IsHalted()
T7150 066:185.720 - 0.746ms returns FALSE
T7150 066:293.144 JLINK_IsHalted()
T7150 066:293.876 - 0.729ms returns FALSE
T7150 066:293.976 JLINK_IsHalted()
T7150 066:294.644 - 0.668ms returns FALSE
T7150 066:403.916 JLINK_IsHalted()
T7150 066:404.532 - 0.619ms returns FALSE
T7150 066:404.640 JLINK_IsHalted()
T7150 066:405.108 - 0.461ms returns FALSE
T7150 066:512.116 JLINK_IsHalted()
T7150 066:514.836 - 2.715ms returns FALSE
T7150 066:514.924 JLINK_IsHalted()
T7150 066:515.400 - 0.468ms returns FALSE
T7150 066:620.780 JLINK_IsHalted()
T7150 066:621.376 - 0.596ms returns FALSE
T7150 066:621.528 JLINK_IsHalted()
T7150 066:622.040 - 0.509ms returns FALSE
T9440 066:692.372 JLINK_IsHalted()
T9440 066:692.872 - 0.499ms returns FALSE
T9440 066:692.916 JLINK_IsHalted()
T9440 066:693.388 - 0.472ms returns FALSE
T7150 066:730.824 JLINK_IsHalted()
T7150 066:731.448 - 0.628ms returns FALSE
T7150 066:731.512 JLINK_IsHalted()
T7150 066:732.008 - 0.494ms returns FALSE
T7150 066:839.840 JLINK_IsHalted()
T7150 066:840.504 - 0.667ms returns FALSE
T7150 066:840.568 JLINK_IsHalted()
T7150 066:840.904 - 0.333ms returns FALSE
T7150 066:949.492 JLINK_IsHalted()
T7150 066:950.112 - 0.625ms returns FALSE
T7150 066:950.168 JLINK_IsHalted()
T7150 066:950.712 - 0.543ms returns FALSE
T7150 067:058.516 JLINK_IsHalted()
T7150 067:059.084 - 0.568ms returns FALSE
T7150 067:059.148 JLINK_IsHalted()
T7150 067:059.628 - 0.484ms returns FALSE
T7150 067:168.288 JLINK_IsHalted()
T7150 067:169.008 - 0.717ms returns FALSE
T7150 067:169.136 JLINK_IsHalted()
T7150 067:169.712 - 0.572ms returns FALSE
T7150 067:277.616 JLINK_IsHalted()
T7150 067:278.424 - 0.811ms returns FALSE
T7150 067:278.560 JLINK_IsHalted()
T7150 067:279.272 - 0.706ms returns FALSE
T7150 067:386.976 JLINK_IsHalted()
T7150 067:387.392 - 0.413ms returns FALSE
T7150 067:387.432 JLINK_IsHalted()
T7150 067:388.000 - 0.569ms returns FALSE
T7150 067:496.840 JLINK_IsHalted()
T7150 067:497.392 - 0.558ms returns FALSE
T7150 067:497.472 JLINK_IsHalted()
T7150 067:497.968 - 0.496ms returns FALSE
T7150 067:606.184 JLINK_IsHalted()
T7150 067:606.704 - 0.519ms returns FALSE
T7150 067:606.752 JLINK_IsHalted()
T7150 067:607.280 - 0.530ms returns FALSE
T9440 067:694.288 JLINK_IsHalted()
T9440 067:694.928 - 0.637ms returns FALSE
T9440 067:695.032 JLINK_IsHalted()
T9440 067:695.528 - 0.495ms returns FALSE
T7150 067:714.960 JLINK_IsHalted()
T7150 067:715.664 - 0.702ms returns FALSE
T7150 067:715.744 JLINK_IsHalted()
T7150 067:716.400 - 0.655ms returns FALSE
T7150 067:824.880 JLINK_IsHalted()
T7150 067:825.632 - 0.743ms returns FALSE
T7150 067:825.744 JLINK_IsHalted()
T7150 067:826.360 - 0.616ms returns FALSE
T7150 067:934.664 JLINK_IsHalted()
T7150 067:935.384 - 0.720ms returns FALSE
T7150 067:935.464 JLINK_IsHalted()
T7150 067:936.144 - 0.677ms returns FALSE
T7150 068:042.776 JLINK_IsHalted()
T7150 068:043.504 - 0.721ms returns FALSE
T7150 068:043.624 JLINK_IsHalted()
T7150 068:044.272 - 0.653ms returns FALSE
T7150 068:153.840 JLINK_IsHalted()
T7150 068:154.568 - 0.728ms returns FALSE
T7150 068:154.736 JLINK_IsHalted()
T7150 068:155.448 - 0.707ms returns FALSE
T7150 068:261.776 JLINK_IsHalted()
T7150 068:262.504 - 0.728ms returns FALSE
T7150 068:262.672 JLINK_IsHalted()
T7150 068:263.232 - 0.557ms returns FALSE
T7150 068:371.408 JLINK_IsHalted()
T7150 068:371.904 - 0.489ms returns FALSE
T7150 068:372.056 JLINK_IsHalted()
T7150 068:372.544 - 0.486ms returns FALSE
T7150 068:480.976 JLINK_IsHalted()
T7150 068:481.704 - 0.727ms returns FALSE
T7150 068:481.832 JLINK_IsHalted()
T7150 068:482.480 - 0.646ms returns FALSE
T7150 068:589.984 JLINK_IsHalted()
T7150 068:590.728 - 0.740ms returns FALSE
T7150 068:590.864 JLINK_IsHalted()
T7150 068:591.360 - 0.488ms returns FALSE
T9440 068:696.400 JLINK_IsHalted()
T9440 068:697.040 - 0.643ms returns FALSE
T9440 068:697.168 JLINK_IsHalted()
T9440 068:697.648 - 0.467ms returns FALSE
T7150 068:699.144 JLINK_IsHalted()
T7150 068:699.672 - 0.526ms returns FALSE
T7150 068:699.792 JLINK_IsHalted()
T7150 068:700.240 - 0.448ms returns FALSE
T7150 068:809.312 JLINK_IsHalted()
T7150 068:810.128 - 0.816ms returns FALSE
T7150 068:810.296 JLINK_IsHalted()
T7150 068:812.112 - 1.811ms returns FALSE
T7150 068:917.744 JLINK_IsHalted()
T7150 068:918.264 - 0.519ms returns FALSE
T7150 068:918.304 JLINK_IsHalted()
T7150 068:918.752 - 0.446ms returns FALSE
T7150 069:027.904 JLINK_IsHalted()
T7150 069:028.632 - 0.724ms returns FALSE
T7150 069:028.776 JLINK_IsHalted()
T7150 069:029.360 - 0.580ms returns FALSE
T7150 069:136.432 JLINK_IsHalted()
T7150 069:138.368 - 1.937ms returns FALSE
T7150 069:138.480 JLINK_IsHalted()
T7150 069:139.064 - 0.592ms returns FALSE
T7150 069:246.304 JLINK_IsHalted()
T7150 069:246.792 - 0.484ms returns FALSE
T7150 069:246.832 JLINK_IsHalted()
T7150 069:247.304 - 0.471ms returns FALSE
T7150 069:355.864 JLINK_IsHalted()
T7150 069:356.528 - 0.663ms returns FALSE
T7150 069:356.632 JLINK_IsHalted()
T7150 069:357.192 - 0.558ms returns FALSE
T7150 069:464.496 JLINK_IsHalted()
T7150 069:465.240 - 0.741ms returns FALSE
T7150 069:465.296 JLINK_IsHalted()
T7150 069:465.800 - 0.498ms returns FALSE
T7150 069:574.664 JLINK_IsHalted()
T7150 069:576.752 - 2.086ms returns FALSE
T7150 069:576.944 JLINK_IsHalted()
T7150 069:577.512 - 0.565ms returns FALSE
T7150 069:683.280 JLINK_IsHalted()
T7150 069:683.824 - 0.546ms returns FALSE
T7150 069:683.864 JLINK_IsHalted()
T7150 069:684.304 - 0.440ms returns FALSE
T9440 069:698.688 JLINK_IsHalted()
T9440 069:699.240 - 0.552ms returns FALSE
T9440 069:699.304 JLINK_IsHalted()
T9440 069:699.824 - 0.523ms returns FALSE
T7150 069:793.592 JLINK_IsHalted()
T7150 069:794.160 - 0.568ms returns FALSE
T7150 069:794.216 JLINK_IsHalted()
T7150 069:794.600 - 0.381ms returns FALSE
T7150 069:902.944 JLINK_IsHalted()
T7150 069:903.400 - 0.458ms returns FALSE
T7150 069:903.464 JLINK_IsHalted()
T7150 069:903.904 - 0.441ms returns FALSE
T7150 070:011.768 JLINK_IsHalted()
T7150 070:012.400 - 0.630ms returns FALSE
T7150 070:012.480 JLINK_IsHalted()
T7150 070:012.920 - 0.445ms returns FALSE
T7150 070:121.064 JLINK_IsHalted()
T7150 070:121.800 - 0.732ms returns FALSE
T7150 070:122.032 JLINK_IsHalted()
T7150 070:122.576 - 0.546ms returns FALSE
T7150 070:230.624 JLINK_IsHalted()
T7150 070:231.312 - 0.684ms returns FALSE
T7150 070:231.408 JLINK_IsHalted()
T7150 070:231.984 - 0.583ms returns FALSE
T7150 070:339.664 JLINK_IsHalted()
T7150 070:340.200 - 0.540ms returns FALSE
T7150 070:340.240 JLINK_IsHalted()
T7150 070:340.656 - 0.414ms returns FALSE
T7150 070:449.616 JLINK_IsHalted()
T7150 070:450.288 - 0.673ms returns FALSE
T7150 070:450.328 JLINK_IsHalted()
T7150 070:452.384 - 2.053ms returns FALSE
T7150 070:558.264 JLINK_IsHalted()
T7150 070:558.896 - 0.632ms returns FALSE
T7150 070:558.944 JLINK_IsHalted()
T7150 070:559.416 - 0.470ms returns FALSE
T7150 070:668.272 JLINK_IsHalted()
T7150 070:668.848 - 0.575ms returns FALSE
T7150 070:668.888 JLINK_IsHalted()
T7150 070:669.296 - 0.407ms returns FALSE
T9440 070:700.688 JLINK_IsHalted()
T9440 070:701.136 - 0.447ms returns FALSE
T9440 070:701.160 JLINK_IsHalted()
T9440 070:701.520 - 0.366ms returns FALSE
T7150 070:777.744 JLINK_IsHalted()
T7150 070:778.472 - 0.719ms returns FALSE
T7150 070:778.656 JLINK_IsHalted()
T7150 070:779.184 - 0.521ms returns FALSE
T7150 070:887.040 JLINK_IsHalted()
T7150 070:887.496 - 0.446ms returns FALSE
T7150 070:887.536 JLINK_IsHalted()
T7150 070:888.064 - 0.520ms returns FALSE
T7150 070:996.648 JLINK_IsHalted()
T7150 070:997.200 - 0.561ms returns FALSE
T7150 070:997.248 JLINK_IsHalted()
T7150 070:997.712 - 0.462ms returns FALSE
T7150 071:105.680 JLINK_IsHalted()
T7150 071:106.320 - 0.632ms returns FALSE
T7150 071:106.368 JLINK_IsHalted()
T7150 071:106.832 - 0.460ms returns FALSE
T7150 071:214.608 JLINK_IsHalted()
T7150 071:215.312 - 0.712ms returns FALSE
T7150 071:215.472 JLINK_IsHalted()
T7150 071:216.072 - 0.603ms returns FALSE
T7150 071:324.344 JLINK_IsHalted()
T7150 071:325.048 - 0.699ms returns FALSE
T7150 071:325.096 JLINK_IsHalted()
T7150 071:325.640 - 0.545ms returns FALSE
T7150 071:434.424 JLINK_IsHalted()
T7150 071:435.168 - 0.736ms returns FALSE
T7150 071:435.336 JLINK_IsHalted()
T7150 071:435.936 - 0.603ms returns FALSE
T7150 071:543.144 JLINK_IsHalted()
T7150 071:543.664 - 0.527ms returns FALSE
T7150 071:543.704 JLINK_IsHalted()
T7150 071:544.176 - 0.461ms returns FALSE
T7150 071:652.208 JLINK_IsHalted()
T7150 071:652.776 - 0.562ms returns FALSE
T7150 071:652.824 JLINK_IsHalted()
T7150 071:653.248 - 0.420ms returns FALSE
T9440 071:702.200 JLINK_IsHalted()
T9440 071:702.664 - 0.459ms returns FALSE
T9440 071:702.712 JLINK_IsHalted()
T9440 071:703.120 - 0.401ms returns FALSE
T7150 071:761.552 JLINK_IsHalted()
T7150 071:762.032 - 0.473ms returns FALSE
T7150 071:762.072 JLINK_IsHalted()
T7150 071:762.544 - 0.465ms returns FALSE
T7150 071:870.936 JLINK_IsHalted()
T7150 071:871.536 - 0.594ms returns FALSE
T7150 071:871.664 JLINK_IsHalted()
T7150 071:872.376 - 0.680ms returns FALSE
T7150 071:980.336 JLINK_IsHalted()
T7150 071:980.880 - 0.539ms returns FALSE
T7150 071:980.920 JLINK_IsHalted()
T7150 071:981.312 - 0.390ms returns FALSE
T7150 072:090.024 JLINK_IsHalted()
T7150 072:090.816 - 0.794ms returns FALSE
T7150 072:090.920 JLINK_IsHalted()
T7150 072:091.504 - 0.578ms returns FALSE
T7150 072:199.544 JLINK_IsHalted()
T7150 072:200.008 - 0.460ms returns FALSE
T7150 072:200.048 JLINK_IsHalted()
T7150 072:200.496 - 0.445ms returns FALSE
T7150 072:308.448 JLINK_IsHalted()
T7150 072:308.920 - 0.473ms returns FALSE
T7150 072:309.008 JLINK_IsHalted()
T7150 072:309.408 - 0.403ms returns FALSE
T7150 072:417.656 JLINK_IsHalted()
T7150 072:418.248 - 0.591ms returns FALSE
T7150 072:418.312 JLINK_IsHalted()
T7150 072:418.744 - 0.436ms returns FALSE
T7150 072:527.104 JLINK_IsHalted()
T7150 072:527.664 - 0.554ms returns FALSE
T7150 072:527.728 JLINK_IsHalted()
T7150 072:528.064 - 0.343ms returns FALSE
T7150 072:637.088 JLINK_IsHalted()
T7150 072:637.520 - 0.428ms returns FALSE
T7150 072:637.576 JLINK_IsHalted()
T7150 072:637.936 - 0.361ms returns FALSE
T9440 072:704.560 JLINK_IsHalted()
T9440 072:705.096 - 0.542ms returns FALSE
T9440 072:705.168 JLINK_IsHalted()
T9440 072:705.648 - 0.474ms returns FALSE
T7150 072:746.048 JLINK_IsHalted()
T7150 072:746.624 - 0.575ms returns FALSE
T7150 072:746.688 JLINK_IsHalted()
T7150 072:747.160 - 0.477ms returns FALSE
T7150 072:855.800 JLINK_IsHalted()
T7150 072:856.304 - 0.503ms returns FALSE
T7150 072:856.344 JLINK_IsHalted()
T7150 072:856.688 - 0.338ms returns FALSE
T7150 072:964.656 JLINK_IsHalted()
T7150 072:965.224 - 0.571ms returns FALSE
T7150 072:965.264 JLINK_IsHalted()
T7150 072:967.656 - 2.384ms returns FALSE
T7150 073:074.176 JLINK_IsHalted()
T7150 073:074.792 - 0.609ms returns FALSE
T7150 073:074.840 JLINK_IsHalted()
T7150 073:075.224 - 0.382ms returns FALSE
T7150 073:184.240 JLINK_IsHalted()
T7150 073:184.912 - 0.676ms returns FALSE
T7150 073:184.960 JLINK_IsHalted()
T7150 073:185.432 - 0.475ms returns FALSE
T7150 073:294.048 JLINK_IsHalted()
T7150 073:294.656 - 0.606ms returns FALSE
T7150 073:294.712 JLINK_IsHalted()
T7150 073:295.296 - 0.580ms returns FALSE
T7150 073:402.496 JLINK_IsHalted()
T7150 073:403.216 - 0.718ms returns FALSE
T7150 073:403.336 JLINK_IsHalted()
T7150 073:403.824 - 0.494ms returns FALSE
T7150 073:512.024 JLINK_IsHalted()
T7150 073:512.624 - 0.597ms returns FALSE
T7150 073:512.680 JLINK_IsHalted()
T7150 073:513.128 - 0.443ms returns FALSE
T7150 073:621.456 JLINK_IsHalted()
T7150 073:622.224 - 0.763ms returns FALSE
T7150 073:622.296 JLINK_IsHalted()
T7150 073:622.664 - 0.364ms returns FALSE
T9440 073:706.568 JLINK_IsHalted()
T9440 073:707.104 - 0.538ms returns FALSE
T9440 073:707.144 JLINK_IsHalted()
T9440 073:707.512 - 0.368ms returns FALSE
T7150 073:730.232 JLINK_IsHalted()
T7150 073:730.792 - 0.558ms returns FALSE
T7150 073:730.840 JLINK_IsHalted()
T7150 073:731.248 - 0.410ms returns FALSE
T7150 073:839.576 JLINK_IsHalted()
T7150 073:840.176 - 0.597ms returns FALSE
T7150 073:840.272 JLINK_IsHalted()
T7150 073:840.672 - 0.406ms returns FALSE
T7150 073:949.200 JLINK_IsHalted()
T7150 073:949.648 - 0.450ms returns FALSE
T7150 073:949.704 JLINK_IsHalted()
T7150 073:950.064 - 0.362ms returns FALSE
T7150 074:058.496 JLINK_IsHalted()
T7150 074:058.896 - 0.404ms returns FALSE
T7150 074:058.952 JLINK_IsHalted()
T7150 074:059.272 - 0.319ms returns FALSE
T7150 074:168.448 JLINK_IsHalted()
T7150 074:168.968 - 0.513ms returns FALSE
T7150 074:169.016 JLINK_IsHalted()
T7150 074:169.424 - 0.401ms returns FALSE
T7150 074:276.976 JLINK_IsHalted()
T7150 074:277.384 - 0.410ms returns FALSE
T7150 074:277.424 JLINK_IsHalted()
T7150 074:277.728 - 0.304ms returns FALSE
T7150 074:386.512 JLINK_IsHalted()
T7150 074:387.216 - 0.713ms returns FALSE
T7150 074:387.352 JLINK_IsHalted()
T7150 074:387.984 - 0.621ms returns FALSE
T7150 074:496.096 JLINK_IsHalted()
T7150 074:496.680 - 0.583ms returns FALSE
T7150 074:496.808 JLINK_IsHalted()
T7150 074:497.280 - 0.470ms returns FALSE
T7150 074:605.160 JLINK_IsHalted()
T7150 074:605.800 - 0.639ms returns FALSE
T7150 074:605.920 JLINK_IsHalted()
T7150 074:606.544 - 0.628ms returns FALSE
T9440 074:708.136 JLINK_IsHalted()
T9440 074:708.656 - 0.529ms returns FALSE
T9440 074:708.688 JLINK_IsHalted()
T9440 074:709.072 - 0.377ms returns FALSE
T7150 074:714.864 JLINK_IsHalted()
T7150 074:715.328 - 0.466ms returns FALSE
T7150 074:715.344 JLINK_IsHalted()
T7150 074:715.728 - 0.380ms returns FALSE
T7150 074:824.056 JLINK_IsHalted()
T7150 074:824.864 - 0.804ms returns FALSE
T7150 074:825.000 JLINK_IsHalted()
T7150 074:825.584 - 0.580ms returns FALSE
T7150 074:933.384 JLINK_IsHalted()
T7150 074:933.976 - 0.594ms returns FALSE
T7150 074:934.056 JLINK_IsHalted()
T7150 074:935.984 - 1.922ms returns FALSE
T7150 075:042.704 JLINK_IsHalted()
T7150 075:043.456 - 0.754ms returns FALSE
T7150 075:043.584 JLINK_IsHalted()
T7150 075:044.176 - 0.597ms returns FALSE
T7150 075:152.664 JLINK_IsHalted()
T7150 075:153.480 - 0.808ms returns FALSE
T7150 075:153.592 JLINK_IsHalted()
T7150 075:154.208 - 0.610ms returns FALSE
T7150 075:262.192 JLINK_IsHalted()
T7150 075:262.736 - 0.540ms returns FALSE
T7150 075:262.776 JLINK_IsHalted()
T7150 075:263.144 - 0.364ms returns FALSE
T7150 075:371.776 JLINK_IsHalted()
T7150 075:372.472 - 0.696ms returns FALSE
T7150 075:372.576 JLINK_IsHalted()
T7150 075:373.072 - 0.500ms returns FALSE
T7150 075:481.048 JLINK_IsHalted()
T7150 075:481.688 - 0.634ms returns FALSE
T7150 075:481.792 JLINK_IsHalted()
T7150 075:482.304 - 0.508ms returns FALSE
T7150 075:589.568 JLINK_IsHalted()
T7150 075:590.328 - 0.759ms returns FALSE
T7150 075:590.488 JLINK_IsHalted()
T7150 075:591.048 - 0.551ms returns FALSE
T7150 075:699.296 JLINK_IsHalted()
T7150 075:699.936 - 0.635ms returns FALSE
T7150 075:700.080 JLINK_IsHalted()
T7150 075:700.760 - 0.683ms returns FALSE
T9440 075:709.744 JLINK_IsHalted()
T9440 075:710.360 - 0.622ms returns FALSE
T9440 075:710.560 JLINK_IsHalted()
T9440 075:711.208 - 0.646ms returns FALSE
T7150 075:808.584 JLINK_IsHalted()
T7150 075:809.040 - 0.456ms returns FALSE
T7150 075:809.112 JLINK_IsHalted()
T7150 075:809.416 - 0.301ms returns FALSE
T7150 075:918.232 JLINK_IsHalted()
T7150 075:918.864 - 0.625ms returns FALSE
T7150 075:918.984 JLINK_IsHalted()
T7150 075:919.464 - 0.481ms returns FALSE
T7150 076:027.664 JLINK_IsHalted()
T7150 076:028.296 - 0.628ms returns FALSE
T7150 076:028.376 JLINK_IsHalted()
T7150 076:028.752 - 0.381ms returns FALSE
T7150 076:137.432 JLINK_IsHalted()
T7150 076:138.096 - 0.659ms returns FALSE
T7150 076:138.192 JLINK_IsHalted()
T7150 076:138.712 - 0.522ms returns FALSE
T7150 076:246.000 JLINK_IsHalted()
T7150 076:246.696 - 0.696ms returns FALSE
T7150 076:246.768 JLINK_IsHalted()
T7150 076:247.408 - 0.638ms returns FALSE
T7150 076:356.232 JLINK_IsHalted()
T7150 076:356.960 - 0.727ms returns FALSE
T7150 076:357.096 JLINK_IsHalted()
T7150 076:357.584 - 0.486ms returns FALSE
T7150 076:465.024 JLINK_IsHalted()
T7150 076:465.656 - 0.627ms returns FALSE
T7150 076:465.776 JLINK_IsHalted()
T7150 076:466.304 - 0.524ms returns FALSE
T7150 076:574.072 JLINK_IsHalted()
T7150 076:574.648 - 0.570ms returns FALSE
T7150 076:574.744 JLINK_IsHalted()
T7150 076:575.184 - 0.436ms returns FALSE
T7150 076:683.768 JLINK_IsHalted()
T7150 076:684.624 - 0.858ms returns FALSE
T7150 076:684.760 JLINK_IsHalted()
T7150 076:685.328 - 0.566ms returns FALSE
T9440 076:712.144 JLINK_IsHalted()
T9440 076:712.736 - 0.592ms returns FALSE
T9440 076:712.848 JLINK_IsHalted()
T9440 076:713.392 - 0.540ms returns FALSE
T7150 076:793.856 JLINK_IsHalted()
T7150 076:794.792 - 0.934ms returns FALSE
T7150 076:795.016 JLINK_IsHalted()
T7150 076:795.584 - 0.570ms returns FALSE
T7150 076:902.128 JLINK_IsHalted()
T7150 076:902.912 - 0.780ms returns FALSE
T7150 076:903.080 JLINK_IsHalted()
T7150 076:903.608 - 0.529ms returns FALSE
T7150 077:011.544 JLINK_IsHalted()
T7150 077:012.184 - 0.642ms returns FALSE
T7150 077:012.224 JLINK_IsHalted()
T7150 077:012.768 - 0.541ms returns FALSE
T7150 077:121.456 JLINK_IsHalted()
T7150 077:122.312 - 0.859ms returns FALSE
T7150 077:122.448 JLINK_IsHalted()
T7150 077:123.128 - 0.671ms returns FALSE
T7150 077:230.320 JLINK_IsHalted()
T7150 077:231.032 - 0.705ms returns FALSE
T7150 077:231.152 JLINK_IsHalted()
T7150 077:231.760 - 0.606ms returns FALSE
T7150 077:341.904 JLINK_IsHalted()
T7150 077:342.504 - 0.602ms returns FALSE
T7150 077:342.616 JLINK_IsHalted()
T7150 077:343.144 - 0.525ms returns FALSE
T7150 077:449.296 JLINK_IsHalted()
T7150 077:449.896 - 0.594ms returns FALSE
T7150 077:449.968 JLINK_IsHalted()
T7150 077:450.576 - 0.601ms returns FALSE
T7150 077:558.416 JLINK_IsHalted()
T7150 077:559.056 - 0.646ms returns FALSE
T7150 077:559.152 JLINK_IsHalted()
T7150 077:559.728 - 0.572ms returns FALSE
T7150 077:667.720 JLINK_IsHalted()
T7150 077:668.368 - 0.645ms returns FALSE
T7150 077:668.400 JLINK_IsHalted()
T7150 077:668.808 - 0.404ms returns FALSE
T9440 077:714.152 JLINK_IsHalted()
T9440 077:714.544 - 0.394ms returns FALSE
T9440 077:714.584 JLINK_IsHalted()
T9440 077:714.920 - 0.336ms returns FALSE
T7150 077:777.008 JLINK_IsHalted()
T7150 077:778.864 - 1.862ms returns FALSE
T7150 077:778.912 JLINK_IsHalted()
T7150 077:779.440 - 0.530ms returns FALSE
T7150 077:886.864 JLINK_IsHalted()
T7150 077:887.592 - 0.728ms returns FALSE
T7150 077:887.768 JLINK_IsHalted()
T7150 077:888.264 - 0.486ms returns FALSE
T7150 077:996.784 JLINK_IsHalted()
T7150 077:997.520 - 0.736ms returns FALSE
T7150 077:997.640 JLINK_IsHalted()
T7150 077:998.104 - 0.464ms returns FALSE
T7150 078:105.416 JLINK_IsHalted()
T7150 078:105.840 - 0.430ms returns FALSE
T7150 078:105.888 JLINK_IsHalted()
T7150 078:106.392 - 0.504ms returns FALSE
T7150 078:214.656 JLINK_IsHalted()
T7150 078:215.400 - 0.737ms returns FALSE
T7150 078:215.576 JLINK_IsHalted()
T7150 078:216.112 - 0.532ms returns FALSE
T7150 078:324.912 JLINK_IsHalted()
T7150 078:325.744 - 0.826ms returns FALSE
T7150 078:325.896 JLINK_IsHalted()
T7150 078:326.600 - 0.704ms returns FALSE
T7150 078:434.080 JLINK_IsHalted()
T7150 078:434.832 - 0.745ms returns FALSE
T7150 078:434.952 JLINK_IsHalted()
T7150 078:435.408 - 0.456ms returns FALSE
T7150 078:544.048 JLINK_IsHalted()
T7150 078:545.048 - 1.006ms returns FALSE
T7150 078:545.256 JLINK_IsHalted()
T7150 078:545.704 - 0.446ms returns FALSE
T7150 078:652.600 JLINK_IsHalted()
T7150 078:653.536 - 0.933ms returns FALSE
T7150 078:653.656 JLINK_IsHalted()
T7150 078:654.208 - 0.548ms returns FALSE
T9440 078:715.272 JLINK_IsHalted()
T9440 078:715.872 - 0.602ms returns FALSE
T9440 078:715.920 JLINK_IsHalted()
T9440 078:716.344 - 0.425ms returns FALSE
T7150 078:762.184 JLINK_IsHalted()
T7150 078:762.704 - 0.526ms returns FALSE
T7150 078:762.752 JLINK_IsHalted()
T7150 078:763.184 - 0.438ms returns FALSE
T7150 078:871.344 JLINK_IsHalted()
T7150 078:872.216 - 0.876ms returns FALSE
T7150 078:872.368 JLINK_IsHalted()
T7150 078:872.872 - 0.504ms returns FALSE
T7150 078:980.120 JLINK_IsHalted()
T7150 078:980.688 - 0.570ms returns FALSE
T7150 078:980.800 JLINK_IsHalted()
T7150 078:981.312 - 0.507ms returns FALSE
T7150 079:089.768 JLINK_IsHalted()
T7150 079:091.784 - 2.011ms returns FALSE
T7150 079:091.928 JLINK_IsHalted()
T7150 079:092.536 - 0.608ms returns FALSE
T7150 079:198.976 JLINK_IsHalted()
T7150 079:199.648 - 0.676ms returns FALSE
T7150 079:199.728 JLINK_IsHalted()
T7150 079:200.112 - 0.386ms returns FALSE
T7150 079:309.336 JLINK_IsHalted()
T7150 079:310.200 - 0.863ms returns FALSE
T7150 079:310.320 JLINK_IsHalted()
T7150 079:311.056 - 0.728ms returns FALSE
T7150 079:417.680 JLINK_IsHalted()
T7150 079:418.248 - 0.568ms returns FALSE
T7150 079:418.368 JLINK_IsHalted()
T7150 079:418.768 - 0.397ms returns FALSE
T7150 079:527.376 JLINK_IsHalted()
T7150 079:528.128 - 0.743ms returns FALSE
T7150 079:528.280 JLINK_IsHalted()
T7150 079:528.880 - 0.596ms returns FALSE
T7150 079:636.696 JLINK_IsHalted()
T7150 079:637.296 - 0.600ms returns FALSE
T7150 079:637.392 JLINK_IsHalted()
T7150 079:637.928 - 0.533ms returns FALSE
T9440 079:717.520 JLINK_IsHalted()
T9440 079:718.200 - 0.686ms returns FALSE
T9440 079:718.336 JLINK_IsHalted()
T9440 079:718.736 - 0.398ms returns FALSE
T7150 079:748.048 JLINK_IsHalted()
T7150 079:748.792 - 0.747ms returns FALSE
T7150 079:748.920 JLINK_IsHalted()
T7150 079:749.456 - 0.534ms returns FALSE
T7150 079:855.840 JLINK_IsHalted()
T7150 079:856.472 - 0.636ms returns FALSE
T7150 079:856.544 JLINK_IsHalted()
T7150 079:856.992 - 0.442ms returns FALSE
T7150 079:964.848 JLINK_IsHalted()
T7150 079:965.464 - 0.614ms returns FALSE
T7150 079:965.584 JLINK_IsHalted()
T7150 079:966.136 - 0.553ms returns FALSE
T7150 080:074.704 JLINK_IsHalted()
T7150 080:075.256 - 0.554ms returns FALSE
T7150 080:075.296 JLINK_IsHalted()
T7150 080:075.728 - 0.431ms returns FALSE
T7150 080:183.576 JLINK_IsHalted()
T7150 080:184.528 - 0.945ms returns FALSE
T7150 080:184.672 JLINK_IsHalted()
T7150 080:185.176 - 0.505ms returns FALSE
T7150 080:292.872 JLINK_IsHalted()
T7150 080:293.504 - 0.634ms returns FALSE
T7150 080:293.608 JLINK_IsHalted()
T7150 080:294.320 - 0.715ms returns FALSE
T7150 080:403.632 JLINK_IsHalted()
T7150 080:404.496 - 0.859ms returns FALSE
T7150 080:404.632 JLINK_IsHalted()
T7150 080:405.232 - 0.591ms returns FALSE
T7150 080:511.792 JLINK_IsHalted()
T7150 080:512.432 - 0.633ms returns FALSE
T7150 080:512.528 JLINK_IsHalted()
T7150 080:513.096 - 0.569ms returns FALSE
T7150 080:621.648 JLINK_IsHalted()
T7150 080:622.384 - 0.735ms returns FALSE
T7150 080:622.568 JLINK_IsHalted()
T7150 080:623.216 - 0.652ms returns FALSE
T9440 080:719.488 JLINK_IsHalted()
T9440 080:720.000 - 0.512ms returns FALSE
T9440 080:720.048 JLINK_IsHalted()
T9440 080:720.440 - 0.390ms returns FALSE
T7150 080:731.088 JLINK_IsHalted()
T7150 080:731.776 - 0.695ms returns FALSE
T7150 080:731.824 JLINK_IsHalted()
T7150 080:732.272 - 0.444ms returns FALSE
T7150 080:840.048 JLINK_IsHalted()
T7150 080:840.752 - 0.702ms returns FALSE
T7150 080:840.840 JLINK_IsHalted()
T7150 080:841.304 - 0.468ms returns FALSE
T7150 080:948.896 JLINK_IsHalted()
T7150 080:949.520 - 0.617ms returns FALSE
T7150 080:949.560 JLINK_IsHalted()
T7150 080:950.072 - 0.506ms returns FALSE
T7150 081:058.960 JLINK_IsHalted()
T7150 081:059.688 - 0.720ms returns FALSE
T7150 081:059.784 JLINK_IsHalted()
T7150 081:060.376 - 0.598ms returns FALSE
T7150 081:168.008 JLINK_IsHalted()
T7150 081:168.720 - 0.715ms returns FALSE
T7150 081:168.864 JLINK_IsHalted()
T7150 081:169.344 - 0.476ms returns FALSE
T7150 081:277.176 JLINK_IsHalted()
T7150 081:277.832 - 0.656ms returns FALSE
T7150 081:277.968 JLINK_IsHalted()
T7150 081:278.760 - 0.787ms returns FALSE
T7150 081:388.560 JLINK_IsHalted()
T7150 081:389.264 - 0.694ms returns FALSE
T7150 081:389.384 JLINK_IsHalted()
T7150 081:390.016 - 0.627ms returns FALSE
T7150 081:496.872 JLINK_IsHalted()
T7150 081:497.480 - 0.611ms returns FALSE
T7150 081:497.616 JLINK_IsHalted()
T7150 081:498.136 - 0.521ms returns FALSE
T7150 081:605.784 JLINK_IsHalted()
T7150 081:606.504 - 0.712ms returns FALSE
T7150 081:606.640 JLINK_IsHalted()
T7150 081:607.152 - 0.504ms returns FALSE
T7150 081:714.832 JLINK_IsHalted()
T7150 081:715.504 - 0.662ms returns FALSE
T7150 081:715.632 JLINK_IsHalted()
T7150 081:716.208 - 0.585ms returns FALSE
T9440 081:721.360 JLINK_IsHalted()
T9440 081:722.016 - 0.662ms returns FALSE
T9440 081:722.136 JLINK_IsHalted()
T9440 081:722.560 - 0.426ms returns FALSE
T7150 081:824.424 JLINK_IsHalted()
T7150 081:827.168 - 2.744ms returns FALSE
T7150 081:827.248 JLINK_IsHalted()
T7150 081:827.712 - 0.464ms returns FALSE
T7150 081:954.720 JLINK_IsHalted()
T7150 081:955.224 - 0.502ms returns FALSE
T7150 081:955.312 JLINK_IsHalted()
T7150 081:955.688 - 0.372ms returns FALSE
T7150 082:058.416 JLINK_IsHalted()
T7150 082:059.064 - 0.651ms returns FALSE
T7150 082:059.184 JLINK_IsHalted()
T7150 082:059.776 - 0.590ms returns FALSE
T7150 082:168.648 JLINK_IsHalted()
T7150 082:169.392 - 0.743ms returns FALSE
T7150 082:169.520 JLINK_IsHalted()
T7150 082:170.176 - 0.650ms returns FALSE
T7150 082:277.776 JLINK_IsHalted()
T7150 082:278.392 - 0.620ms returns FALSE
T7150 082:278.448 JLINK_IsHalted()
T7150 082:279.024 - 0.568ms returns FALSE
T7150 082:386.464 JLINK_IsHalted()
T7150 082:387.224 - 0.764ms returns FALSE
T7150 082:387.344 JLINK_IsHalted()
T7150 082:387.888 - 0.541ms returns FALSE
T7150 082:496.592 JLINK_IsHalted()
T7150 082:497.208 - 0.624ms returns FALSE
T7150 082:497.336 JLINK_IsHalted()
T7150 082:497.824 - 0.484ms returns FALSE
T7150 082:605.712 JLINK_IsHalted()
T7150 082:606.384 - 0.672ms returns FALSE
T7150 082:606.464 JLINK_IsHalted()
T7150 082:607.096 - 0.633ms returns FALSE
T7150 082:714.872 JLINK_IsHalted()
T7150 082:715.544 - 0.670ms returns FALSE
T7150 082:715.680 JLINK_IsHalted()
T7150 082:716.152 - 0.472ms returns FALSE
T9440 082:723.248 JLINK_IsHalted()
T9440 082:723.976 - 0.729ms returns FALSE
T9440 082:724.128 JLINK_IsHalted()
T9440 082:724.792 - 0.662ms returns FALSE
T7150 082:824.328 JLINK_IsHalted()
T7150 082:824.912 - 0.587ms returns FALSE
T7150 082:824.976 JLINK_IsHalted()
T7150 082:825.520 - 0.533ms returns FALSE
T7150 082:933.488 JLINK_IsHalted()
T7150 082:934.296 - 0.807ms returns FALSE
T7150 082:934.432 JLINK_IsHalted()
T7150 082:935.088 - 0.646ms returns FALSE
T7150 083:043.384 JLINK_IsHalted()
T7150 083:046.408 - 3.015ms returns FALSE
T7150 083:046.592 JLINK_IsHalted()
T7150 083:047.232 - 0.636ms returns FALSE
T7150 083:152.240 JLINK_IsHalted()
T7150 083:152.984 - 0.738ms returns FALSE
T7150 083:153.240 JLINK_IsHalted()
T7150 083:153.880 - 0.634ms returns FALSE
T7150 083:261.776 JLINK_IsHalted()
T7150 083:262.448 - 0.667ms returns FALSE
T7150 083:262.576 JLINK_IsHalted()
T7150 083:263.216 - 0.640ms returns FALSE
T7150 083:370.792 JLINK_IsHalted()
T7150 083:371.424 - 0.629ms returns FALSE
T7150 083:371.552 JLINK_IsHalted()
T7150 083:372.080 - 0.519ms returns FALSE
T7150 083:480.856 JLINK_IsHalted()
T7150 083:481.544 - 0.686ms returns FALSE
T7150 083:481.664 JLINK_IsHalted()
T7150 083:482.336 - 0.666ms returns FALSE
T7150 083:590.008 JLINK_IsHalted()
T7150 083:590.784 - 0.771ms returns FALSE
T7150 083:590.968 JLINK_IsHalted()
T7150 083:591.552 - 0.577ms returns FALSE
T7150 083:700.968 JLINK_IsHalted()
T7150 083:701.632 - 0.660ms returns FALSE
T7150 083:701.776 JLINK_IsHalted()
T7150 083:702.416 - 0.637ms returns FALSE
T9440 083:727.616 JLINK_IsHalted()
T9440 083:728.400 - 0.784ms returns FALSE
T9440 083:728.544 JLINK_IsHalted()
T9440 083:729.168 - 0.618ms returns FALSE
T7150 083:808.744 JLINK_IsHalted()
T7150 083:809.472 - 0.725ms returns FALSE
T7150 083:809.536 JLINK_IsHalted()
T7150 083:810.144 - 0.612ms returns FALSE
T7150 083:917.760 JLINK_IsHalted()
T7150 083:918.392 - 0.631ms returns FALSE
T7150 083:918.480 JLINK_IsHalted()
T7150 083:918.928 - 0.440ms returns FALSE
T7150 084:027.976 JLINK_IsHalted()
T7150 084:028.592 - 0.610ms returns FALSE
T7150 084:028.736 JLINK_IsHalted()
T7150 084:029.312 - 0.574ms returns FALSE
T7150 084:137.272 JLINK_IsHalted()
T7150 084:138.056 - 0.781ms returns FALSE
T7150 084:138.176 JLINK_IsHalted()
T7150 084:138.896 - 0.716ms returns FALSE
T7150 084:246.488 JLINK_IsHalted()
T7150 084:247.208 - 0.716ms returns FALSE
T7150 084:247.336 JLINK_IsHalted()
T7150 084:247.880 - 0.541ms returns FALSE
T7150 084:356.752 JLINK_IsHalted()
T7150 084:357.208 - 0.458ms returns FALSE
T7150 084:357.256 JLINK_IsHalted()
T7150 084:357.664 - 0.410ms returns FALSE
T7150 084:465.120 JLINK_IsHalted()
T7150 084:465.808 - 0.684ms returns FALSE
T7150 084:465.928 JLINK_IsHalted()
T7150 084:466.488 - 0.561ms returns FALSE
T7150 084:574.432 JLINK_IsHalted()
T7150 084:575.224 - 0.789ms returns FALSE
T7150 084:575.368 JLINK_IsHalted()
T7150 084:576.144 - 0.775ms returns FALSE
T7150 084:683.640 JLINK_IsHalted()
T7150 084:684.464 - 0.827ms returns FALSE
T7150 084:684.504 JLINK_IsHalted()
T7150 084:684.928 - 0.421ms returns FALSE
T9440 084:731.312 JLINK_IsHalted()
T9440 084:732.048 - 0.729ms returns FALSE
T9440 084:732.160 JLINK_IsHalted()
T9440 084:732.688 - 0.522ms returns FALSE
T7150 084:793.136 JLINK_IsHalted()
T7150 084:793.864 - 0.730ms returns FALSE
T7150 084:793.984 JLINK_IsHalted()
T7150 084:794.544 - 0.551ms returns FALSE
T7150 084:903.432 JLINK_IsHalted()
T7150 084:904.104 - 0.672ms returns FALSE
T7150 084:904.248 JLINK_IsHalted()
T7150 084:904.816 - 0.565ms returns FALSE
T7150 085:011.616 JLINK_IsHalted()
T7150 085:012.400 - 0.783ms returns FALSE
T7150 085:012.536 JLINK_IsHalted()
T7150 085:015.400 - 2.861ms returns FALSE
T7150 085:121.200 JLINK_IsHalted()
T7150 085:121.816 - 0.619ms returns FALSE
T7150 085:121.904 JLINK_IsHalted()
T7150 085:122.632 - 0.726ms returns FALSE
T7150 085:231.064 JLINK_IsHalted()
T7150 085:231.912 - 0.844ms returns FALSE
T7150 085:232.000 JLINK_IsHalted()
T7150 085:232.520 - 0.517ms returns FALSE
T7150 085:339.952 JLINK_IsHalted()
T7150 085:340.536 - 0.589ms returns FALSE
T7150 085:340.592 JLINK_IsHalted()
T7150 085:340.960 - 0.371ms returns FALSE
T7150 085:449.224 JLINK_IsHalted()
T7150 085:449.904 - 0.683ms returns FALSE
T7150 085:450.080 JLINK_IsHalted()
T7150 085:450.664 - 0.578ms returns FALSE
T7150 085:558.736 JLINK_IsHalted()
T7150 085:560.656 - 1.925ms returns FALSE
T7150 085:560.784 JLINK_IsHalted()
T7150 085:561.248 - 0.461ms returns FALSE
T7150 085:668.288 JLINK_IsHalted()
T7150 085:668.992 - 0.699ms returns FALSE
T7150 085:669.136 JLINK_IsHalted()
T7150 085:669.624 - 0.489ms returns FALSE
T9440 085:733.904 JLINK_IsHalted()
T9440 085:734.576 - 0.669ms returns FALSE
T9440 085:734.680 JLINK_IsHalted()
T9440 085:735.176 - 0.491ms returns FALSE
T7150 085:777.552 JLINK_IsHalted()
T7150 085:778.096 - 0.532ms returns FALSE
T7150 085:778.136 JLINK_IsHalted()
T7150 085:778.592 - 0.452ms returns FALSE
T7150 085:886.944 JLINK_IsHalted()
T7150 085:888.976 - 2.030ms returns FALSE
T7150 085:889.056 JLINK_IsHalted()
T7150 085:889.392 - 0.340ms returns FALSE
T7150 085:997.008 JLINK_IsHalted()
T7150 085:997.656 - 0.642ms returns FALSE
T7150 085:997.792 JLINK_IsHalted()
T7150 085:998.232 - 0.445ms returns FALSE
T7150 086:106.008 JLINK_IsHalted()
T7150 086:106.688 - 0.671ms returns FALSE
T7150 086:106.776 JLINK_IsHalted()
T7150 086:107.240 - 0.456ms returns FALSE
T7150 086:215.504 JLINK_IsHalted()
T7150 086:216.368 - 0.866ms returns FALSE
T7150 086:216.512 JLINK_IsHalted()
T7150 086:217.144 - 0.631ms returns FALSE
T7150 086:324.464 JLINK_IsHalted()
T7150 086:325.200 - 0.732ms returns FALSE
T7150 086:325.320 JLINK_IsHalted()
T7150 086:325.760 - 0.438ms returns FALSE
T7150 086:433.328 JLINK_IsHalted()
T7150 086:434.128 - 0.799ms returns FALSE
T7150 086:434.288 JLINK_IsHalted()
T7150 086:434.864 - 0.582ms returns FALSE
T7150 086:542.936 JLINK_IsHalted()
T7150 086:543.720 - 0.782ms returns FALSE
T7150 086:543.760 JLINK_IsHalted()
T7150 086:544.224 - 0.468ms returns FALSE
T7150 086:653.320 JLINK_IsHalted()
T7150 086:654.000 - 0.679ms returns FALSE
T7150 086:654.096 JLINK_IsHalted()
T7150 086:654.768 - 0.666ms returns FALSE
T9440 086:736.944 JLINK_IsHalted()
T9440 086:737.728 - 0.785ms returns FALSE
T9440 086:737.872 JLINK_IsHalted()
T9440 086:738.416 - 0.550ms returns FALSE
T7150 086:762.224 JLINK_IsHalted()
T7150 086:762.832 - 0.601ms returns FALSE
T7150 086:762.896 JLINK_IsHalted()
T7150 086:763.504 - 0.603ms returns FALSE
T7150 086:870.904 JLINK_IsHalted()
T7150 086:871.632 - 0.729ms returns FALSE
T7150 086:871.680 JLINK_IsHalted()
T7150 086:872.152 - 0.475ms returns FALSE
T7150 086:980.376 JLINK_IsHalted()
T7150 086:983.152 - 2.772ms returns FALSE
T7150 086:983.256 JLINK_IsHalted()
T7150 086:983.736 - 0.484ms returns FALSE
T7150 087:089.944 JLINK_IsHalted()
T7150 087:090.736 - 0.789ms returns FALSE
T7150 087:090.888 JLINK_IsHalted()
T7150 087:091.424 - 0.535ms returns FALSE
T7150 087:198.984 JLINK_IsHalted()
T7150 087:199.568 - 0.587ms returns FALSE
T7150 087:199.632 JLINK_IsHalted()
T7150 087:200.080 - 0.445ms returns FALSE
T7150 087:308.752 JLINK_IsHalted()
T7150 087:309.408 - 0.657ms returns FALSE
T7150 087:309.496 JLINK_IsHalted()
T7150 087:310.096 - 0.592ms returns FALSE
T7150 087:418.056 JLINK_IsHalted()
T7150 087:418.736 - 0.687ms returns FALSE
T7150 087:418.896 JLINK_IsHalted()
T7150 087:419.296 - 0.400ms returns FALSE
T7150 087:527.248 JLINK_IsHalted()
T7150 087:528.048 - 0.802ms returns FALSE
T7150 087:528.216 JLINK_IsHalted()
T7150 087:528.752 - 0.541ms returns FALSE
T7150 087:636.736 JLINK_IsHalted()
T7150 087:637.256 - 0.516ms returns FALSE
T7150 087:637.336 JLINK_IsHalted()
T7150 087:637.672 - 0.335ms returns FALSE
T9440 087:739.712 JLINK_IsHalted()
T9440 087:740.456 - 0.738ms returns FALSE
T9440 087:740.624 JLINK_IsHalted()
T9440 087:741.184 - 0.557ms returns FALSE
T7150 087:746.304 JLINK_IsHalted()
T7150 087:747.184 - 0.880ms returns FALSE
T7150 087:747.320 JLINK_IsHalted()
T7150 087:748.024 - 0.705ms returns FALSE
T7150 087:856.080 JLINK_IsHalted()
T7150 087:856.656 - 0.573ms returns FALSE
T7150 087:856.696 JLINK_IsHalted()
T7150 087:857.200 - 0.508ms returns FALSE
T7150 087:965.176 JLINK_IsHalted()
T7150 087:965.808 - 0.632ms returns FALSE
T7150 087:965.928 JLINK_IsHalted()
T7150 087:966.536 - 0.606ms returns FALSE
T7150 088:074.192 JLINK_IsHalted()
T7150 088:074.856 - 0.656ms returns FALSE
T7150 088:074.904 JLINK_IsHalted()
T7150 088:075.440 - 0.536ms returns FALSE
T7150 088:183.896 JLINK_IsHalted()
T7150 088:184.472 - 0.573ms returns FALSE
T7150 088:184.528 JLINK_IsHalted()
T7150 088:184.952 - 0.425ms returns FALSE
T7150 088:293.048 JLINK_IsHalted()
T7150 088:293.792 - 0.740ms returns FALSE
T7150 088:293.912 JLINK_IsHalted()
T7150 088:294.384 - 0.471ms returns FALSE
T7150 088:403.120 JLINK_IsHalted()
T7150 088:403.840 - 0.716ms returns FALSE
T7150 088:403.984 JLINK_IsHalted()
T7150 088:404.544 - 0.556ms returns FALSE
T7150 088:511.656 JLINK_IsHalted()
T7150 088:512.248 - 0.597ms returns FALSE
T7150 088:512.304 JLINK_IsHalted()
T7150 088:512.848 - 0.532ms returns FALSE
T7150 088:621.384 JLINK_IsHalted()
T7150 088:622.120 - 0.737ms returns FALSE
T7150 088:622.256 JLINK_IsHalted()
T7150 088:622.736 - 0.478ms returns FALSE
T7150 088:730.736 JLINK_IsHalted()
T7150 088:731.376 - 0.642ms returns FALSE
T7150 088:731.440 JLINK_IsHalted()
T7150 088:731.952 - 0.516ms returns FALSE
T9440 088:743.152 JLINK_IsHalted()
T9440 088:743.824 - 0.673ms returns FALSE
T9440 088:743.952 JLINK_IsHalted()
T9440 088:744.560 - 0.600ms returns FALSE
T7150 088:841.040 JLINK_IsHalted()
T7150 088:841.856 - 0.821ms returns FALSE
T7150 088:841.992 JLINK_IsHalted()
T7150 088:842.640 - 0.654ms returns FALSE
T7150 088:949.896 JLINK_IsHalted()
T7150 088:950.528 - 0.633ms returns FALSE
T7150 088:950.664 JLINK_IsHalted()
T7150 088:951.224 - 0.566ms returns FALSE
T7150 089:059.096 JLINK_IsHalted()
T7150 089:059.688 - 0.590ms returns FALSE
T7150 089:059.856 JLINK_IsHalted()
T7150 089:060.496 - 0.640ms returns FALSE
T7150 089:168.176 JLINK_IsHalted()
T7150 089:168.848 - 0.673ms returns FALSE
T7150 089:168.968 JLINK_IsHalted()
T7150 089:169.520 - 0.553ms returns FALSE
T7150 089:277.136 JLINK_IsHalted()
T7150 089:277.856 - 0.714ms returns FALSE
T7150 089:277.976 JLINK_IsHalted()
T7150 089:278.464 - 0.483ms returns FALSE
T7150 089:387.312 JLINK_IsHalted()
T7150 089:387.920 - 0.617ms returns FALSE
T7150 089:388.064 JLINK_IsHalted()
T7150 089:388.528 - 0.462ms returns FALSE
T7150 089:496.688 JLINK_IsHalted()
T7150 089:497.400 - 0.712ms returns FALSE
T7150 089:497.536 JLINK_IsHalted()
T7150 089:498.072 - 0.533ms returns FALSE
T7150 089:605.448 JLINK_IsHalted()
T7150 089:606.200 - 0.737ms returns FALSE
T7150 089:606.328 JLINK_IsHalted()
T7150 089:606.840 - 0.508ms returns FALSE
T7150 089:715.232 JLINK_IsHalted()
T7150 089:716.056 - 0.828ms returns FALSE
T7150 089:716.160 JLINK_IsHalted()
T7150 089:718.120 - 1.953ms returns FALSE
T9440 089:746.072 JLINK_IsHalted()
T9440 089:746.808 - 0.732ms returns FALSE
T9440 089:746.944 JLINK_IsHalted()
T9440 089:747.440 - 0.494ms returns FALSE
T7150 089:824.088 JLINK_IsHalted()
T7150 089:824.824 - 0.730ms returns FALSE
T7150 089:824.952 JLINK_IsHalted()
T7150 089:825.480 - 0.521ms returns FALSE
T7150 089:933.992 JLINK_IsHalted()
T7150 089:934.672 - 0.673ms returns FALSE
T7150 089:934.800 JLINK_IsHalted()
T7150 089:935.408 - 0.618ms returns FALSE
T7150 090:043.520 JLINK_IsHalted()
T7150 090:043.920 - 0.398ms returns FALSE
T7150 090:043.952 JLINK_IsHalted()
T7150 090:044.336 - 0.395ms returns FALSE
T7150 090:153.504 JLINK_IsHalted()
T7150 090:154.296 - 0.794ms returns FALSE
T7150 090:154.448 JLINK_IsHalted()
T7150 090:155.032 - 0.579ms returns FALSE
T7150 090:261.808 JLINK_IsHalted()
T7150 090:262.464 - 0.662ms returns FALSE
T7150 090:262.520 JLINK_IsHalted()
T7150 090:262.992 - 0.469ms returns FALSE
T7150 090:371.216 JLINK_IsHalted()
T7150 090:371.952 - 0.725ms returns FALSE
T7150 090:372.032 JLINK_IsHalted()
T7150 090:372.560 - 0.530ms returns FALSE
T7150 090:480.840 JLINK_IsHalted()
T7150 090:481.400 - 0.560ms returns FALSE
T7150 090:481.456 JLINK_IsHalted()
T7150 090:481.848 - 0.392ms returns FALSE
T7150 090:589.936 JLINK_IsHalted()
T7150 090:592.784 - 2.839ms returns FALSE
T7150 090:592.976 JLINK_IsHalted()
T7150 090:595.264 - 2.292ms returns FALSE
T7150 090:699.888 JLINK_IsHalted()
T7150 090:700.480 - 0.597ms returns FALSE
T7150 090:700.560 JLINK_IsHalted()
T7150 090:701.056 - 0.494ms returns FALSE
T9440 090:748.264 JLINK_IsHalted()
T9440 090:750.264 - 2.001ms returns FALSE
T9440 090:750.368 JLINK_IsHalted()
T9440 090:750.992 - 0.617ms returns FALSE
T7150 090:808.448 JLINK_IsHalted()
T7150 090:809.328 - 0.878ms returns FALSE
T7150 090:809.496 JLINK_IsHalted()
T7150 090:809.992 - 0.489ms returns FALSE
T7150 090:917.744 JLINK_IsHalted()
T7150 090:918.368 - 0.627ms returns FALSE
T7150 090:918.480 JLINK_IsHalted()
T7150 090:918.904 - 0.428ms returns FALSE
T7150 091:027.440 JLINK_IsHalted()
T7150 091:028.056 - 0.621ms returns FALSE
T7150 091:028.112 JLINK_IsHalted()
T7150 091:028.576 - 0.460ms returns FALSE
T7150 091:137.304 JLINK_IsHalted()
T7150 091:138.000 - 0.696ms returns FALSE
T7150 091:138.088 JLINK_IsHalted()
T7150 091:138.608 - 0.513ms returns FALSE
T7150 091:246.552 JLINK_IsHalted()
T7150 091:247.056 - 0.495ms returns FALSE
T7150 091:247.096 JLINK_IsHalted()
T7150 091:247.688 - 0.587ms returns FALSE
T7150 091:355.360 JLINK_IsHalted()
T7150 091:355.984 - 0.619ms returns FALSE
T7150 091:356.048 JLINK_IsHalted()
T7150 091:356.536 - 0.492ms returns FALSE
T7150 091:465.072 JLINK_IsHalted()
T7150 091:465.704 - 0.625ms returns FALSE
T7150 091:465.824 JLINK_IsHalted()
T7150 091:466.320 - 0.501ms returns FALSE
T7150 091:574.008 JLINK_IsHalted()
T7150 091:574.688 - 0.679ms returns FALSE
T7150 091:574.808 JLINK_IsHalted()
T7150 091:575.376 - 0.557ms returns FALSE
T7150 091:683.800 JLINK_IsHalted()
T7150 091:684.480 - 0.680ms returns FALSE
T7150 091:684.528 JLINK_IsHalted()
T7150 091:685.136 - 0.597ms returns FALSE
T9440 091:751.504 JLINK_IsHalted()
T9440 091:752.024 - 0.523ms returns FALSE
T9440 091:752.072 JLINK_IsHalted()
T9440 091:752.592 - 0.526ms returns FALSE
T7150 091:792.680 JLINK_IsHalted()
T7150 091:793.320 - 0.642ms returns FALSE
T7150 091:793.368 JLINK_IsHalted()
T7150 091:793.800 - 0.430ms returns FALSE
T7150 091:902.720 JLINK_IsHalted()
T7150 091:903.312 - 0.595ms returns FALSE
T7150 091:903.360 JLINK_IsHalted()
T7150 091:903.800 - 0.440ms returns FALSE
T7150 092:011.728 JLINK_IsHalted()
T7150 092:012.296 - 0.564ms returns FALSE
T7150 092:012.368 JLINK_IsHalted()
T7150 092:012.856 - 0.494ms returns FALSE
T7150 092:121.168 JLINK_IsHalted()
T7150 092:121.792 - 0.622ms returns FALSE
T7150 092:121.880 JLINK_IsHalted()
T7150 092:122.432 - 0.549ms returns FALSE
T7150 092:231.216 JLINK_IsHalted()
T7150 092:231.880 - 0.656ms returns FALSE
T7150 092:232.000 JLINK_IsHalted()
T7150 092:234.144 - 2.137ms returns FALSE
T7150 092:340.296 JLINK_IsHalted()
T7150 092:340.872 - 0.572ms returns FALSE
T7150 092:341.000 JLINK_IsHalted()
T7150 092:341.552 - 0.548ms returns FALSE
T7150 092:449.072 JLINK_IsHalted()
T7150 092:449.840 - 0.767ms returns FALSE
T7150 092:450.000 JLINK_IsHalted()
T7150 092:450.528 - 0.527ms returns FALSE
T7150 092:558.776 JLINK_IsHalted()
T7150 092:559.440 - 0.656ms returns FALSE
T7150 092:559.568 JLINK_IsHalted()
T7150 092:560.160 - 0.594ms returns FALSE
T7150 092:667.904 JLINK_IsHalted()
T7150 092:668.528 - 0.624ms returns FALSE
T7150 092:668.624 JLINK_IsHalted()
T7150 092:669.112 - 0.490ms returns FALSE
T9440 092:754.312 JLINK_IsHalted()
T9440 092:755.192 - 0.884ms returns FALSE
T9440 092:755.320 JLINK_IsHalted()
T9440 092:755.768 - 0.445ms returns FALSE
T7150 092:777.616 JLINK_IsHalted()
T7150 092:778.192 - 0.578ms returns FALSE
T7150 092:778.240 JLINK_IsHalted()
T7150 092:778.672 - 0.429ms returns FALSE
T7150 092:886.624 JLINK_IsHalted()
T7150 092:887.272 - 0.646ms returns FALSE
T7150 092:887.408 JLINK_IsHalted()
T7150 092:888.008 - 0.600ms returns FALSE
T7150 092:995.976 JLINK_IsHalted()
T7150 092:996.464 - 0.481ms returns FALSE
T7150 092:996.624 JLINK_IsHalted()
T7150 092:997.048 - 0.421ms returns FALSE
T7150 093:105.680 JLINK_IsHalted()
T7150 093:106.448 - 0.765ms returns FALSE
T7150 093:106.600 JLINK_IsHalted()
T7150 093:107.216 - 0.610ms returns FALSE
T7150 093:214.768 JLINK_IsHalted()
T7150 093:215.648 - 0.874ms returns FALSE
T7150 093:215.824 JLINK_IsHalted()
T7150 093:216.464 - 0.635ms returns FALSE
T7150 093:324.272 JLINK_IsHalted()
T7150 093:324.904 - 0.630ms returns FALSE
T7150 093:325.040 JLINK_IsHalted()
T7150 093:325.552 - 0.510ms returns FALSE
T7150 093:433.560 JLINK_IsHalted()
T7150 093:434.288 - 0.729ms returns FALSE
T7150 093:434.416 JLINK_IsHalted()
T7150 093:435.040 - 0.627ms returns FALSE
T7150 093:543.360 JLINK_IsHalted()
T7150 093:543.968 - 0.610ms returns FALSE
T7150 093:544.040 JLINK_IsHalted()
T7150 093:544.464 - 0.423ms returns FALSE
T7150 093:652.208 JLINK_IsHalted()
T7150 093:652.856 - 0.645ms returns FALSE
T7150 093:652.944 JLINK_IsHalted()
T7150 093:653.448 - 0.509ms returns FALSE
T9440 093:757.216 JLINK_IsHalted()
T9440 093:757.912 - 0.696ms returns FALSE
T9440 093:758.008 JLINK_IsHalted()
T9440 093:758.608 - 0.599ms returns FALSE
T7150 093:762.544 JLINK_IsHalted()
T7150 093:763.152 - 0.604ms returns FALSE
T7150 093:763.344 JLINK_IsHalted()
T7150 093:763.976 - 0.636ms returns FALSE
T7150 093:871.440 JLINK_IsHalted()
T7150 093:872.272 - 0.828ms returns FALSE
T7150 093:872.384 JLINK_IsHalted()
T7150 093:873.024 - 0.641ms returns FALSE
T7150 093:981.016 JLINK_IsHalted()
T7150 093:981.784 - 0.770ms returns FALSE
T7150 093:981.904 JLINK_IsHalted()
T7150 093:983.600 - 1.690ms returns FALSE
T7150 094:089.936 JLINK_IsHalted()
T7150 094:090.656 - 0.719ms returns FALSE
T7150 094:090.800 JLINK_IsHalted()
T7150 094:091.384 - 0.585ms returns FALSE
T7150 094:201.456 JLINK_IsHalted()
T7150 094:202.288 - 0.835ms returns FALSE
T7150 094:202.440 JLINK_IsHalted()
T7150 094:202.912 - 0.473ms returns FALSE
T7150 094:308.568 JLINK_IsHalted()
T7150 094:309.256 - 0.685ms returns FALSE
T7150 094:309.584 JLINK_IsHalted()
T7150 094:310.328 - 0.744ms returns FALSE
T7150 094:418.424 JLINK_IsHalted()
T7150 094:419.464 - 1.033ms returns FALSE
T7150 094:419.568 JLINK_IsHalted()
T7150 094:420.128 - 0.558ms returns FALSE
T7150 094:527.544 JLINK_IsHalted()
T7150 094:528.304 - 0.752ms returns FALSE
T7150 094:528.464 JLINK_IsHalted()
T7150 094:529.184 - 0.716ms returns FALSE
T7150 094:636.744 JLINK_IsHalted()
T7150 094:637.528 - 0.789ms returns FALSE
T7150 094:637.664 JLINK_IsHalted()
T7150 094:638.384 - 0.722ms returns FALSE
T7150 094:745.808 JLINK_IsHalted()
T7150 094:746.544 - 0.733ms returns FALSE
T7150 094:746.680 JLINK_IsHalted()
T7150 094:747.264 - 0.579ms returns FALSE
T9440 094:759.688 JLINK_IsHalted()
T9440 094:760.240 - 0.546ms returns FALSE
T9440 094:760.304 JLINK_IsHalted()
T9440 094:760.824 - 0.522ms returns FALSE
T7150 094:855.184 JLINK_IsHalted()
T7150 094:858.448 - 3.261ms returns FALSE
T7150 094:858.544 JLINK_IsHalted()
T7150 094:859.120 - 0.565ms returns FALSE
T7150 094:965.400 JLINK_IsHalted()
T7150 094:965.968 - 0.565ms returns FALSE
T7150 094:966.024 JLINK_IsHalted()
T7150 094:966.432 - 0.405ms returns FALSE
T7150 095:074.512 JLINK_IsHalted()
T7150 095:075.016 - 0.501ms returns FALSE
T7150 095:075.064 JLINK_IsHalted()
T7150 095:075.432 - 0.363ms returns FALSE
T7150 095:183.416 JLINK_IsHalted()
T7150 095:183.864 - 0.449ms returns FALSE
T7150 095:183.952 JLINK_IsHalted()
T7150 095:184.272 - 0.325ms returns FALSE
T7150 095:293.304 JLINK_IsHalted()
T7150 095:294.048 - 0.735ms returns FALSE
T7150 095:294.160 JLINK_IsHalted()
T7150 095:294.752 - 0.590ms returns FALSE
T7150 095:402.160 JLINK_IsHalted()
T7150 095:402.688 - 0.530ms returns FALSE
T7150 095:402.744 JLINK_IsHalted()
T7150 095:403.152 - 0.399ms returns FALSE
T7150 095:512.256 JLINK_IsHalted()
T7150 095:513.136 - 0.874ms returns FALSE
T7150 095:513.192 JLINK_IsHalted()
T7150 095:513.728 - 0.538ms returns FALSE
T7150 095:622.288 JLINK_IsHalted()
T7150 095:622.936 - 0.650ms returns FALSE
T7150 095:622.992 JLINK_IsHalted()
T7150 095:623.480 - 0.483ms returns FALSE
T7150 095:730.896 JLINK_IsHalted()
T7150 095:731.416 - 0.519ms returns FALSE
T7150 095:731.504 JLINK_IsHalted()
T7150 095:731.992 - 0.491ms returns FALSE
T9440 095:763.176 JLINK_IsHalted()
T9440 095:763.928 - 0.755ms returns FALSE
T9440 095:764.040 JLINK_IsHalted()
T9440 095:764.544 - 0.502ms returns FALSE
T7150 095:839.776 JLINK_IsHalted()
T7150 095:840.400 - 0.625ms returns FALSE
T7150 095:840.456 JLINK_IsHalted()
T7150 095:840.928 - 0.471ms returns FALSE
T7150 095:949.872 JLINK_IsHalted()
T7150 095:950.568 - 0.697ms returns FALSE
T7150 095:950.688 JLINK_IsHalted()
T7150 095:951.232 - 0.545ms returns FALSE
T7150 096:059.104 JLINK_IsHalted()
T7150 096:059.696 - 0.587ms returns FALSE
T7150 096:059.720 JLINK_IsHalted()
T7150 096:060.128 - 0.406ms returns FALSE
T7150 096:168.784 JLINK_IsHalted()
T7150 096:169.440 - 0.647ms returns FALSE
T7150 096:169.576 JLINK_IsHalted()
T7150 096:170.160 - 0.591ms returns FALSE
T7150 096:278.176 JLINK_IsHalted()
T7150 096:278.848 - 0.672ms returns FALSE
T7150 096:278.952 JLINK_IsHalted()
T7150 096:281.256 - 2.306ms returns FALSE
T7150 096:387.248 JLINK_IsHalted()
T7150 096:388.056 - 0.804ms returns FALSE
T7150 096:388.296 JLINK_IsHalted()
T7150 096:388.816 - 0.528ms returns FALSE
T7150 096:496.648 JLINK_IsHalted()
T7150 096:497.088 - 0.437ms returns FALSE
T7150 096:497.112 JLINK_IsHalted()
T7150 096:497.440 - 0.330ms returns FALSE
T7150 096:605.360 JLINK_IsHalted()
T7150 096:606.040 - 0.686ms returns FALSE
T7150 096:606.168 JLINK_IsHalted()
T7150 096:606.664 - 0.491ms returns FALSE
T7150 096:714.616 JLINK_IsHalted()
T7150 096:715.152 - 0.535ms returns FALSE
T7150 096:715.200 JLINK_IsHalted()
T7150 096:715.632 - 0.427ms returns FALSE
T9440 096:765.264 JLINK_IsHalted()
T9440 096:765.872 - 0.605ms returns FALSE
T9440 096:766.000 JLINK_IsHalted()
T9440 096:766.528 - 0.527ms returns FALSE
T7150 096:824.288 JLINK_IsHalted()
T7150 096:824.936 - 0.646ms returns FALSE
T7150 096:825.072 JLINK_IsHalted()
T7150 096:825.592 - 0.526ms returns FALSE
T7150 096:933.552 JLINK_IsHalted()
T7150 096:934.040 - 0.483ms returns FALSE
T7150 096:934.088 JLINK_IsHalted()
T7150 096:934.472 - 0.386ms returns FALSE
T7150 097:042.952 JLINK_IsHalted()
T7150 097:043.760 - 0.810ms returns FALSE
T7150 097:043.824 JLINK_IsHalted()
T7150 097:044.336 - 0.509ms returns FALSE
T7150 097:152.632 JLINK_IsHalted()
T7150 097:153.240 - 0.606ms returns FALSE
T7150 097:153.320 JLINK_IsHalted()
T7150 097:153.808 - 0.483ms returns FALSE
T7150 097:261.976 JLINK_IsHalted()
T7150 097:262.736 - 0.755ms returns FALSE
T7150 097:262.872 JLINK_IsHalted()
T7150 097:263.432 - 0.553ms returns FALSE
T7150 097:372.104 JLINK_IsHalted()
T7150 097:375.104 - 2.996ms returns FALSE
T7150 097:375.280 JLINK_IsHalted()
T7150 097:377.304 - 2.019ms returns FALSE
T7150 097:480.760 JLINK_IsHalted()
T7150 097:481.472 - 0.709ms returns FALSE
T7150 097:481.608 JLINK_IsHalted()
T7150 097:482.128 - 0.523ms returns FALSE
T7150 097:589.720 JLINK_IsHalted()
T7150 097:590.376 - 0.651ms returns FALSE
T7150 097:590.512 JLINK_IsHalted()
T7150 097:591.080 - 0.571ms returns FALSE
T7150 097:699.304 JLINK_IsHalted()
T7150 097:701.296 - 1.990ms returns FALSE
T7150 097:701.424 JLINK_IsHalted()
T7150 097:701.880 - 0.457ms returns FALSE
T9440 097:768.128 JLINK_IsHalted()
T9440 097:768.792 - 0.664ms returns FALSE
T9440 097:768.912 JLINK_IsHalted()
T9440 097:769.464 - 0.549ms returns FALSE
T7150 097:808.472 JLINK_IsHalted()
T7150 097:809.136 - 0.653ms returns FALSE
T7150 097:809.296 JLINK_IsHalted()
T7150 097:809.856 - 0.560ms returns FALSE
T7150 097:918.584 JLINK_IsHalted()
T7150 097:920.432 - 1.841ms returns FALSE
T7150 097:920.496 JLINK_IsHalted()
T7150 097:920.976 - 0.468ms returns FALSE
T7150 098:027.128 JLINK_IsHalted()
T7150 098:027.936 - 0.805ms returns FALSE
T7150 098:028.032 JLINK_IsHalted()
T7150 098:028.552 - 0.516ms returns FALSE
T7150 098:137.768 JLINK_IsHalted()
T7150 098:138.512 - 0.740ms returns FALSE
T7150 098:138.656 JLINK_IsHalted()
T7150 098:139.128 - 0.477ms returns FALSE
T7150 098:246.656 JLINK_IsHalted()
T7150 098:247.160 - 0.508ms returns FALSE
T7150 098:247.208 JLINK_IsHalted()
T7150 098:247.600 - 0.391ms returns FALSE
T7150 098:356.176 JLINK_IsHalted()
T7150 098:356.936 - 0.753ms returns FALSE
T7150 098:357.088 JLINK_IsHalted()
T7150 098:357.592 - 0.502ms returns FALSE
T7150 098:465.040 JLINK_IsHalted()
T7150 098:465.520 - 0.490ms returns FALSE
T7150 098:465.576 JLINK_IsHalted()
T7150 098:465.936 - 0.361ms returns FALSE
T7150 098:574.512 JLINK_IsHalted()
T7150 098:575.176 - 0.654ms returns FALSE
T7150 098:575.328 JLINK_IsHalted()
T7150 098:575.952 - 0.620ms returns FALSE
T7150 098:683.616 JLINK_IsHalted()
T7150 098:684.376 - 0.762ms returns FALSE
T7150 098:684.624 JLINK_IsHalted()
T7150 098:685.168 - 0.543ms returns FALSE
T9440 098:770.728 JLINK_IsHalted()
T9440 098:773.616 - 2.885ms returns FALSE
T9440 098:773.712 JLINK_IsHalted()
T9440 098:774.144 - 0.433ms returns FALSE
T7150 098:794.160 JLINK_IsHalted()
T7150 098:794.904 - 0.739ms returns FALSE
T7150 098:795.032 JLINK_IsHalted()
T7150 098:795.440 - 0.408ms returns FALSE
T7150 098:902.088 JLINK_IsHalted()
T7150 098:902.840 - 0.754ms returns FALSE
T7150 098:903.008 JLINK_IsHalted()
T7150 098:903.544 - 0.535ms returns FALSE
T7150 099:012.152 JLINK_IsHalted()
T7150 099:012.672 - 0.515ms returns FALSE
T7150 099:012.720 JLINK_IsHalted()
T7150 099:013.144 - 0.433ms returns FALSE
T7150 099:121.968 JLINK_IsHalted()
T7150 099:122.760 - 0.785ms returns FALSE
T7150 099:122.896 JLINK_IsHalted()
T7150 099:123.424 - 0.530ms returns FALSE
T7150 099:230.288 JLINK_IsHalted()
T7150 099:231.096 - 0.806ms returns FALSE
T7150 099:231.224 JLINK_IsHalted()
T7150 099:231.736 - 0.516ms returns FALSE
T7150 099:340.056 JLINK_IsHalted()
T7150 099:340.712 - 0.650ms returns FALSE
T7150 099:340.848 JLINK_IsHalted()
T7150 099:341.344 - 0.496ms returns FALSE
T7150 099:449.336 JLINK_IsHalted()
T7150 099:449.888 - 0.547ms returns FALSE
T7150 099:449.936 JLINK_IsHalted()
T7150 099:450.296 - 0.363ms returns FALSE
T7150 099:558.336 JLINK_IsHalted()
T7150 099:559.152 - 0.818ms returns FALSE
T7150 099:559.296 JLINK_IsHalted()
T7150 099:559.784 - 0.482ms returns FALSE
T7150 099:667.936 JLINK_IsHalted()
T7150 099:668.608 - 0.667ms returns FALSE
T7150 099:668.744 JLINK_IsHalted()
T7150 099:669.504 - 0.764ms returns FALSE
T9440 099:775.664 JLINK_IsHalted()
T9440 099:776.368 - 0.701ms returns FALSE
T9440 099:776.424 JLINK_IsHalted()
T9440 099:776.856 - 0.437ms returns FALSE
T7150 099:777.272 JLINK_IsHalted()
T7150 099:777.792 - 0.516ms returns FALSE
T7150 099:777.928 JLINK_IsHalted()
T7150 099:778.552 - 0.626ms returns FALSE
T7150 099:887.168 JLINK_IsHalted()
T7150 099:887.904 - 0.734ms returns FALSE
T7150 099:888.056 JLINK_IsHalted()
T7150 099:888.624 - 0.566ms returns FALSE
T7150 099:996.592 JLINK_IsHalted()
T7150 099:997.344 - 0.751ms returns FALSE
T7150 099:997.456 JLINK_IsHalted()
T7150 099:997.920 - 0.456ms returns FALSE
T7150 100:106.032 JLINK_IsHalted()
T7150 100:106.704 - 0.673ms returns FALSE
T7150 100:106.800 JLINK_IsHalted()
T7150 100:107.288 - 0.484ms returns FALSE
T7150 100:215.120 JLINK_IsHalted()
T7150 100:215.752 - 0.628ms returns FALSE
T7150 100:215.816 JLINK_IsHalted()
T7150 100:216.336 - 0.523ms returns FALSE
T7150 100:324.552 JLINK_IsHalted()
T7150 100:325.184 - 0.632ms returns FALSE
T7150 100:325.312 JLINK_IsHalted()
T7150 100:325.784 - 0.476ms returns FALSE
T7150 100:433.648 JLINK_IsHalted()
T7150 100:434.416 - 0.762ms returns FALSE
T7150 100:434.560 JLINK_IsHalted()
T7150 100:435.048 - 0.484ms returns FALSE
T7150 100:543.328 JLINK_IsHalted()
T7150 100:544.152 - 0.824ms returns FALSE
T7150 100:544.272 JLINK_IsHalted()
T7150 100:544.920 - 0.648ms returns FALSE
T7150 100:652.328 JLINK_IsHalted()
T7150 100:654.480 - 2.142ms returns FALSE
T7150 100:654.728 JLINK_IsHalted()
T7150 100:655.280 - 0.552ms returns FALSE
T7150 100:762.256 JLINK_IsHalted()
T7150 100:763.344 - 1.086ms returns FALSE
T7150 100:763.528 JLINK_IsHalted()
T7150 100:765.264 - 1.741ms returns FALSE
T9440 100:779.440 JLINK_IsHalted()
T9440 100:780.112 - 0.662ms returns FALSE
T9440 100:780.240 JLINK_IsHalted()
T9440 100:780.800 - 0.554ms returns FALSE
T7150 100:871.328 JLINK_IsHalted()
T7150 100:872.184 - 0.857ms returns FALSE
T7150 100:872.328 JLINK_IsHalted()
T7150 100:872.920 - 0.596ms returns FALSE
T7150 100:980.304 JLINK_IsHalted()
T7150 100:981.104 - 0.795ms returns FALSE
T7150 100:981.256 JLINK_IsHalted()
T7150 100:981.864 - 0.607ms returns FALSE
T7150 101:090.192 JLINK_IsHalted()
T7150 101:091.016 - 0.817ms returns FALSE
T7150 101:091.152 JLINK_IsHalted()
T7150 101:091.856 - 0.713ms returns FALSE
T7150 101:199.248 JLINK_IsHalted()
T7150 101:199.880 - 0.626ms returns FALSE
T7150 101:199.944 JLINK_IsHalted()
T7150 101:200.376 - 0.430ms returns FALSE
T7150 101:308.800 JLINK_IsHalted()
T7150 101:309.520 - 0.726ms returns FALSE
T7150 101:309.664 JLINK_IsHalted()
T7150 101:310.336 - 0.673ms returns FALSE
T7150 101:418.120 JLINK_IsHalted()
T7150 101:418.728 - 0.605ms returns FALSE
T7150 101:418.800 JLINK_IsHalted()
T7150 101:419.424 - 0.623ms returns FALSE
T7150 101:526.992 JLINK_IsHalted()
T7150 101:527.664 - 0.670ms returns FALSE
T7150 101:527.736 JLINK_IsHalted()
T7150 101:528.288 - 0.548ms returns FALSE
T7150 101:636.560 JLINK_IsHalted()
T7150 101:637.480 - 0.916ms returns FALSE
T7150 101:637.632 JLINK_IsHalted()
T7150 101:638.256 - 0.624ms returns FALSE
T7150 101:746.400 JLINK_IsHalted()
T7150 101:747.056 - 0.660ms returns FALSE
T7150 101:747.120 JLINK_IsHalted()
T7150 101:747.632 - 0.509ms returns FALSE
T9440 101:782.640 JLINK_IsHalted()
T9440 101:783.256 - 0.620ms returns FALSE
T9440 101:783.392 JLINK_IsHalted()
T9440 101:784.048 - 0.655ms returns FALSE
T7150 101:855.440 JLINK_IsHalted()
T7150 101:856.080 - 0.645ms returns FALSE
T7150 101:856.168 JLINK_IsHalted()
T7150 101:856.720 - 0.556ms returns FALSE
T7150 101:964.824 JLINK_IsHalted()
T7150 101:965.576 - 0.748ms returns FALSE
T7150 101:965.728 JLINK_IsHalted()
T7150 101:966.216 - 0.482ms returns FALSE
T7150 102:074.320 JLINK_IsHalted()
T7150 102:074.848 - 0.529ms returns FALSE
T7150 102:074.992 JLINK_IsHalted()
T7150 102:075.480 - 0.486ms returns FALSE
T7150 102:183.952 JLINK_IsHalted()
T7150 102:184.792 - 0.834ms returns FALSE
T7150 102:184.944 JLINK_IsHalted()
T7150 102:185.608 - 0.663ms returns FALSE
T7150 102:292.968 JLINK_IsHalted()
T7150 102:293.832 - 0.862ms returns FALSE
T7150 102:293.968 JLINK_IsHalted()
T7150 102:294.640 - 0.672ms returns FALSE
T7150 102:402.224 JLINK_IsHalted()
T7150 102:402.744 - 0.520ms returns FALSE
T7150 102:402.800 JLINK_IsHalted()
T7150 102:403.376 - 0.581ms returns FALSE
T7150 102:512.160 JLINK_IsHalted()
T7150 102:512.784 - 0.613ms returns FALSE
T7150 102:512.912 JLINK_IsHalted()
T7150 102:513.472 - 0.556ms returns FALSE
T7150 102:621.992 JLINK_IsHalted()
T7150 102:622.416 - 0.419ms returns FALSE
T7150 102:622.512 JLINK_IsHalted()
T7150 102:622.992 - 0.479ms returns FALSE
T7150 102:730.704 JLINK_IsHalted()
T7150 102:731.208 - 0.502ms returns FALSE
T7150 102:731.232 JLINK_IsHalted()
T7150 102:731.608 - 0.372ms returns FALSE
T9440 102:784.944 JLINK_IsHalted()
T9440 102:785.528 - 0.591ms returns FALSE
T9440 102:785.616 JLINK_IsHalted()
T9440 102:786.064 - 0.452ms returns FALSE
T7150 102:840.240 JLINK_IsHalted()
T7150 102:840.976 - 0.733ms returns FALSE
T7150 102:841.040 JLINK_IsHalted()
T7150 102:841.488 - 0.445ms returns FALSE
T7150 102:949.656 JLINK_IsHalted()
T7150 102:950.240 - 0.581ms returns FALSE
T7150 102:950.288 JLINK_IsHalted()
T7150 102:950.696 - 0.406ms returns FALSE
T7150 103:059.184 JLINK_IsHalted()
T7150 103:059.816 - 0.629ms returns FALSE
T7150 103:059.864 JLINK_IsHalted()
T7150 103:060.192 - 0.324ms returns FALSE
T7150 103:167.856 JLINK_IsHalted()
T7150 103:168.528 - 0.662ms returns FALSE
T7150 103:168.600 JLINK_IsHalted()
T7150 103:169.152 - 0.548ms returns FALSE
T7150 103:277.952 JLINK_IsHalted()
T7150 103:278.488 - 0.532ms returns FALSE
T7150 103:278.528 JLINK_IsHalted()
T7150 103:278.952 - 0.418ms returns FALSE
T7150 103:386.776 JLINK_IsHalted()
T7150 103:387.240 - 0.463ms returns FALSE
T7150 103:387.280 JLINK_IsHalted()
T7150 103:387.776 - 0.495ms returns FALSE
T7150 103:496.272 JLINK_IsHalted()
T7150 103:496.912 - 0.640ms returns FALSE
T7150 103:497.024 JLINK_IsHalted()
T7150 103:497.616 - 0.595ms returns FALSE
T7150 103:606.200 JLINK_IsHalted()
T7150 103:606.832 - 0.636ms returns FALSE
T7150 103:606.960 JLINK_IsHalted()
T7150 103:607.496 - 0.537ms returns FALSE
T7150 103:715.152 JLINK_IsHalted()
T7150 103:715.824 - 0.668ms returns FALSE
T7150 103:715.952 JLINK_IsHalted()
T7150 103:716.368 - 0.423ms returns FALSE
T9440 103:787.720 JLINK_IsHalted()
T9440 103:788.376 - 0.659ms returns FALSE
T9440 103:788.504 JLINK_IsHalted()
T9440 103:789.144 - 0.641ms returns FALSE
T7150 103:823.848 JLINK_IsHalted()
T7150 103:824.376 - 0.527ms returns FALSE
T7150 103:824.432 JLINK_IsHalted()
T7150 103:824.880 - 0.446ms returns FALSE
T7150 103:934.224 JLINK_IsHalted()
T7150 103:934.824 - 0.595ms returns FALSE
T7150 103:934.904 JLINK_IsHalted()
T7150 103:935.352 - 0.451ms returns FALSE
T7150 104:042.792 JLINK_IsHalted()
T7150 104:043.312 - 0.520ms returns FALSE
T7150 104:043.376 JLINK_IsHalted()
T7150 104:043.856 - 0.485ms returns FALSE
T7150 104:152.528 JLINK_IsHalted()
T7150 104:153.032 - 0.497ms returns FALSE
T7150 104:153.072 JLINK_IsHalted()
T7150 104:153.360 - 0.283ms returns FALSE
T7150 104:261.632 JLINK_IsHalted()
T7150 104:262.216 - 0.583ms returns FALSE
T7150 104:262.240 JLINK_IsHalted()
T7150 104:262.608 - 0.366ms returns FALSE
T7150 104:371.888 JLINK_IsHalted()
T7150 104:372.840 - 0.954ms returns FALSE
T7150 104:373.008 JLINK_IsHalted()
T7150 104:373.704 - 0.690ms returns FALSE
T7150 104:480.488 JLINK_IsHalted()
T7150 104:481.304 - 0.821ms returns FALSE
T7150 104:481.432 JLINK_IsHalted()
T7150 104:481.968 - 0.531ms returns FALSE
T7150 104:590.384 JLINK_IsHalted()
T7150 104:590.784 - 0.396ms returns FALSE
T7150 104:590.808 JLINK_IsHalted()
T7150 104:591.184 - 0.370ms returns FALSE
T7150 104:699.640 JLINK_IsHalted()
T7150 104:700.176 - 0.530ms returns FALSE
T7150 104:700.208 JLINK_IsHalted()
T7150 104:700.688 - 0.480ms returns FALSE
T9440 104:790.416 JLINK_IsHalted()
T9440 104:792.624 - 2.211ms returns FALSE
T9440 104:792.720 JLINK_IsHalted()
T9440 104:793.128 - 0.397ms returns FALSE
T7150 104:808.288 JLINK_IsHalted()
T7150 104:808.792 - 0.503ms returns FALSE
T7150 104:808.832 JLINK_IsHalted()
T7150 104:809.248 - 0.414ms returns FALSE
T7150 104:918.032 JLINK_IsHalted()
T7150 104:918.640 - 0.605ms returns FALSE
T7150 104:918.736 JLINK_IsHalted()
T7150 104:919.136 - 0.399ms returns FALSE
T7150 105:027.984 JLINK_IsHalted()
T7150 105:028.600 - 0.619ms returns FALSE
T7150 105:028.688 JLINK_IsHalted()
T7150 105:029.328 - 0.644ms returns FALSE
T7150 105:136.864 JLINK_IsHalted()
T7150 105:137.456 - 0.585ms returns FALSE
T7150 105:137.520 JLINK_IsHalted()
T7150 105:138.032 - 0.522ms returns FALSE
T7150 105:246.264 JLINK_IsHalted()
T7150 105:246.776 - 0.513ms returns FALSE
T7150 105:246.832 JLINK_IsHalted()
T7150 105:247.336 - 0.499ms returns FALSE
T7150 105:355.176 JLINK_IsHalted()
T7150 105:355.936 - 0.759ms returns FALSE
T7150 105:356.072 JLINK_IsHalted()
T7150 105:358.056 - 1.981ms returns FALSE
T7150 105:465.208 JLINK_IsHalted()
T7150 105:465.832 - 0.624ms returns FALSE
T7150 105:465.896 JLINK_IsHalted()
T7150 105:466.384 - 0.483ms returns FALSE
T7150 105:574.800 JLINK_IsHalted()
T7150 105:575.472 - 0.666ms returns FALSE
T7150 105:575.568 JLINK_IsHalted()
T7150 105:576.136 - 0.563ms returns FALSE
T7150 105:683.472 JLINK_IsHalted()
T7150 105:684.064 - 0.590ms returns FALSE
T7150 105:684.208 JLINK_IsHalted()
T7150 105:684.800 - 0.589ms returns FALSE
T7150 105:792.936 JLINK_IsHalted()
T7150 105:793.608 - 0.671ms returns FALSE
T7150 105:793.776 JLINK_IsHalted()
T7150 105:794.280 - 0.495ms returns FALSE
T9440 105:794.544 JLINK_IsHalted()
T9440 105:795.120 - 0.577ms returns FALSE
T9440 105:795.272 JLINK_IsHalted()
T9440 105:795.696 - 0.422ms returns FALSE
T7150 105:902.888 JLINK_IsHalted()
T7150 105:903.408 - 0.518ms returns FALSE
T7150 105:903.456 JLINK_IsHalted()
T7150 105:903.880 - 0.416ms returns FALSE
T7150 106:011.680 JLINK_IsHalted()
T7150 106:012.176 - 0.491ms returns FALSE
T7150 106:012.208 JLINK_IsHalted()
T7150 106:012.608 - 0.396ms returns FALSE
T7150 106:121.328 JLINK_IsHalted()
T7150 106:121.776 - 0.446ms returns FALSE
T7150 106:121.816 JLINK_IsHalted()
T7150 106:122.120 - 0.297ms returns FALSE
T7150 106:230.392 JLINK_IsHalted()
T7150 106:230.936 - 0.541ms returns FALSE
T7150 106:231.032 JLINK_IsHalted()
T7150 106:231.440 - 0.402ms returns FALSE
T7150 106:339.600 JLINK_IsHalted()
T7150 106:340.224 - 0.619ms returns FALSE
T7150 106:340.320 JLINK_IsHalted()
T7150 106:340.784 - 0.464ms returns FALSE
T7150 106:449.368 JLINK_IsHalted()
T7150 106:450.000 - 0.634ms returns FALSE
T7150 106:450.072 JLINK_IsHalted()
T7150 106:450.640 - 0.562ms returns FALSE
T7150 106:558.744 JLINK_IsHalted()
T7150 106:559.248 - 0.505ms returns FALSE
T7150 106:559.296 JLINK_IsHalted()
T7150 106:559.760 - 0.462ms returns FALSE
T7150 106:668.464 JLINK_IsHalted()
T7150 106:669.136 - 0.669ms returns FALSE
T7150 106:669.192 JLINK_IsHalted()
T7150 106:669.688 - 0.494ms returns FALSE
T7150 106:777.072 JLINK_IsHalted()
T7150 106:777.672 - 0.597ms returns FALSE
T7150 106:777.760 JLINK_IsHalted()
T7150 106:778.200 - 0.441ms returns FALSE
T9440 106:796.912 JLINK_IsHalted()
T9440 106:797.384 - 0.467ms returns FALSE
T9440 106:797.504 JLINK_IsHalted()
T9440 106:798.072 - 0.567ms returns FALSE
T7150 106:886.528 JLINK_IsHalted()
T7150 106:887.240 - 0.706ms returns FALSE
T7150 106:887.392 JLINK_IsHalted()
T7150 106:887.904 - 0.509ms returns FALSE
T7150 106:996.616 JLINK_IsHalted()
T7150 106:997.264 - 0.652ms returns FALSE
T7150 106:997.336 JLINK_IsHalted()
T7150 106:997.880 - 0.544ms returns FALSE
T7150 107:105.304 JLINK_IsHalted()
T7150 107:107.328 - 2.023ms returns FALSE
T7150 107:107.376 JLINK_IsHalted()
T7150 107:109.328 - 1.958ms returns FALSE
T7150 107:214.624 JLINK_IsHalted()
T7150 107:215.328 - 0.706ms returns FALSE
T7150 107:215.416 JLINK_IsHalted()
T7150 107:216.000 - 0.578ms returns FALSE
T7150 107:324.368 JLINK_IsHalted()
T7150 107:324.760 - 0.391ms returns FALSE
T7150 107:324.816 JLINK_IsHalted()
T7150 107:325.264 - 0.451ms returns FALSE
T7150 107:433.448 JLINK_IsHalted()
T7150 107:434.000 - 0.549ms returns FALSE
T7150 107:434.048 JLINK_IsHalted()
T7150 107:434.512 - 0.470ms returns FALSE
T7150 107:542.848 JLINK_IsHalted()
T7150 107:543.424 - 0.559ms returns FALSE
T7150 107:543.472 JLINK_IsHalted()
T7150 107:543.856 - 0.380ms returns FALSE
T7150 107:652.464 JLINK_IsHalted()
T7150 107:652.928 - 0.465ms returns FALSE
T7150 107:652.976 JLINK_IsHalted()
T7150 107:653.336 - 0.352ms returns FALSE
T7150 107:762.240 JLINK_IsHalted()
T7150 107:762.704 - 0.461ms returns FALSE
T7150 107:762.768 JLINK_IsHalted()
T7150 107:763.240 - 0.470ms returns FALSE
T9440 107:799.104 JLINK_IsHalted()
T9440 107:799.640 - 0.535ms returns FALSE
T9440 107:799.696 JLINK_IsHalted()
T9440 107:800.024 - 0.343ms returns FALSE
T7150 107:871.016 JLINK_IsHalted()
T7150 107:871.632 - 0.612ms returns FALSE
T7150 107:871.696 JLINK_IsHalted()
T7150 107:872.176 - 0.478ms returns FALSE
T7150 107:980.248 JLINK_IsHalted()
T7150 107:980.864 - 0.620ms returns FALSE
T7150 107:980.968 JLINK_IsHalted()
T7150 107:981.400 - 0.439ms returns FALSE
T7150 108:090.384 JLINK_IsHalted()
T7150 108:090.992 - 0.613ms returns FALSE
T7150 108:091.096 JLINK_IsHalted()
T7150 108:091.600 - 0.492ms returns FALSE
T7150 108:199.504 JLINK_IsHalted()
T7150 108:200.128 - 0.626ms returns FALSE
T7150 108:200.176 JLINK_IsHalted()
T7150 108:200.664 - 0.489ms returns FALSE
T7150 108:308.912 JLINK_IsHalted()
T7150 108:309.488 - 0.566ms returns FALSE
T7150 108:309.544 JLINK_IsHalted()
T7150 108:309.888 - 0.346ms returns FALSE
T7150 108:418.224 JLINK_IsHalted()
T7150 108:418.800 - 0.569ms returns FALSE
T7150 108:418.856 JLINK_IsHalted()
T7150 108:419.304 - 0.442ms returns FALSE
T7150 108:527.896 JLINK_IsHalted()
T7150 108:528.600 - 0.704ms returns FALSE
T7150 108:528.816 JLINK_IsHalted()
T7150 108:529.296 - 0.467ms returns FALSE
T7150 108:637.264 JLINK_IsHalted()
T7150 108:637.968 - 0.701ms returns FALSE
T7150 108:638.128 JLINK_IsHalted()
T7150 108:638.800 - 0.661ms returns FALSE
T7150 108:746.392 JLINK_IsHalted()
T7150 108:747.048 - 0.650ms returns FALSE
T7150 108:747.176 JLINK_IsHalted()
T7150 108:747.664 - 0.486ms returns FALSE
T9440 108:801.344 JLINK_IsHalted()
T9440 108:804.080 - 2.740ms returns FALSE
T9440 108:804.176 JLINK_IsHalted()
T9440 108:804.624 - 0.445ms returns FALSE
T7150 108:856.144 JLINK_IsHalted()
T7150 108:856.960 - 0.812ms returns FALSE
T7150 108:857.072 JLINK_IsHalted()
T7150 108:859.248 - 2.167ms returns FALSE
T7150 108:965.400 JLINK_IsHalted()
T7150 108:966.104 - 0.708ms returns FALSE
T7150 108:966.320 JLINK_IsHalted()
T7150 108:968.368 - 2.047ms returns FALSE
T7150 109:074.560 JLINK_IsHalted()
T7150 109:075.312 - 0.758ms returns FALSE
T7150 109:075.472 JLINK_IsHalted()
T7150 109:075.944 - 0.469ms returns FALSE
T7150 109:184.192 JLINK_IsHalted()
T7150 109:184.872 - 0.675ms returns FALSE
T7150 109:184.912 JLINK_IsHalted()
T7150 109:185.408 - 0.501ms returns FALSE
T7150 109:293.352 JLINK_IsHalted()
T7150 109:293.800 - 0.442ms returns FALSE
T7150 109:293.840 JLINK_IsHalted()
T7150 109:294.160 - 0.311ms returns FALSE
T7150 109:402.304 JLINK_IsHalted()
T7150 109:402.800 - 0.496ms returns FALSE
T7150 109:402.864 JLINK_IsHalted()
T7150 109:403.216 - 0.341ms returns FALSE
T7150 109:512.560 JLINK_IsHalted()
T7150 109:513.256 - 0.691ms returns FALSE
T7150 109:513.392 JLINK_IsHalted()
T7150 109:513.920 - 0.526ms returns FALSE
T7150 109:621.400 JLINK_IsHalted()
T7150 109:622.144 - 0.734ms returns FALSE
T7150 109:622.288 JLINK_IsHalted()
T7150 109:622.808 - 0.515ms returns FALSE
T7150 109:733.264 JLINK_IsHalted()
T7150 109:734.000 - 0.741ms returns FALSE
T7150 109:734.120 JLINK_IsHalted()
T7150 109:734.696 - 0.573ms returns FALSE
T9440 109:805.680 JLINK_IsHalted()
T9440 109:806.120 - 0.425ms returns FALSE
T9440 109:806.128 JLINK_IsHalted()
T9440 109:806.448 - 0.318ms returns FALSE
T7150 109:839.720 JLINK_IsHalted()
T7150 109:840.400 - 0.684ms returns FALSE
T7150 109:840.536 JLINK_IsHalted()
T7150 109:841.024 - 0.493ms returns FALSE
T7150 109:949.392 JLINK_IsHalted()
T7150 109:949.912 - 0.523ms returns FALSE
T7150 109:949.992 JLINK_IsHalted()
T7150 109:950.488 - 0.498ms returns FALSE
T7150 110:058.608 JLINK_IsHalted()
T7150 110:059.248 - 0.643ms returns FALSE
T7150 110:059.344 JLINK_IsHalted()
T7150 110:059.800 - 0.468ms returns FALSE
T7150 110:168.408 JLINK_IsHalted()
T7150 110:169.064 - 0.654ms returns FALSE
T7150 110:169.168 JLINK_IsHalted()
T7150 110:169.680 - 0.508ms returns FALSE
T7150 110:277.712 JLINK_IsHalted()
T7150 110:278.192 - 0.484ms returns FALSE
T7150 110:278.248 JLINK_IsHalted()
T7150 110:278.696 - 0.444ms returns FALSE
T7150 110:386.920 JLINK_IsHalted()
T7150 110:387.504 - 0.592ms returns FALSE
T7150 110:387.568 JLINK_IsHalted()
T7150 110:387.952 - 0.385ms returns FALSE
T7150 110:496.424 JLINK_IsHalted()
T7150 110:497.008 - 0.594ms returns FALSE
T7150 110:497.072 JLINK_IsHalted()
T7150 110:497.432 - 0.359ms returns FALSE
T7150 110:605.080 JLINK_IsHalted()
T7150 110:605.712 - 0.627ms returns FALSE
T7150 110:605.776 JLINK_IsHalted()
T7150 110:606.296 - 0.527ms returns FALSE
T7150 110:715.288 JLINK_IsHalted()
T7150 110:715.824 - 0.531ms returns FALSE
T7150 110:715.904 JLINK_IsHalted()
T7150 110:716.376 - 0.477ms returns FALSE
T9440 110:807.144 JLINK_IsHalted()
T9440 110:807.592 - 0.448ms returns FALSE
T9440 110:807.616 JLINK_IsHalted()
T9440 110:807.920 - 0.305ms returns FALSE
T7150 110:824.216 JLINK_IsHalted()
T7150 110:824.816 - 0.603ms returns FALSE
T7150 110:824.856 JLINK_IsHalted()
T7150 110:825.256 - 0.396ms returns FALSE
T7150 110:934.232 JLINK_IsHalted()
T7150 110:934.952 - 0.719ms returns FALSE
T7150 110:935.080 JLINK_IsHalted()
T7150 110:935.576 - 0.496ms returns FALSE
T7150 111:044.120 JLINK_IsHalted()
T7150 111:044.688 - 0.562ms returns FALSE
T7150 111:044.752 JLINK_IsHalted()
T7150 111:045.296 - 0.540ms returns FALSE
T7150 111:152.768 JLINK_IsHalted()
T7150 111:153.576 - 0.804ms returns FALSE
T7150 111:153.704 JLINK_IsHalted()
T7150 111:154.192 - 0.479ms returns FALSE
T7150 111:262.376 JLINK_IsHalted()
T7150 111:263.080 - 0.695ms returns FALSE
T7150 111:263.216 JLINK_IsHalted()
T7150 111:263.720 - 0.503ms returns FALSE
T7150 111:371.240 JLINK_IsHalted()
T7150 111:371.952 - 0.706ms returns FALSE
T7150 111:372.008 JLINK_IsHalted()
T7150 111:372.456 - 0.452ms returns FALSE
T7150 111:480.816 JLINK_IsHalted()
T7150 111:481.304 - 0.482ms returns FALSE
T7150 111:481.344 JLINK_IsHalted()
T7150 111:481.808 - 0.462ms returns FALSE
T7150 111:590.080 JLINK_IsHalted()
T7150 111:590.680 - 0.605ms returns FALSE
T7150 111:590.736 JLINK_IsHalted()
T7150 111:591.248 - 0.508ms returns FALSE
T7150 111:699.880 JLINK_IsHalted()
T7150 111:700.584 - 0.704ms returns FALSE
T7150 111:700.712 JLINK_IsHalted()
T7150 111:701.376 - 0.669ms returns FALSE
T9440 111:808.808 JLINK_IsHalted()
T9440 111:809.496 - 0.692ms returns FALSE
T9440 111:809.616 JLINK_IsHalted()
T9440 111:810.136 - 0.528ms returns FALSE
T7150 111:810.408 JLINK_IsHalted()
T7150 111:811.112 - 0.703ms returns FALSE
T7150 111:811.216 JLINK_IsHalted()
T7150 111:811.664 - 0.449ms returns FALSE
T7150 111:917.976 JLINK_IsHalted()
T7150 111:918.680 - 0.698ms returns FALSE
T7150 111:918.720 JLINK_IsHalted()
T7150 111:919.232 - 0.514ms returns FALSE
T7150 112:028.144 JLINK_IsHalted()
T7150 112:028.880 - 0.725ms returns FALSE
T7150 112:029.008 JLINK_IsHalted()
T7150 112:029.632 - 0.636ms returns FALSE
T7150 112:137.344 JLINK_IsHalted()
T7150 112:137.968 - 0.628ms returns FALSE
T7150 112:138.048 JLINK_IsHalted()
T7150 112:138.520 - 0.465ms returns FALSE
T7150 112:246.248 JLINK_IsHalted()
T7150 112:246.808 - 0.563ms returns FALSE
T7150 112:246.896 JLINK_IsHalted()
T7150 112:247.360 - 0.453ms returns FALSE
T7150 112:355.472 JLINK_IsHalted()
T7150 112:356.144 - 0.684ms returns FALSE
T7150 112:356.248 JLINK_IsHalted()
T7150 112:356.720 - 0.483ms returns FALSE
T7150 112:464.616 JLINK_IsHalted()
T7150 112:465.328 - 0.713ms returns FALSE
T7150 112:465.488 JLINK_IsHalted()
T7150 112:466.072 - 0.593ms returns FALSE
T7150 112:575.936 JLINK_IsHalted()
T7150 112:576.512 - 0.577ms returns FALSE
T7150 112:576.576 JLINK_IsHalted()
T7150 112:577.064 - 0.479ms returns FALSE
T7150 112:683.736 JLINK_IsHalted()
T7150 112:684.648 - 0.904ms returns FALSE
T7150 112:684.824 JLINK_IsHalted()
T7150 112:685.336 - 0.516ms returns FALSE
T7150 112:793.744 JLINK_IsHalted()
T7150 112:794.288 - 0.549ms returns FALSE
T7150 112:794.368 JLINK_IsHalted()
T7150 112:794.960 - 0.576ms returns FALSE
T9440 112:810.280 JLINK_IsHalted()
T9440 112:810.792 - 0.511ms returns FALSE
T9440 112:810.840 JLINK_IsHalted()
T9440 112:811.456 - 0.614ms returns FALSE
T7150 112:902.480 JLINK_IsHalted()
T7150 112:903.104 - 0.634ms returns FALSE
T7150 112:903.232 JLINK_IsHalted()
T7150 112:903.824 - 0.585ms returns FALSE
T7150 113:012.328 JLINK_IsHalted()
T7150 113:012.840 - 0.514ms returns FALSE
T7150 113:012.904 JLINK_IsHalted()
T7150 113:013.352 - 0.452ms returns FALSE
T7150 113:120.816 JLINK_IsHalted()
T7150 113:121.496 - 0.669ms returns FALSE
T7150 113:121.600 JLINK_IsHalted()
T7150 113:122.088 - 0.485ms returns FALSE
T7150 113:230.680 JLINK_IsHalted()
T7150 113:231.552 - 0.868ms returns FALSE
T7150 113:231.632 JLINK_IsHalted()
T7150 113:232.128 - 0.500ms returns FALSE
T7150 113:339.608 JLINK_IsHalted()
T7150 113:340.184 - 0.574ms returns FALSE
T7150 113:340.224 JLINK_IsHalted()
T7150 113:340.648 - 0.413ms returns FALSE
T7150 113:449.264 JLINK_IsHalted()
T7150 113:449.808 - 0.527ms returns FALSE
T7150 113:449.872 JLINK_IsHalted()
T7150 113:450.352 - 0.482ms returns FALSE
T7150 113:558.608 JLINK_IsHalted()
T7150 113:559.184 - 0.573ms returns FALSE
T7150 113:559.280 JLINK_IsHalted()
T7150 113:559.728 - 0.457ms returns FALSE
T7150 113:667.880 JLINK_IsHalted()
T7150 113:668.352 - 0.472ms returns FALSE
T7150 113:668.416 JLINK_IsHalted()
T7150 113:668.760 - 0.341ms returns FALSE
T7150 113:777.616 JLINK_IsHalted()
T7150 113:778.416 - 0.804ms returns FALSE
T7150 113:778.584 JLINK_IsHalted()
T7150 113:779.136 - 0.550ms returns FALSE
T9440 113:812.696 JLINK_IsHalted()
T9440 113:813.400 - 0.707ms returns FALSE
T9440 113:813.488 JLINK_IsHalted()
T9440 113:814.032 - 0.531ms returns FALSE
T7150 113:886.888 JLINK_IsHalted()
T7150 113:887.488 - 0.597ms returns FALSE
T7150 113:887.536 JLINK_IsHalted()
T7150 113:887.920 - 0.381ms returns FALSE
T7150 113:996.752 JLINK_IsHalted()
T7150 113:998.720 - 1.966ms returns FALSE
T7150 113:998.824 JLINK_IsHalted()
T7150 113:999.424 - 0.596ms returns FALSE
T7150 114:105.112 JLINK_IsHalted()
T7150 114:105.680 - 0.562ms returns FALSE
T7150 114:105.728 JLINK_IsHalted()
T7150 114:106.160 - 0.435ms returns FALSE
T7150 114:215.248 JLINK_IsHalted()
T7150 114:215.872 - 0.626ms returns FALSE
T7150 114:215.936 JLINK_IsHalted()
T7150 114:216.472 - 0.533ms returns FALSE
T7150 114:324.136 JLINK_IsHalted()
T7150 114:324.752 - 0.612ms returns FALSE
T7150 114:324.864 JLINK_IsHalted()
T7150 114:325.424 - 0.554ms returns FALSE
T7150 114:433.600 JLINK_IsHalted()
T7150 114:434.096 - 0.502ms returns FALSE
T7150 114:434.152 JLINK_IsHalted()
T7150 114:434.560 - 0.416ms returns FALSE
T7150 114:543.280 JLINK_IsHalted()
T7150 114:543.952 - 0.662ms returns FALSE
T7150 114:544.000 JLINK_IsHalted()
T7150 114:544.496 - 0.494ms returns FALSE
T7150 114:652.712 JLINK_IsHalted()
T7150 114:653.360 - 0.649ms returns FALSE
T7150 114:653.440 JLINK_IsHalted()
T7150 114:654.040 - 0.594ms returns FALSE
T7150 114:761.776 JLINK_IsHalted()
T7150 114:762.288 - 0.512ms returns FALSE
T7150 114:762.328 JLINK_IsHalted()
T7150 114:762.688 - 0.356ms returns FALSE
T9440 114:815.192 JLINK_IsHalted()
T9440 114:817.704 - 2.510ms returns FALSE
T9440 114:817.816 JLINK_IsHalted()
T9440 114:818.368 - 0.553ms returns FALSE
T7150 114:870.744 JLINK_IsHalted()
T7150 114:873.584 - 2.839ms returns FALSE
T7150 114:873.808 JLINK_IsHalted()
T7150 114:874.384 - 0.574ms returns FALSE
T7150 114:980.528 JLINK_IsHalted()
T7150 114:981.168 - 0.641ms returns FALSE
T7150 114:981.264 JLINK_IsHalted()
T7150 114:981.760 - 0.498ms returns FALSE
T7150 115:090.688 JLINK_IsHalted()
T7150 115:091.608 - 0.926ms returns FALSE
T7150 115:091.736 JLINK_IsHalted()
T7150 115:092.288 - 0.550ms returns FALSE
T7150 115:199.000 JLINK_IsHalted()
T7150 115:199.664 - 0.665ms returns FALSE
T7150 115:199.760 JLINK_IsHalted()
T7150 115:200.240 - 0.482ms returns FALSE
T7150 115:308.544 JLINK_IsHalted()
T7150 115:309.336 - 0.797ms returns FALSE
T7150 115:309.440 JLINK_IsHalted()
T7150 115:309.864 - 0.424ms returns FALSE
T7150 115:418.496 JLINK_IsHalted()
T7150 115:419.264 - 0.765ms returns FALSE
T7150 115:419.392 JLINK_IsHalted()
T7150 115:419.864 - 0.474ms returns FALSE
T7150 115:527.592 JLINK_IsHalted()
T7150 115:528.208 - 0.611ms returns FALSE
T7150 115:528.344 JLINK_IsHalted()
T7150 115:528.880 - 0.536ms returns FALSE
T7150 115:636.864 JLINK_IsHalted()
T7150 115:637.456 - 0.586ms returns FALSE
T7150 115:637.544 JLINK_IsHalted()
T7150 115:638.016 - 0.467ms returns FALSE
T7150 115:746.864 JLINK_IsHalted()
T7150 115:747.632 - 0.777ms returns FALSE
T7150 115:747.792 JLINK_IsHalted()
T7150 115:748.336 - 0.544ms returns FALSE
T9440 115:819.864 JLINK_IsHalted()
T9440 115:820.464 - 0.601ms returns FALSE
T9440 115:820.520 JLINK_IsHalted()
T9440 115:820.976 - 0.457ms returns FALSE
T7150 115:855.248 JLINK_IsHalted()
T7150 115:855.896 - 0.658ms returns FALSE
T7150 115:855.936 JLINK_IsHalted()
T7150 115:856.384 - 0.441ms returns FALSE
T7150 115:965.200 JLINK_IsHalted()
T7150 115:965.848 - 0.652ms returns FALSE
T7150 115:966.000 JLINK_IsHalted()
T7150 115:966.616 - 0.615ms returns FALSE
T7150 116:074.160 JLINK_IsHalted()
T7150 116:074.832 - 0.670ms returns FALSE
T7150 116:074.968 JLINK_IsHalted()
T7150 116:075.624 - 0.655ms returns FALSE
T7150 116:184.112 JLINK_IsHalted()
T7150 116:184.784 - 0.663ms returns FALSE
T7150 116:184.880 JLINK_IsHalted()
T7150 116:185.392 - 0.506ms returns FALSE
T7150 116:293.608 JLINK_IsHalted()
T7150 116:294.248 - 0.643ms returns FALSE
T7150 116:294.312 JLINK_IsHalted()
T7150 116:294.824 - 0.507ms returns FALSE
T7150 116:402.920 JLINK_IsHalted()
T7150 116:403.472 - 0.550ms returns FALSE
T7150 116:403.504 JLINK_IsHalted()
T7150 116:403.992 - 0.493ms returns FALSE
T7150 116:511.760 JLINK_IsHalted()
T7150 116:512.400 - 0.644ms returns FALSE
T7150 116:512.464 JLINK_IsHalted()
T7150 116:512.848 - 0.377ms returns FALSE
T7150 116:621.480 JLINK_IsHalted()
T7150 116:622.128 - 0.649ms returns FALSE
T7150 116:622.192 JLINK_IsHalted()
T7150 116:622.616 - 0.424ms returns FALSE
T7150 116:730.600 JLINK_IsHalted()
T7150 116:732.904 - 2.293ms returns FALSE
T7150 116:732.968 JLINK_IsHalted()
T7150 116:733.360 - 0.406ms returns FALSE
T9440 116:822.080 JLINK_IsHalted()
T9440 116:822.824 - 0.739ms returns FALSE
T9440 116:822.888 JLINK_IsHalted()
T9440 116:823.360 - 0.474ms returns FALSE
T7150 116:839.576 JLINK_IsHalted()
T7150 116:840.280 - 0.696ms returns FALSE
T7150 116:840.424 JLINK_IsHalted()
T7150 116:841.040 - 0.610ms returns FALSE
T7150 116:948.880 JLINK_IsHalted()
T7150 116:949.336 - 0.468ms returns FALSE
T7150 116:949.400 JLINK_IsHalted()
T7150 116:949.736 - 0.328ms returns FALSE
T7150 117:058.880 JLINK_IsHalted()
T7150 117:059.440 - 0.559ms returns FALSE
T7150 117:059.504 JLINK_IsHalted()
T7150 117:060.096 - 0.587ms returns FALSE
T7150 117:168.720 JLINK_IsHalted()
T7150 117:169.296 - 0.572ms returns FALSE
T7150 117:169.384 JLINK_IsHalted()
T7150 117:169.896 - 0.509ms returns FALSE
T7150 117:277.136 JLINK_IsHalted()
T7150 117:277.952 - 0.813ms returns FALSE
T7150 117:278.064 JLINK_IsHalted()
T7150 117:278.568 - 0.485ms returns FALSE
T7150 117:387.264 JLINK_IsHalted()
T7150 117:388.136 - 0.869ms returns FALSE
T7150 117:388.264 JLINK_IsHalted()
T7150 117:388.904 - 0.636ms returns FALSE
T7150 117:496.768 JLINK_IsHalted()
T7150 117:497.240 - 0.476ms returns FALSE
T7150 117:497.320 JLINK_IsHalted()
T7150 117:497.688 - 0.371ms returns FALSE
T7150 117:605.464 JLINK_IsHalted()
T7150 117:606.056 - 0.589ms returns FALSE
T7150 117:606.184 JLINK_IsHalted()
T7150 117:606.640 - 0.456ms returns FALSE
T7150 117:715.224 JLINK_IsHalted()
T7150 117:717.312 - 2.089ms returns FALSE
T7150 117:717.464 JLINK_IsHalted()
T7150 117:718.120 - 0.645ms returns FALSE
T7150 117:824.176 JLINK_IsHalted()
T7150 117:824.832 - 0.657ms returns FALSE
T7150 117:824.920 JLINK_IsHalted()
T7150 117:825.432 - 0.505ms returns FALSE
T9440 117:825.576 JLINK_IsHalted()
T9440 117:826.152 - 0.561ms returns FALSE
T9440 117:826.344 JLINK_IsHalted()
T9440 117:826.832 - 0.496ms returns FALSE
T7150 117:933.592 JLINK_IsHalted()
T7150 117:934.128 - 0.527ms returns FALSE
T7150 117:934.168 JLINK_IsHalted()
T7150 117:934.576 - 0.404ms returns FALSE
T7150 118:043.648 JLINK_IsHalted()
T7150 118:044.272 - 0.624ms returns FALSE
T7150 118:044.400 JLINK_IsHalted()
T7150 118:044.888 - 0.476ms returns FALSE
T7150 118:152.744 JLINK_IsHalted()
T7150 118:153.264 - 0.525ms returns FALSE
T7150 118:153.328 JLINK_IsHalted()
T7150 118:153.872 - 0.532ms returns FALSE
T7150 118:262.320 JLINK_IsHalted()
T7150 118:263.040 - 0.715ms returns FALSE
T7150 118:263.088 JLINK_IsHalted()
T7150 118:263.616 - 0.528ms returns FALSE
T7150 118:371.608 JLINK_IsHalted()
T7150 118:372.288 - 0.675ms returns FALSE
T7150 118:372.376 JLINK_IsHalted()
T7150 118:372.888 - 0.514ms returns FALSE
T7150 118:480.448 JLINK_IsHalted()
T7150 118:480.976 - 0.527ms returns FALSE
T7150 118:481.040 JLINK_IsHalted()
T7150 118:481.392 - 0.348ms returns FALSE
T7150 118:590.416 JLINK_IsHalted()
T7150 118:591.336 - 0.925ms returns FALSE
T7150 118:591.512 JLINK_IsHalted()
T7150 118:592.208 - 0.683ms returns FALSE
T7150 118:699.288 JLINK_IsHalted()
T7150 118:701.568 - 2.281ms returns FALSE
T7150 118:701.784 JLINK_IsHalted()
T7150 118:702.416 - 0.618ms returns FALSE
T7150 118:808.336 JLINK_IsHalted()
T7150 118:808.960 - 0.628ms returns FALSE
T7150 118:809.000 JLINK_IsHalted()
T7150 118:809.472 - 0.463ms returns FALSE
T9440 118:828.208 JLINK_IsHalted()
T9440 118:828.912 - 0.696ms returns FALSE
T9440 118:829.040 JLINK_IsHalted()
T9440 118:829.544 - 0.505ms returns FALSE
T7150 118:918.288 JLINK_IsHalted()
T7150 118:918.928 - 0.640ms returns FALSE
T7150 118:919.040 JLINK_IsHalted()
T7150 118:919.536 - 0.499ms returns FALSE
T7150 119:027.416 JLINK_IsHalted()
T7150 119:027.904 - 0.491ms returns FALSE
T7150 119:027.952 JLINK_IsHalted()
T7150 119:028.352 - 0.404ms returns FALSE
T7150 119:136.592 JLINK_IsHalted()
T7150 119:137.072 - 0.490ms returns FALSE
T7150 119:137.152 JLINK_IsHalted()
T7150 119:137.576 - 0.414ms returns FALSE
T7150 119:246.120 JLINK_IsHalted()
T7150 119:246.704 - 0.582ms returns FALSE
T7150 119:246.760 JLINK_IsHalted()
T7150 119:247.152 - 0.394ms returns FALSE
T7150 119:355.624 JLINK_IsHalted()
T7150 119:356.368 - 0.742ms returns FALSE
T7150 119:356.520 JLINK_IsHalted()
T7150 119:357.136 - 0.612ms returns FALSE
T7150 119:465.128 JLINK_IsHalted()
T7150 119:465.840 - 0.716ms returns FALSE
T7150 119:465.880 JLINK_IsHalted()
T7150 119:468.112 - 2.217ms returns FALSE
T7150 119:574.208 JLINK_IsHalted()
T7150 119:574.744 - 0.536ms returns FALSE
T7150 119:574.784 JLINK_IsHalted()
T7150 119:575.208 - 0.417ms returns FALSE
T7150 119:683.904 JLINK_IsHalted()
T7150 119:684.584 - 0.676ms returns FALSE
T7150 119:684.688 JLINK_IsHalted()
T7150 119:685.264 - 0.572ms returns FALSE
T7150 119:792.872 JLINK_IsHalted()
T7150 119:793.392 - 0.521ms returns FALSE
T7150 119:793.432 JLINK_IsHalted()
T7150 119:793.960 - 0.521ms returns FALSE
T9440 119:832.280 JLINK_IsHalted()
T9440 119:833.008 - 0.722ms returns FALSE
T9440 119:833.136 JLINK_IsHalted()
T9440 119:833.744 - 0.591ms returns FALSE
T7150 119:902.912 JLINK_IsHalted()
T7150 119:903.384 - 0.477ms returns FALSE
T7150 119:903.440 JLINK_IsHalted()
T7150 119:903.824 - 0.380ms returns FALSE
T7150 120:012.416 JLINK_IsHalted()
T7150 120:012.976 - 0.562ms returns FALSE
T7150 120:013.040 JLINK_IsHalted()
T7150 120:013.656 - 0.612ms returns FALSE
T7150 120:121.264 JLINK_IsHalted()
T7150 120:121.752 - 0.497ms returns FALSE
T7150 120:121.808 JLINK_IsHalted()
T7150 120:122.256 - 0.449ms returns FALSE
T7150 120:230.672 JLINK_IsHalted()
T7150 120:231.424 - 0.743ms returns FALSE
T7150 120:231.576 JLINK_IsHalted()
T7150 120:232.240 - 0.663ms returns FALSE
T7150 120:339.992 JLINK_IsHalted()
T7150 120:340.696 - 0.700ms returns FALSE
T7150 120:340.824 JLINK_IsHalted()
T7150 120:341.328 - 0.499ms returns FALSE
T7150 120:450.392 JLINK_IsHalted()
T7150 120:451.056 - 0.659ms returns FALSE
T7150 120:451.200 JLINK_IsHalted()
T7150 120:451.776 - 0.575ms returns FALSE
T7150 120:558.616 JLINK_IsHalted()
T7150 120:559.184 - 0.551ms returns FALSE
T7150 120:559.256 JLINK_IsHalted()
T7150 120:559.896 - 0.635ms returns FALSE
T7150 120:668.696 JLINK_IsHalted()
T7150 120:669.336 - 0.630ms returns FALSE
T7150 120:669.400 JLINK_IsHalted()
T7150 120:669.888 - 0.487ms returns FALSE
T7150 120:777.104 JLINK_IsHalted()
T7150 120:777.512 - 0.412ms returns FALSE
T7150 120:777.552 JLINK_IsHalted()
T7150 120:777.880 - 0.334ms returns FALSE
T9440 120:835.304 JLINK_IsHalted()
T9440 120:836.032 - 0.726ms returns FALSE
T9440 120:836.160 JLINK_IsHalted()
T9440 120:836.720 - 0.553ms returns FALSE
T7150 120:886.672 JLINK_IsHalted()
T7150 120:887.312 - 0.636ms returns FALSE
T7150 120:887.424 JLINK_IsHalted()
T7150 120:887.936 - 0.506ms returns FALSE
T7150 120:996.048 JLINK_IsHalted()
T7150 120:996.528 - 0.489ms returns FALSE
T7150 120:996.608 JLINK_IsHalted()
T7150 120:997.056 - 0.447ms returns FALSE
T7150 121:105.304 JLINK_IsHalted()
T7150 121:105.856 - 0.558ms returns FALSE
T7150 121:105.920 JLINK_IsHalted()
T7150 121:106.352 - 0.428ms returns FALSE
T7150 121:214.888 JLINK_IsHalted()
T7150 121:215.400 - 0.519ms returns FALSE
T7150 121:215.440 JLINK_IsHalted()
T7150 121:215.824 - 0.376ms returns FALSE
T7150 121:325.160 JLINK_IsHalted()
T7150 121:325.800 - 0.638ms returns FALSE
T7150 121:325.840 JLINK_IsHalted()
T7150 121:326.288 - 0.437ms returns FALSE
T7150 121:434.136 JLINK_IsHalted()
T7150 121:434.752 - 0.610ms returns FALSE
T7150 121:434.816 JLINK_IsHalted()
T7150 121:435.264 - 0.449ms returns FALSE
T7150 121:543.216 JLINK_IsHalted()
T7150 121:543.784 - 0.568ms returns FALSE
T7150 121:543.848 JLINK_IsHalted()
T7150 121:544.296 - 0.446ms returns FALSE
T7150 121:652.112 JLINK_IsHalted()
T7150 121:652.848 - 0.741ms returns FALSE
T7150 121:652.928 JLINK_IsHalted()
T7150 121:653.544 - 0.610ms returns FALSE
T7150 121:761.520 JLINK_IsHalted()
T7150 121:762.264 - 0.740ms returns FALSE
T7150 121:762.448 JLINK_IsHalted()
T7150 121:762.920 - 0.477ms returns FALSE
T9440 121:837.544 JLINK_IsHalted()
T9440 121:838.056 - 0.504ms returns FALSE
T9440 121:838.104 JLINK_IsHalted()
T9440 121:838.528 - 0.424ms returns FALSE
T7150 121:872.432 JLINK_IsHalted()
T7150 121:872.984 - 0.550ms returns FALSE
T7150 121:873.088 JLINK_IsHalted()
T7150 121:873.472 - 0.384ms returns FALSE
T7150 121:981.144 JLINK_IsHalted()
T7150 121:981.872 - 0.735ms returns FALSE
T7150 121:982.000 JLINK_IsHalted()
T7150 121:982.544 - 0.531ms returns FALSE
T7150 122:089.960 JLINK_IsHalted()
T7150 122:090.432 - 0.466ms returns FALSE
T7150 122:090.456 JLINK_IsHalted()
T7150 122:090.776 - 0.328ms returns FALSE
T7150 122:200.080 JLINK_IsHalted()
T7150 122:200.792 - 0.722ms returns FALSE
T7150 122:200.976 JLINK_IsHalted()
T7150 122:201.648 - 0.677ms returns FALSE
T7150 122:308.376 JLINK_IsHalted()
T7150 122:309.032 - 0.654ms returns FALSE
T7150 122:309.080 JLINK_IsHalted()
T7150 122:309.456 - 0.362ms returns FALSE
T7150 122:418.472 JLINK_IsHalted()
T7150 122:419.184 - 0.709ms returns FALSE
T7150 122:419.312 JLINK_IsHalted()
T7150 122:419.920 - 0.598ms returns FALSE
T7150 122:527.488 JLINK_IsHalted()
T7150 122:528.104 - 0.610ms returns FALSE
T7150 122:528.208 JLINK_IsHalted()
T7150 122:528.808 - 0.592ms returns FALSE
T7150 122:636.816 JLINK_IsHalted()
T7150 122:637.400 - 0.577ms returns FALSE
T7150 122:637.552 JLINK_IsHalted()
T7150 122:638.288 - 0.728ms returns FALSE
T7150 122:746.048 JLINK_IsHalted()
T7150 122:746.600 - 0.551ms returns FALSE
T7150 122:746.648 JLINK_IsHalted()
T7150 122:747.120 - 0.474ms returns FALSE
T9440 122:840.128 JLINK_IsHalted()
T9440 122:842.704 - 2.573ms returns FALSE
T9440 122:842.816 JLINK_IsHalted()
T9440 122:843.440 - 0.627ms returns FALSE
T7150 122:855.248 JLINK_IsHalted()
T7150 122:855.936 - 0.689ms returns FALSE
T7150 122:856.080 JLINK_IsHalted()
T7150 122:856.576 - 0.502ms returns FALSE
T7150 122:965.136 JLINK_IsHalted()
T7150 122:965.760 - 0.625ms returns FALSE
T7150 122:965.824 JLINK_IsHalted()
T7150 122:966.312 - 0.486ms returns FALSE
T7150 123:074.496 JLINK_IsHalted()
T7150 123:076.400 - 1.896ms returns FALSE
T7150 123:076.632 JLINK_IsHalted()
T7150 123:077.296 - 0.656ms returns FALSE
T7150 123:184.048 JLINK_IsHalted()
T7150 123:184.640 - 0.591ms returns FALSE
T7150 123:184.704 JLINK_IsHalted()
T7150 123:185.168 - 0.464ms returns FALSE
T7150 123:292.976 JLINK_IsHalted()
T7150 123:293.632 - 0.652ms returns FALSE
T7150 123:293.712 JLINK_IsHalted()
T7150 123:294.256 - 0.549ms returns FALSE
T7150 123:402.768 JLINK_IsHalted()
T7150 123:403.280 - 0.512ms returns FALSE
T7150 123:403.344 JLINK_IsHalted()
T7150 123:403.688 - 0.345ms returns FALSE
T7150 123:511.824 JLINK_IsHalted()
T7150 123:512.384 - 0.558ms returns FALSE
T7150 123:512.424 JLINK_IsHalted()
T7150 123:512.816 - 0.399ms returns FALSE
T7150 123:620.864 JLINK_IsHalted()
T7150 123:621.584 - 0.718ms returns FALSE
T7150 123:621.736 JLINK_IsHalted()
T7150 123:622.400 - 0.660ms returns FALSE
T7150 123:731.112 JLINK_IsHalted()
T7150 123:731.664 - 0.556ms returns FALSE
T7150 123:731.736 JLINK_IsHalted()
T7150 123:732.272 - 0.531ms returns FALSE
T7150 123:839.856 JLINK_IsHalted()
T7150 123:841.808 - 1.943ms returns FALSE
T7150 123:841.960 JLINK_IsHalted()
T7150 123:842.512 - 0.548ms returns FALSE
T9440 123:844.568 JLINK_IsHalted()
T9440 123:845.272 - 0.694ms returns FALSE
T9440 123:845.376 JLINK_IsHalted()
T9440 123:845.840 - 0.455ms returns FALSE
T7150 123:949.976 JLINK_IsHalted()
T7150 123:950.744 - 0.766ms returns FALSE
T7150 123:950.912 JLINK_IsHalted()
T7150 123:951.488 - 0.579ms returns FALSE
T7150 124:058.992 JLINK_IsHalted()
T7150 124:059.776 - 0.774ms returns FALSE
T7150 124:059.944 JLINK_IsHalted()
T7150 124:060.648 - 0.700ms returns FALSE
T7150 124:168.000 JLINK_IsHalted()
T7150 124:168.384 - 0.377ms returns FALSE
T7150 124:168.432 JLINK_IsHalted()
T7150 124:168.768 - 0.330ms returns FALSE
T7150 124:277.352 JLINK_IsHalted()
T7150 124:277.952 - 0.606ms returns FALSE
T7150 124:278.056 JLINK_IsHalted()
T7150 124:278.632 - 0.574ms returns FALSE
T7150 124:386.904 JLINK_IsHalted()
T7150 124:387.520 - 0.605ms returns FALSE
T7150 124:387.560 JLINK_IsHalted()
T7150 124:388.120 - 0.563ms returns FALSE
T7150 124:496.088 JLINK_IsHalted()
T7150 124:496.880 - 0.792ms returns FALSE
T7150 124:497.024 JLINK_IsHalted()
T7150 124:497.576 - 0.551ms returns FALSE
T7150 124:605.800 JLINK_IsHalted()
T7150 124:606.504 - 0.691ms returns FALSE
T7150 124:606.656 JLINK_IsHalted()
T7150 124:607.192 - 0.545ms returns FALSE
T7150 124:714.792 JLINK_IsHalted()
T7150 124:715.568 - 0.780ms returns FALSE
T7150 124:715.712 JLINK_IsHalted()
T7150 124:716.224 - 0.513ms returns FALSE
T7150 124:824.448 JLINK_IsHalted()
T7150 124:825.200 - 0.751ms returns FALSE
T7150 124:825.368 JLINK_IsHalted()
T7150 124:825.904 - 0.528ms returns FALSE
T9440 124:847.024 JLINK_IsHalted()
T9440 124:849.896 - 2.855ms returns FALSE
T9440 124:851.240 JLINK_IsHalted()
T9440 124:851.880 - 0.637ms returns FALSE
T7150 124:933.784 JLINK_IsHalted()
T7150 124:934.424 - 0.631ms returns FALSE
T7150 124:934.568 JLINK_IsHalted()
T7150 124:935.080 - 0.509ms returns FALSE
T7150 125:043.288 JLINK_IsHalted()
T7150 125:043.944 - 0.647ms returns FALSE
T7150 125:044.120 JLINK_IsHalted()
T7150 125:044.816 - 0.697ms returns FALSE
T7150 125:152.192 JLINK_IsHalted()
T7150 125:153.008 - 0.821ms returns FALSE
T7150 125:153.152 JLINK_IsHalted()
T7150 125:155.120 - 1.976ms returns FALSE
T7150 125:261.800 JLINK_IsHalted()
T7150 125:264.816 - 3.028ms returns FALSE
T7150 125:264.872 JLINK_IsHalted()
T7150 125:267.824 - 2.958ms returns FALSE
T7150 125:371.112 JLINK_IsHalted()
T7150 125:371.752 - 0.632ms returns FALSE
T7150 125:371.800 JLINK_IsHalted()
T7150 125:372.312 - 0.509ms returns FALSE
T7150 125:480.752 JLINK_IsHalted()
T7150 125:481.360 - 0.595ms returns FALSE
T7150 125:481.496 JLINK_IsHalted()
T7150 125:482.088 - 0.591ms returns FALSE
T7150 125:589.864 JLINK_IsHalted()
T7150 125:592.000 - 2.135ms returns FALSE
T7150 125:592.064 JLINK_IsHalted()
T7150 125:592.528 - 0.458ms returns FALSE
T7150 125:699.888 JLINK_IsHalted()
T7150 125:701.016 - 1.130ms returns FALSE
T7150 125:701.072 JLINK_IsHalted()
T7150 125:701.904 - 0.822ms returns FALSE
T7150 125:809.088 JLINK_IsHalted()
T7150 125:809.704 - 0.618ms returns FALSE
T7150 125:809.832 JLINK_IsHalted()
T7150 125:810.328 - 0.489ms returns FALSE
T9440 125:854.512 JLINK_IsHalted()
T9440 125:857.320 - 2.803ms returns FALSE
T9440 125:857.448 JLINK_IsHalted()
T9440 125:857.968 - 0.532ms returns FALSE
T7150 125:918.272 JLINK_IsHalted()
T7150 125:918.864 - 0.588ms returns FALSE
T7150 125:918.896 JLINK_IsHalted()
T7150 125:919.408 - 0.511ms returns FALSE
T7150 126:027.760 JLINK_IsHalted()
T7150 126:028.336 - 0.578ms returns FALSE
T7150 126:028.400 JLINK_IsHalted()
T7150 126:028.912 - 0.514ms returns FALSE
T7150 126:136.792 JLINK_IsHalted()
T7150 126:137.520 - 0.730ms returns FALSE
T7150 126:137.704 JLINK_IsHalted()
T7150 126:138.256 - 0.547ms returns FALSE
T7150 126:246.320 JLINK_IsHalted()
T7150 126:247.056 - 0.724ms returns FALSE
T7150 126:247.208 JLINK_IsHalted()
T7150 126:247.720 - 0.505ms returns FALSE
T7150 126:355.712 JLINK_IsHalted()
T7150 126:356.328 - 0.615ms returns FALSE
T7150 126:356.376 JLINK_IsHalted()
T7150 126:356.904 - 0.529ms returns FALSE
T7150 126:465.472 JLINK_IsHalted()
T7150 126:466.288 - 0.822ms returns FALSE
T7150 126:466.432 JLINK_IsHalted()
T7150 126:466.968 - 0.539ms returns FALSE
T7150 126:574.144 JLINK_IsHalted()
T7150 126:574.736 - 0.587ms returns FALSE
T7150 126:574.768 JLINK_IsHalted()
T7150 126:575.216 - 0.445ms returns FALSE
T7150 126:683.984 JLINK_IsHalted()
T7150 126:684.608 - 0.628ms returns FALSE
T7150 126:684.712 JLINK_IsHalted()
T7150 126:685.200 - 0.482ms returns FALSE
T7150 126:792.688 JLINK_IsHalted()
T7150 126:793.408 - 0.713ms returns FALSE
T7150 126:793.560 JLINK_IsHalted()
T7150 126:794.216 - 0.651ms returns FALSE
T9440 126:860.328 JLINK_IsHalted()
T9440 126:861.096 - 0.774ms returns FALSE
T9440 126:861.224 JLINK_IsHalted()
T9440 126:861.824 - 0.598ms returns FALSE
T7150 126:902.976 JLINK_IsHalted()
T7150 126:903.616 - 0.637ms returns FALSE
T7150 126:903.704 JLINK_IsHalted()
T7150 126:904.280 - 0.572ms returns FALSE
T7150 127:011.944 JLINK_IsHalted()
T7150 127:012.648 - 0.710ms returns FALSE
T7150 127:012.800 JLINK_IsHalted()
T7150 127:013.360 - 0.566ms returns FALSE
T7150 127:121.536 JLINK_IsHalted()
T7150 127:122.384 - 0.841ms returns FALSE
T7150 127:122.520 JLINK_IsHalted()
T7150 127:123.096 - 0.575ms returns FALSE
T7150 127:230.896 JLINK_IsHalted()
T7150 127:231.552 - 0.650ms returns FALSE
T7150 127:231.696 JLINK_IsHalted()
T7150 127:232.152 - 0.463ms returns FALSE
T7150 127:340.072 JLINK_IsHalted()
T7150 127:340.712 - 0.636ms returns FALSE
T7150 127:340.848 JLINK_IsHalted()
T7150 127:341.424 - 0.573ms returns FALSE
T7150 127:449.648 JLINK_IsHalted()
T7150 127:450.496 - 0.841ms returns FALSE
T7150 127:450.640 JLINK_IsHalted()
T7150 127:451.304 - 0.659ms returns FALSE
T7150 127:558.320 JLINK_IsHalted()
T7150 127:559.104 - 0.787ms returns FALSE
T7150 127:559.248 JLINK_IsHalted()
T7150 127:559.808 - 0.564ms returns FALSE
T7150 127:668.456 JLINK_IsHalted()
T7150 127:670.544 - 2.088ms returns FALSE
T7150 127:670.632 JLINK_IsHalted()
T7150 127:671.104 - 0.478ms returns FALSE
T7150 127:777.200 JLINK_IsHalted()
T7150 127:777.856 - 0.647ms returns FALSE
T7150 127:777.904 JLINK_IsHalted()
T7150 127:778.512 - 0.598ms returns FALSE
T9440 127:862.760 JLINK_IsHalted()
T9440 127:863.472 - 0.720ms returns FALSE
T9440 127:863.616 JLINK_IsHalted()
T9440 127:864.216 - 0.599ms returns FALSE
T7150 127:887.104 JLINK_IsHalted()
T7150 127:887.664 - 0.569ms returns FALSE
T7150 127:887.696 JLINK_IsHalted()
T7150 127:888.112 - 0.424ms returns FALSE
T7150 127:995.984 JLINK_IsHalted()
T7150 127:996.568 - 0.585ms returns FALSE
T7150 127:996.632 JLINK_IsHalted()
T7150 127:997.160 - 0.525ms returns FALSE
T7150 128:105.616 JLINK_IsHalted()
T7150 128:106.136 - 0.538ms returns FALSE
T7150 128:106.160 JLINK_IsHalted()
T7150 128:106.576 - 0.411ms returns FALSE
T7150 128:215.064 JLINK_IsHalted()
T7150 128:215.728 - 0.662ms returns FALSE
T7150 128:215.792 JLINK_IsHalted()
T7150 128:216.240 - 0.458ms returns FALSE
T7150 128:324.160 JLINK_IsHalted()
T7150 128:324.696 - 0.534ms returns FALSE
T7150 128:324.760 JLINK_IsHalted()
T7150 128:325.120 - 0.355ms returns FALSE
T7150 128:433.936 JLINK_IsHalted()
T7150 128:434.688 - 0.758ms returns FALSE
T7150 128:434.832 JLINK_IsHalted()
T7150 128:435.352 - 0.522ms returns FALSE
T7150 128:542.616 JLINK_IsHalted()
T7150 128:543.120 - 0.503ms returns FALSE
T7150 128:543.208 JLINK_IsHalted()
T7150 128:543.592 - 0.369ms returns FALSE
T7150 128:652.240 JLINK_IsHalted()
T7150 128:652.888 - 0.647ms returns FALSE
T7150 128:652.976 JLINK_IsHalted()
T7150 128:654.544 - 1.554ms returns FALSE
T7150 128:761.552 JLINK_IsHalted()
T7150 128:762.160 - 0.602ms returns FALSE
T7150 128:762.200 JLINK_IsHalted()
T7150 128:762.584 - 0.383ms returns FALSE
T9440 128:865.584 JLINK_IsHalted()
T9440 128:866.384 - 0.790ms returns FALSE
T9440 128:866.520 JLINK_IsHalted()
T9440 128:867.240 - 0.707ms returns FALSE
T7150 128:871.632 JLINK_IsHalted()
T7150 128:872.408 - 0.780ms returns FALSE
T7150 128:872.536 JLINK_IsHalted()
T7150 128:873.104 - 0.563ms returns FALSE
T7150 128:980.656 JLINK_IsHalted()
T7150 128:981.272 - 0.613ms returns FALSE
T7150 128:981.336 JLINK_IsHalted()
T7150 128:981.872 - 0.542ms returns FALSE
T7150 129:089.768 JLINK_IsHalted()
T7150 129:090.456 - 0.700ms returns FALSE
T7150 129:090.584 JLINK_IsHalted()
T7150 129:092.720 - 2.130ms returns FALSE
T7150 129:199.576 JLINK_IsHalted()
T7150 129:202.064 - 2.483ms returns FALSE
T7150 129:202.128 JLINK_IsHalted()
T7150 129:202.816 - 0.690ms returns FALSE
T7150 129:309.544 JLINK_IsHalted()
T7150 129:311.592 - 2.044ms returns FALSE
T7150 129:311.768 JLINK_IsHalted()
T7150 129:312.408 - 0.642ms returns FALSE
T7150 129:417.936 JLINK_IsHalted()
T7150 129:418.520 - 0.590ms returns FALSE
T7150 129:418.560 JLINK_IsHalted()
T7150 129:419.112 - 0.547ms returns FALSE
T7150 129:527.680 JLINK_IsHalted()
T7150 129:528.400 - 0.721ms returns FALSE
T7150 129:528.488 JLINK_IsHalted()
T7150 129:529.048 - 0.561ms returns FALSE
T7150 129:636.864 JLINK_IsHalted()
T7150 129:637.416 - 0.547ms returns FALSE
T7150 129:637.464 JLINK_IsHalted()
T7150 129:638.016 - 0.558ms returns FALSE
T7150 129:746.648 JLINK_IsHalted()
T7150 129:747.408 - 0.748ms returns FALSE
T7150 129:747.536 JLINK_IsHalted()
T7150 129:748.016 - 0.475ms returns FALSE
T7150 129:855.768 JLINK_IsHalted()
T7150 129:856.624 - 0.859ms returns FALSE
T7150 129:856.744 JLINK_IsHalted()
T7150 129:857.384 - 0.644ms returns FALSE
T9440 129:869.160 JLINK_IsHalted()
T9440 129:870.000 - 0.839ms returns FALSE
T9440 129:870.128 JLINK_IsHalted()
T9440 129:870.736 - 0.600ms returns FALSE
T7150 129:964.696 JLINK_IsHalted()
T7150 129:965.400 - 0.701ms returns FALSE
T7150 129:965.480 JLINK_IsHalted()
T7150 129:966.000 - 0.517ms returns FALSE
T7150 130:074.648 JLINK_IsHalted()
T7150 130:075.264 - 0.614ms returns FALSE
T7150 130:075.392 JLINK_IsHalted()
T7150 130:075.944 - 0.549ms returns FALSE
T7150 130:183.448 JLINK_IsHalted()
T7150 130:184.104 - 0.652ms returns FALSE
T7150 130:184.192 JLINK_IsHalted()
T7150 130:184.848 - 0.640ms returns FALSE
T7150 130:293.696 JLINK_IsHalted()
T7150 130:294.248 - 0.551ms returns FALSE
T7150 130:294.400 JLINK_IsHalted()
T7150 130:295.024 - 0.656ms returns FALSE
T7150 130:402.648 JLINK_IsHalted()
T7150 130:403.344 - 0.681ms returns FALSE
T7150 130:403.504 JLINK_IsHalted()
T7150 130:404.048 - 0.542ms returns FALSE
T7150 130:512.344 JLINK_IsHalted()
T7150 130:512.960 - 0.613ms returns FALSE
T7150 130:513.072 JLINK_IsHalted()
T7150 130:513.552 - 0.482ms returns FALSE
T7150 130:620.904 JLINK_IsHalted()
T7150 130:621.544 - 0.640ms returns FALSE
T7150 130:621.584 JLINK_IsHalted()
T7150 130:622.160 - 0.568ms returns FALSE
T7150 130:730.640 JLINK_IsHalted()
T7150 130:731.224 - 0.589ms returns FALSE
T7150 130:731.328 JLINK_IsHalted()
T7150 130:731.920 - 0.587ms returns FALSE
T7150 130:840.320 JLINK_IsHalted()
T7150 130:840.976 - 0.646ms returns FALSE
T7150 130:841.024 JLINK_IsHalted()
T7150 130:841.576 - 0.547ms returns FALSE
T9440 130:871.280 JLINK_IsHalted()
T9440 130:871.768 - 0.480ms returns FALSE
T9440 130:871.792 JLINK_IsHalted()
T9440 130:872.168 - 0.380ms returns FALSE
T7150 130:949.520 JLINK_IsHalted()
T7150 130:950.144 - 0.619ms returns FALSE
T7150 130:950.224 JLINK_IsHalted()
T7150 130:950.696 - 0.471ms returns FALSE
T7150 131:058.384 JLINK_IsHalted()
T7150 131:058.928 - 0.542ms returns FALSE
T7150 131:058.992 JLINK_IsHalted()
T7150 131:059.440 - 0.449ms returns FALSE
T7150 131:168.296 JLINK_IsHalted()
T7150 131:168.880 - 0.592ms returns FALSE
T7150 131:169.000 JLINK_IsHalted()
T7150 131:169.584 - 0.587ms returns FALSE
T7150 131:277.416 JLINK_IsHalted()
T7150 131:278.040 - 0.636ms returns FALSE
T7150 131:278.080 JLINK_IsHalted()
T7150 131:278.592 - 0.504ms returns FALSE
T7150 131:387.152 JLINK_IsHalted()
T7150 131:387.800 - 0.645ms returns FALSE
T7150 131:387.864 JLINK_IsHalted()
T7150 131:390.208 - 2.332ms returns FALSE
T7150 131:496.600 JLINK_IsHalted()
T7150 131:497.216 - 0.621ms returns FALSE
T7150 131:497.296 JLINK_IsHalted()
T7150 131:497.856 - 0.555ms returns FALSE
T7150 131:605.736 JLINK_IsHalted()
T7150 131:606.312 - 0.581ms returns FALSE
T7150 131:606.360 JLINK_IsHalted()
T7150 131:606.800 - 0.436ms returns FALSE
T7150 131:715.280 JLINK_IsHalted()
T7150 131:715.776 - 0.496ms returns FALSE
T7150 131:715.824 JLINK_IsHalted()
T7150 131:716.184 - 0.358ms returns FALSE
T7150 131:824.464 JLINK_IsHalted()
T7150 131:826.392 - 1.934ms returns FALSE
T7150 131:826.536 JLINK_IsHalted()
T7150 131:827.136 - 0.593ms returns FALSE
T9440 131:873.432 JLINK_IsHalted()
T9440 131:874.096 - 0.670ms returns FALSE
T9440 131:874.192 JLINK_IsHalted()
T9440 131:874.792 - 0.602ms returns FALSE
T7150 131:935.144 JLINK_IsHalted()
T7150 131:935.824 - 0.681ms returns FALSE
T7150 131:935.912 JLINK_IsHalted()
T7150 131:936.368 - 0.463ms returns FALSE
T7150 132:043.200 JLINK_IsHalted()
T7150 132:043.856 - 0.659ms returns FALSE
T7150 132:043.992 JLINK_IsHalted()
T7150 132:044.440 - 0.453ms returns FALSE
T7150 132:153.000 JLINK_IsHalted()
T7150 132:153.616 - 0.611ms returns FALSE
T7150 132:153.688 JLINK_IsHalted()
T7150 132:154.152 - 0.459ms returns FALSE
T7150 132:262.208 JLINK_IsHalted()
T7150 132:263.016 - 0.810ms returns FALSE
T7150 132:263.144 JLINK_IsHalted()
T7150 132:265.152 - 2.009ms returns FALSE
T7150 132:371.328 JLINK_IsHalted()
T7150 132:372.080 - 0.746ms returns FALSE
T7150 132:372.288 JLINK_IsHalted()
T7150 132:372.776 - 0.491ms returns FALSE
T7150 132:480.280 JLINK_IsHalted()
T7150 132:480.896 - 0.614ms returns FALSE
T7150 132:481.040 JLINK_IsHalted()
T7150 132:481.600 - 0.574ms returns FALSE
T7150 132:590.464 JLINK_IsHalted()
T7150 132:591.184 - 0.718ms returns FALSE
T7150 132:591.312 JLINK_IsHalted()
T7150 132:591.824 - 0.512ms returns FALSE
T7150 132:699.176 JLINK_IsHalted()
T7150 132:699.944 - 0.768ms returns FALSE
T7150 132:700.096 JLINK_IsHalted()
T7150 132:700.712 - 0.615ms returns FALSE
T7150 132:809.688 JLINK_IsHalted()
T7150 132:810.128 - 0.435ms returns FALSE
T7150 132:810.176 JLINK_IsHalted()
T7150 132:810.544 - 0.365ms returns FALSE
T9440 132:875.800 JLINK_IsHalted()
T9440 132:876.400 - 0.598ms returns FALSE
T9440 132:876.464 JLINK_IsHalted()
T9440 132:876.968 - 0.504ms returns FALSE
T7150 132:917.928 JLINK_IsHalted()
T7150 132:918.480 - 0.551ms returns FALSE
T7150 132:918.568 JLINK_IsHalted()
T7150 132:919.120 - 0.550ms returns FALSE
T7150 133:027.456 JLINK_IsHalted()
T7150 133:030.640 - 3.187ms returns FALSE
T7150 133:030.696 JLINK_IsHalted()
T7150 133:031.208 - 0.515ms returns FALSE
T7150 133:136.744 JLINK_IsHalted()
T7150 133:137.368 - 0.629ms returns FALSE
T7150 133:137.496 JLINK_IsHalted()
T7150 133:138.128 - 0.621ms returns FALSE
T7150 133:246.512 JLINK_IsHalted()
T7150 133:247.120 - 0.587ms returns FALSE
T7150 133:247.272 JLINK_IsHalted()
T7150 133:247.832 - 0.556ms returns FALSE
T7150 133:355.648 JLINK_IsHalted()
T7150 133:356.248 - 0.589ms returns FALSE
T7150 133:356.312 JLINK_IsHalted()
T7150 133:356.816 - 0.502ms returns FALSE
T7150 133:464.624 JLINK_IsHalted()
T7150 133:465.192 - 0.561ms returns FALSE
T7150 133:465.264 JLINK_IsHalted()
T7150 133:465.688 - 0.425ms returns FALSE
T7150 133:574.400 JLINK_IsHalted()
T7150 133:575.080 - 0.675ms returns FALSE
T7150 133:575.152 JLINK_IsHalted()
T7150 133:575.760 - 0.596ms returns FALSE
T7150 133:683.904 JLINK_IsHalted()
T7150 133:684.592 - 0.688ms returns FALSE
T7150 133:684.720 JLINK_IsHalted()
T7150 133:685.208 - 0.486ms returns FALSE
T7150 133:793.472 JLINK_IsHalted()
T7150 133:794.008 - 0.539ms returns FALSE
T7150 133:794.048 JLINK_IsHalted()
T7150 133:794.496 - 0.445ms returns FALSE
T9440 133:877.848 JLINK_IsHalted()
T9440 133:878.360 - 0.503ms returns FALSE
T9440 133:878.416 JLINK_IsHalted()
T9440 133:878.832 - 0.419ms returns FALSE
T7150 133:902.896 JLINK_IsHalted()
T7150 133:903.448 - 0.554ms returns FALSE
T7150 133:903.528 JLINK_IsHalted()
T7150 133:903.872 - 0.356ms returns FALSE
T7150 134:011.800 JLINK_IsHalted()
T7150 134:013.680 - 1.879ms returns FALSE
T7150 134:013.736 JLINK_IsHalted()
T7150 134:014.288 - 0.547ms returns FALSE
T7150 134:121.200 JLINK_IsHalted()
T7150 134:121.688 - 0.484ms returns FALSE
T7150 134:121.744 JLINK_IsHalted()
T7150 134:122.048 - 0.313ms returns FALSE
T7150 134:230.080 JLINK_IsHalted()
T7150 134:230.560 - 0.478ms returns FALSE
T7150 134:230.608 JLINK_IsHalted()
T7150 134:230.944 - 0.339ms returns FALSE
T7150 134:339.776 JLINK_IsHalted()
T7150 134:340.272 - 0.490ms returns FALSE
T7150 134:340.320 JLINK_IsHalted()
T7150 134:340.608 - 0.294ms returns FALSE
T7150 134:451.488 JLINK_IsHalted()
T7150 134:452.192 - 0.710ms returns FALSE
T7150 134:452.304 JLINK_IsHalted()
T7150 134:452.800 - 0.496ms returns FALSE
T7150 134:558.688 JLINK_IsHalted()
T7150 134:559.296 - 0.610ms returns FALSE
T7150 134:559.344 JLINK_IsHalted()
T7150 134:559.792 - 0.445ms returns FALSE
T7150 134:669.088 JLINK_IsHalted()
T7150 134:669.904 - 0.813ms returns FALSE
T7150 134:670.048 JLINK_IsHalted()
T7150 134:670.560 - 0.512ms returns FALSE
T7150 134:777.408 JLINK_IsHalted()
T7150 134:778.000 - 0.585ms returns FALSE
T7150 134:778.048 JLINK_IsHalted()
T7150 134:778.512 - 0.468ms returns FALSE
T9440 134:880.864 JLINK_IsHalted()
T9440 134:881.680 - 0.813ms returns FALSE
T9440 134:881.824 JLINK_IsHalted()
T9440 134:882.352 - 0.520ms returns FALSE
T7150 134:887.280 JLINK_IsHalted()
T7150 134:888.016 - 0.720ms returns FALSE
T7150 134:888.144 JLINK_IsHalted()
T7150 134:888.704 - 0.565ms returns FALSE
T7150 134:996.512 JLINK_IsHalted()
T7150 134:997.216 - 0.707ms returns FALSE
T7150 134:997.360 JLINK_IsHalted()
T7150 134:997.904 - 0.540ms returns FALSE
T7150 135:105.312 JLINK_IsHalted()
T7150 135:105.920 - 0.618ms returns FALSE
T7150 135:106.016 JLINK_IsHalted()
T7150 135:106.544 - 0.513ms returns FALSE
T7150 135:214.880 JLINK_IsHalted()
T7150 135:215.488 - 0.608ms returns FALSE
T7150 135:215.536 JLINK_IsHalted()
T7150 135:215.952 - 0.409ms returns FALSE
T7150 135:324.816 JLINK_IsHalted()
T7150 135:325.392 - 0.577ms returns FALSE
T7150 135:325.472 JLINK_IsHalted()
T7150 135:325.920 - 0.439ms returns FALSE
T7150 135:434.160 JLINK_IsHalted()
T7150 135:434.784 - 0.628ms returns FALSE
T7150 135:434.864 JLINK_IsHalted()
T7150 135:435.392 - 0.529ms returns FALSE
T7150 135:543.008 JLINK_IsHalted()
T7150 135:543.712 - 0.704ms returns FALSE
T7150 135:543.776 JLINK_IsHalted()
T7150 135:544.352 - 0.556ms returns FALSE
T7150 135:652.064 JLINK_IsHalted()
T7150 135:652.768 - 0.705ms returns FALSE
T7150 135:652.880 JLINK_IsHalted()
T7150 135:653.360 - 0.495ms returns FALSE
T7150 135:762.192 JLINK_IsHalted()
T7150 135:762.816 - 0.626ms returns FALSE
T7150 135:762.944 JLINK_IsHalted()
T7150 135:763.536 - 0.577ms returns FALSE
T7150 135:871.184 JLINK_IsHalted()
T7150 135:871.712 - 0.542ms returns FALSE
T7150 135:871.760 JLINK_IsHalted()
T7150 135:872.224 - 0.479ms returns FALSE
T9440 135:883.072 JLINK_IsHalted()
T9440 135:883.696 - 0.630ms returns FALSE
T9440 135:883.840 JLINK_IsHalted()
T9440 135:884.336 - 0.493ms returns FALSE
T7150 135:980.240 JLINK_IsHalted()
T7150 135:982.224 - 1.994ms returns FALSE
T7150 135:982.272 JLINK_IsHalted()
T7150 135:982.752 - 0.478ms returns FALSE
T7150 136:090.352 JLINK_IsHalted()
T7150 136:090.992 - 0.644ms returns FALSE
T7150 136:091.040 JLINK_IsHalted()
T7150 136:091.536 - 0.499ms returns FALSE
T7150 136:199.840 JLINK_IsHalted()
T7150 136:200.384 - 0.555ms returns FALSE
T7150 136:200.496 JLINK_IsHalted()
T7150 136:201.008 - 0.501ms returns FALSE
T7150 136:308.832 JLINK_IsHalted()
T7150 136:309.616 - 0.784ms returns FALSE
T7150 136:309.728 JLINK_IsHalted()
T7150 136:310.256 - 0.529ms returns FALSE
T7150 136:417.696 JLINK_IsHalted()
T7150 136:418.240 - 0.558ms returns FALSE
T7150 136:418.288 JLINK_IsHalted()
T7150 136:418.736 - 0.442ms returns FALSE
T7150 136:527.472 JLINK_IsHalted()
T7150 136:528.048 - 0.571ms returns FALSE
T7150 136:528.160 JLINK_IsHalted()
T7150 136:528.800 - 0.636ms returns FALSE
T7150 136:637.328 JLINK_IsHalted()
T7150 136:638.096 - 0.775ms returns FALSE
T7150 136:638.240 JLINK_IsHalted()
T7150 136:638.688 - 0.464ms returns FALSE
T7150 136:746.000 JLINK_IsHalted()
T7150 136:746.704 - 0.710ms returns FALSE
T7150 136:746.832 JLINK_IsHalted()
T7150 136:747.424 - 0.588ms returns FALSE
T7150 136:855.184 JLINK_IsHalted()
T7150 136:855.840 - 0.652ms returns FALSE
T7150 136:855.968 JLINK_IsHalted()
T7150 136:856.464 - 0.492ms returns FALSE
T9440 136:885.584 JLINK_IsHalted()
T9440 136:886.240 - 0.654ms returns FALSE
T9440 136:886.384 JLINK_IsHalted()
T9440 136:888.576 - 2.182ms returns FALSE
T7150 136:964.976 JLINK_IsHalted()
T7150 136:965.568 - 0.591ms returns FALSE
T7150 136:965.616 JLINK_IsHalted()
T7150 136:966.160 - 0.544ms returns FALSE
T7150 137:074.928 JLINK_IsHalted()
T7150 137:075.680 - 0.736ms returns FALSE
T7150 137:075.808 JLINK_IsHalted()
T7150 137:076.368 - 0.541ms returns FALSE
T7150 137:183.744 JLINK_IsHalted()
T7150 137:184.432 - 0.678ms returns FALSE
T7150 137:184.560 JLINK_IsHalted()
T7150 137:185.024 - 0.459ms returns FALSE
T7150 137:292.992 JLINK_IsHalted()
T7150 137:293.856 - 0.870ms returns FALSE
T7150 137:294.048 JLINK_IsHalted()
T7150 137:294.752 - 0.685ms returns FALSE
T7150 137:402.848 JLINK_IsHalted()
T7150 137:403.552 - 0.686ms returns FALSE
T7150 137:403.728 JLINK_IsHalted()
T7150 137:404.192 - 0.474ms returns FALSE
T7150 137:511.840 JLINK_IsHalted()
T7150 137:512.448 - 0.618ms returns FALSE
T7150 137:512.528 JLINK_IsHalted()
T7150 137:512.992 - 0.465ms returns FALSE
T7150 137:620.992 JLINK_IsHalted()
T7150 137:621.584 - 0.596ms returns FALSE
T7150 137:621.648 JLINK_IsHalted()
T7150 137:622.240 - 0.603ms returns FALSE
T7150 137:730.928 JLINK_IsHalted()
T7150 137:731.744 - 0.804ms returns FALSE
T7150 137:731.872 JLINK_IsHalted()
T7150 137:732.448 - 0.557ms returns FALSE
T7150 137:839.840 JLINK_IsHalted()
T7150 137:840.336 - 0.495ms returns FALSE
T7150 137:840.384 JLINK_IsHalted()
T7150 137:840.864 - 0.476ms returns FALSE
T9440 137:889.584 JLINK_IsHalted()
T9440 137:890.320 - 0.728ms returns FALSE
T9440 137:890.464 JLINK_IsHalted()
T9440 137:891.008 - 0.553ms returns FALSE
T7150 137:949.104 JLINK_IsHalted()
T7150 137:949.616 - 0.512ms returns FALSE
T7150 137:949.664 JLINK_IsHalted()
T7150 137:950.096 - 0.433ms returns FALSE
T7150 138:059.120 JLINK_IsHalted()
T7150 138:059.824 - 0.700ms returns FALSE
T7150 138:059.872 JLINK_IsHalted()
T7150 138:060.448 - 0.578ms returns FALSE
T7150 138:168.608 JLINK_IsHalted()
T7150 138:171.152 - 2.533ms returns FALSE
T7150 138:171.232 JLINK_IsHalted()
T7150 138:171.808 - 0.571ms returns FALSE
T7150 138:277.520 JLINK_IsHalted()
T7150 138:278.336 - 0.823ms returns FALSE
T7150 138:278.480 JLINK_IsHalted()
T7150 138:279.008 - 0.540ms returns FALSE
T7150 138:386.864 JLINK_IsHalted()
T7150 138:387.344 - 0.466ms returns FALSE
T7150 138:387.360 JLINK_IsHalted()
T7150 138:387.680 - 0.316ms returns FALSE
T7150 138:497.120 JLINK_IsHalted()
T7150 138:497.744 - 0.630ms returns FALSE
T7150 138:497.872 JLINK_IsHalted()
T7150 138:498.400 - 0.526ms returns FALSE
T7150 138:605.520 JLINK_IsHalted()
T7150 138:606.304 - 0.788ms returns FALSE
T7150 138:606.384 JLINK_IsHalted()
T7150 138:607.120 - 0.728ms returns FALSE
T7150 138:714.960 JLINK_IsHalted()
T7150 138:715.600 - 0.650ms returns FALSE
T7150 138:715.744 JLINK_IsHalted()
T7150 138:716.288 - 0.554ms returns FALSE
T7150 138:824.048 JLINK_IsHalted()
T7150 138:824.832 - 0.778ms returns FALSE
T7150 138:824.976 JLINK_IsHalted()
T7150 138:825.504 - 0.528ms returns FALSE
T9440 138:891.968 JLINK_IsHalted()
T9440 138:892.400 - 0.440ms returns FALSE
T9440 138:892.448 JLINK_IsHalted()
T9440 138:892.832 - 0.381ms returns FALSE
T7150 138:933.792 JLINK_IsHalted()
T7150 138:934.368 - 0.579ms returns FALSE
T7150 138:934.464 JLINK_IsHalted()
T7150 138:934.896 - 0.427ms returns FALSE
T7150 139:043.472 JLINK_IsHalted()
T7150 139:044.304 - 0.825ms returns FALSE
T7150 139:044.416 JLINK_IsHalted()
T7150 139:044.928 - 0.511ms returns FALSE
T7150 139:152.704 JLINK_IsHalted()
T7150 139:153.184 - 0.478ms returns FALSE
T7150 139:153.232 JLINK_IsHalted()
T7150 139:153.568 - 0.331ms returns FALSE
T7150 139:262.464 JLINK_IsHalted()
T7150 139:263.200 - 0.728ms returns FALSE
T7150 139:263.344 JLINK_IsHalted()
T7150 139:264.016 - 0.671ms returns FALSE
T7150 139:371.888 JLINK_IsHalted()
T7150 139:372.512 - 0.632ms returns FALSE
T7150 139:372.640 JLINK_IsHalted()
T7150 139:373.216 - 0.561ms returns FALSE
T7150 139:480.240 JLINK_IsHalted()
T7150 139:480.688 - 0.441ms returns FALSE
T7150 139:480.720 JLINK_IsHalted()
T7150 139:481.120 - 0.400ms returns FALSE
T7150 139:589.792 JLINK_IsHalted()
T7150 139:590.432 - 0.640ms returns FALSE
T7150 139:590.560 JLINK_IsHalted()
T7150 139:591.008 - 0.445ms returns FALSE
T7150 139:699.616 JLINK_IsHalted()
T7150 139:700.304 - 0.691ms returns FALSE
T7150 139:700.448 JLINK_IsHalted()
T7150 139:700.928 - 0.477ms returns FALSE
T7150 139:808.336 JLINK_IsHalted()
T7150 139:809.184 - 0.836ms returns FALSE
T7150 139:809.296 JLINK_IsHalted()
T7150 139:809.856 - 0.564ms returns FALSE
T9440 139:894.256 JLINK_IsHalted()
T9440 139:896.032 - 1.758ms returns FALSE
T9440 139:896.240 JLINK_IsHalted()
T9440 139:896.832 - 0.583ms returns FALSE
T7150 139:918.432 JLINK_IsHalted()
T7150 139:918.880 - 0.451ms returns FALSE
T7150 139:918.912 JLINK_IsHalted()
T7150 139:919.280 - 0.377ms returns FALSE
T7150 140:028.768 JLINK_IsHalted()
T7150 140:029.472 - 0.687ms returns FALSE
T7150 140:029.600 JLINK_IsHalted()
T7150 140:030.192 - 0.580ms returns FALSE
T7150 140:136.928 JLINK_IsHalted()
T7150 140:137.568 - 0.639ms returns FALSE
T7150 140:137.632 JLINK_IsHalted()
T7150 140:138.112 - 0.496ms returns FALSE
T7150 140:246.688 JLINK_IsHalted()
T7150 140:247.408 - 0.717ms returns FALSE
T7150 140:247.568 JLINK_IsHalted()
T7150 140:248.096 - 0.540ms returns FALSE
T7150 140:355.088 JLINK_IsHalted()
T7150 140:355.728 - 0.634ms returns FALSE
T7150 140:355.776 JLINK_IsHalted()
T7150 140:356.192 - 0.423ms returns FALSE
T7150 140:465.568 JLINK_IsHalted()
T7150 140:466.336 - 0.750ms returns FALSE
T7150 140:466.464 JLINK_IsHalted()
T7150 140:466.944 - 0.478ms returns FALSE
T7150 140:574.608 JLINK_IsHalted()
T7150 140:575.232 - 0.629ms returns FALSE
T7150 140:575.264 JLINK_IsHalted()
T7150 140:575.744 - 0.481ms returns FALSE
T7150 140:683.776 JLINK_IsHalted()
T7150 140:684.528 - 0.746ms returns FALSE
T7150 140:684.688 JLINK_IsHalted()
T7150 140:685.136 - 0.455ms returns FALSE
T7150 140:793.376 JLINK_IsHalted()
T7150 140:793.824 - 0.434ms returns FALSE
T7150 140:793.840 JLINK_IsHalted()
T7150 140:794.160 - 0.322ms returns FALSE
T9440 140:898.832 JLINK_IsHalted()
T9440 140:899.424 - 0.586ms returns FALSE
T9440 140:899.488 JLINK_IsHalted()
T9440 140:900.032 - 0.533ms returns FALSE
T7150 140:902.544 JLINK_IsHalted()
T7150 140:903.264 - 0.711ms returns FALSE
T7150 140:903.392 JLINK_IsHalted()
T7150 140:903.856 - 0.474ms returns FALSE
T7150 141:012.096 JLINK_IsHalted()
T7150 141:012.624 - 0.525ms returns FALSE
T7150 141:012.656 JLINK_IsHalted()
T7150 141:013.120 - 0.455ms returns FALSE
T7150 141:121.632 JLINK_IsHalted()
T7150 141:122.208 - 0.564ms returns FALSE
T7150 141:122.240 JLINK_IsHalted()
T7150 141:122.672 - 0.434ms returns FALSE
T7150 141:230.528 JLINK_IsHalted()
T7150 141:231.024 - 0.488ms returns FALSE
T7150 141:231.120 JLINK_IsHalted()
T7150 141:231.632 - 0.511ms returns FALSE
T7150 141:340.352 JLINK_IsHalted()
T7150 141:340.896 - 0.538ms returns FALSE
T7150 141:340.960 JLINK_IsHalted()
T7150 141:343.408 - 2.444ms returns FALSE
T7150 141:449.712 JLINK_IsHalted()
T7150 141:450.320 - 0.608ms returns FALSE
T7150 141:450.384 JLINK_IsHalted()
T7150 141:450.880 - 0.503ms returns FALSE
T7150 141:558.672 JLINK_IsHalted()
T7150 141:559.536 - 0.877ms returns FALSE
T7150 141:559.664 JLINK_IsHalted()
T7150 141:560.224 - 0.546ms returns FALSE
T7150 141:668.064 JLINK_IsHalted()
T7150 141:668.896 - 0.818ms returns FALSE
T7150 141:668.960 JLINK_IsHalted()
T7150 141:669.520 - 0.564ms returns FALSE
T7150 141:778.784 JLINK_IsHalted()
T7150 141:779.536 - 0.760ms returns FALSE
T7150 141:779.648 JLINK_IsHalted()
T7150 141:780.208 - 0.555ms returns FALSE
T7150 141:887.200 JLINK_IsHalted()
T7150 141:887.968 - 0.768ms returns FALSE
T7150 141:888.048 JLINK_IsHalted()
T7150 141:888.656 - 0.601ms returns FALSE
T9440 141:901.072 JLINK_IsHalted()
T9440 141:901.744 - 0.676ms returns FALSE
T9440 141:901.840 JLINK_IsHalted()
T9440 141:902.368 - 0.529ms returns FALSE
T7150 141:996.064 JLINK_IsHalted()
T7150 141:996.752 - 0.674ms returns FALSE
T7150 141:996.800 JLINK_IsHalted()
T7150 141:997.280 - 0.488ms returns FALSE
T7150 142:105.696 JLINK_IsHalted()
T7150 142:106.240 - 0.530ms returns FALSE
T7150 142:106.288 JLINK_IsHalted()
T7150 142:106.784 - 0.490ms returns FALSE
T7150 142:215.664 JLINK_IsHalted()
T7150 142:216.384 - 0.719ms returns FALSE
T7150 142:216.512 JLINK_IsHalted()
T7150 142:217.120 - 0.605ms returns FALSE
T7150 142:324.608 JLINK_IsHalted()
T7150 142:325.040 - 0.438ms returns FALSE
T7150 142:325.088 JLINK_IsHalted()
T7150 142:325.520 - 0.429ms returns FALSE
T7150 142:433.632 JLINK_IsHalted()
T7150 142:434.272 - 0.649ms returns FALSE
T7150 142:434.336 JLINK_IsHalted()
T7150 142:434.928 - 0.597ms returns FALSE
T7150 142:543.344 JLINK_IsHalted()
T7150 142:545.568 - 2.229ms returns FALSE
T7150 142:545.664 JLINK_IsHalted()
T7150 142:546.160 - 0.497ms returns FALSE
T7150 142:652.400 JLINK_IsHalted()
T7150 142:653.152 - 0.735ms returns FALSE
T7150 142:653.280 JLINK_IsHalted()
T7150 142:653.856 - 0.585ms returns FALSE
T7150 142:762.400 JLINK_IsHalted()
T7150 142:763.040 - 0.633ms returns FALSE
T7150 142:763.088 JLINK_IsHalted()
T7150 142:763.552 - 0.481ms returns FALSE
T7150 142:871.376 JLINK_IsHalted()
T7150 142:873.456 - 2.085ms returns FALSE
T7150 142:873.584 JLINK_IsHalted()
T7150 142:874.144 - 0.548ms returns FALSE
T9440 142:903.840 JLINK_IsHalted()
T9440 142:904.672 - 0.833ms returns FALSE
T9440 142:904.800 JLINK_IsHalted()
T9440 142:905.296 - 0.483ms returns FALSE
T7150 142:980.528 JLINK_IsHalted()
T7150 142:981.104 - 0.566ms returns FALSE
T7150 142:981.152 JLINK_IsHalted()
T7150 142:981.552 - 0.400ms returns FALSE
T7150 143:089.648 JLINK_IsHalted()
T7150 143:090.320 - 0.665ms returns FALSE
T7150 143:090.448 JLINK_IsHalted()
T7150 143:090.912 - 0.476ms returns FALSE
T7150 143:199.472 JLINK_IsHalted()
T7150 143:200.032 - 0.550ms returns FALSE
T7150 143:200.096 JLINK_IsHalted()
T7150 143:200.512 - 0.402ms returns FALSE
T7150 143:308.416 JLINK_IsHalted()
T7150 143:309.024 - 0.607ms returns FALSE
T7150 143:309.088 JLINK_IsHalted()
T7150 143:309.488 - 0.413ms returns FALSE
T7150 143:418.192 JLINK_IsHalted()
T7150 143:418.704 - 0.506ms returns FALSE
T7150 143:418.864 JLINK_IsHalted()
T7150 143:419.328 - 0.469ms returns FALSE
T7150 143:527.888 JLINK_IsHalted()
T7150 143:528.512 - 0.636ms returns FALSE
T7150 143:528.560 JLINK_IsHalted()
T7150 143:529.056 - 0.501ms returns FALSE
T7150 143:636.448 JLINK_IsHalted()
T7150 143:637.216 - 0.771ms returns FALSE
T7150 143:637.328 JLINK_IsHalted()
T7150 143:637.808 - 0.487ms returns FALSE
T7150 143:746.848 JLINK_IsHalted()
T7150 143:747.552 - 0.723ms returns FALSE
T7150 143:747.696 JLINK_IsHalted()
T7150 143:748.352 - 0.648ms returns FALSE
T7150 143:855.744 JLINK_IsHalted()
T7150 143:856.256 - 0.516ms returns FALSE
T7150 143:856.304 JLINK_IsHalted()
T7150 143:856.784 - 0.463ms returns FALSE
T9440 143:906.240 JLINK_IsHalted()
T9440 143:906.704 - 0.467ms returns FALSE
T9440 143:906.752 JLINK_IsHalted()
T9440 143:907.200 - 0.445ms returns FALSE
T7150 143:964.704 JLINK_IsHalted()
T7150 143:965.280 - 0.570ms returns FALSE
T7150 143:965.312 JLINK_IsHalted()
T7150 143:965.712 - 0.401ms returns FALSE
T7150 144:074.224 JLINK_IsHalted()
T7150 144:074.864 - 0.644ms returns FALSE
T7150 144:074.992 JLINK_IsHalted()
T7150 144:075.520 - 0.525ms returns FALSE
T7150 144:183.232 JLINK_IsHalted()
T7150 144:183.792 - 0.570ms returns FALSE
T7150 144:183.856 JLINK_IsHalted()
T7150 144:184.320 - 0.460ms returns FALSE
T7150 144:293.232 JLINK_IsHalted()
T7150 144:293.952 - 0.722ms returns FALSE
T7150 144:294.016 JLINK_IsHalted()
T7150 144:294.592 - 0.572ms returns FALSE
T7150 144:402.736 JLINK_IsHalted()
T7150 144:403.328 - 0.590ms returns FALSE
T7150 144:403.376 JLINK_IsHalted()
T7150 144:403.696 - 0.329ms returns FALSE
T7150 144:512.288 JLINK_IsHalted()
T7150 144:512.688 - 0.403ms returns FALSE
T7150 144:512.736 JLINK_IsHalted()
T7150 144:513.184 - 0.443ms returns FALSE
T7150 144:622.096 JLINK_IsHalted()
T7150 144:622.720 - 0.621ms returns FALSE
T7150 144:622.832 JLINK_IsHalted()
T7150 144:623.328 - 0.500ms returns FALSE
T7150 144:730.704 JLINK_IsHalted()
T7150 144:731.136 - 0.445ms returns FALSE
T7150 144:731.184 JLINK_IsHalted()
T7150 144:731.696 - 0.519ms returns FALSE
T7150 144:839.536 JLINK_IsHalted()
T7150 144:840.176 - 0.641ms returns FALSE
T7150 144:840.320 JLINK_IsHalted()
T7150 144:840.896 - 0.573ms returns FALSE
T9440 144:908.160 JLINK_IsHalted()
T9440 144:908.784 - 0.626ms returns FALSE
T9440 144:908.832 JLINK_IsHalted()
T9440 144:909.232 - 0.384ms returns FALSE
T7150 144:949.232 JLINK_IsHalted()
T7150 144:949.760 - 0.515ms returns FALSE
T7150 144:949.792 JLINK_IsHalted()
T7150 144:950.240 - 0.443ms returns FALSE
T7150 145:059.184 JLINK_IsHalted()
T7150 145:059.712 - 0.523ms returns FALSE
T7150 145:059.776 JLINK_IsHalted()
T7150 145:060.272 - 0.494ms returns FALSE
T7150 145:167.888 JLINK_IsHalted()
T7150 145:168.480 - 0.598ms returns FALSE
T7150 145:168.592 JLINK_IsHalted()
T7150 145:169.056 - 0.461ms returns FALSE
T7150 145:277.856 JLINK_IsHalted()
T7150 145:278.624 - 0.779ms returns FALSE
T7150 145:278.752 JLINK_IsHalted()
T7150 145:279.232 - 0.484ms returns FALSE
T7150 145:386.928 JLINK_IsHalted()
T7150 145:387.648 - 0.722ms returns FALSE
T7150 145:387.840 JLINK_IsHalted()
T7150 145:388.464 - 0.623ms returns FALSE
T7150 145:496.064 JLINK_IsHalted()
T7150 145:496.784 - 0.709ms returns FALSE
T7150 145:496.912 JLINK_IsHalted()
T7150 145:497.520 - 0.615ms returns FALSE
T7150 145:605.600 JLINK_IsHalted()
T7150 145:606.240 - 0.632ms returns FALSE
T7150 145:606.400 JLINK_IsHalted()
T7150 145:606.896 - 0.505ms returns FALSE
T7150 145:715.008 JLINK_IsHalted()
T7150 145:715.616 - 0.621ms returns FALSE
T7150 145:715.728 JLINK_IsHalted()
T7150 145:716.160 - 0.432ms returns FALSE
T7150 145:824.800 JLINK_IsHalted()
T7150 145:825.632 - 0.807ms returns FALSE
T7150 145:825.808 JLINK_IsHalted()
T7150 145:826.448 - 0.637ms returns FALSE
T9440 145:910.288 JLINK_IsHalted()
T9440 145:912.672 - 2.372ms returns FALSE
T9440 145:912.752 JLINK_IsHalted()
T9440 145:913.184 - 0.424ms returns FALSE
T7150 145:934.176 JLINK_IsHalted()
T7150 145:934.752 - 0.554ms returns FALSE
T7150 145:934.816 JLINK_IsHalted()
T7150 145:935.152 - 0.350ms returns FALSE
T7150 146:043.024 JLINK_IsHalted()
T7150 146:043.680 - 0.653ms returns FALSE
T7150 146:043.792 JLINK_IsHalted()
T7150 146:044.320 - 0.534ms returns FALSE
T7150 146:152.560 JLINK_IsHalted()
T7150 146:153.184 - 0.612ms returns FALSE
T7150 146:153.248 JLINK_IsHalted()
T7150 146:153.680 - 0.442ms returns FALSE
T7150 146:262.048 JLINK_IsHalted()
T7150 146:262.816 - 0.767ms returns FALSE
T7150 146:262.912 JLINK_IsHalted()
T7150 146:263.536 - 0.629ms returns FALSE
T7150 146:371.184 JLINK_IsHalted()
T7150 146:371.696 - 0.510ms returns FALSE
T7150 146:371.744 JLINK_IsHalted()
T7150 146:372.176 - 0.421ms returns FALSE
T7150 146:480.864 JLINK_IsHalted()
T7150 146:481.600 - 0.732ms returns FALSE
T7150 146:481.760 JLINK_IsHalted()
T7150 146:482.496 - 0.732ms returns FALSE
T7150 146:590.000 JLINK_IsHalted()
T7150 146:590.576 - 0.578ms returns FALSE
T7150 146:590.640 JLINK_IsHalted()
T7150 146:591.120 - 0.470ms returns FALSE
T7150 146:699.072 JLINK_IsHalted()
T7150 146:700.976 - 1.911ms returns FALSE
T7150 146:701.104 JLINK_IsHalted()
T7150 146:701.648 - 0.531ms returns FALSE
T7150 146:808.864 JLINK_IsHalted()
T7150 146:809.568 - 0.697ms returns FALSE
T7150 146:809.680 JLINK_IsHalted()
T7150 146:810.192 - 0.507ms returns FALSE
T9440 146:914.224 JLINK_IsHalted()
T9440 146:914.736 - 0.508ms returns FALSE
T9440 146:914.800 JLINK_IsHalted()
T9440 146:915.232 - 0.423ms returns FALSE
T7150 146:918.704 JLINK_IsHalted()
T7150 146:919.456 - 0.744ms returns FALSE
T7150 146:919.520 JLINK_IsHalted()
T7150 146:919.936 - 0.416ms returns FALSE
T7150 147:028.032 JLINK_IsHalted()
T7150 147:028.704 - 0.676ms returns FALSE
T7150 147:028.752 JLINK_IsHalted()
T7150 147:029.216 - 0.469ms returns FALSE
T7150 147:137.280 JLINK_IsHalted()
T7150 147:139.984 - 2.700ms returns FALSE
T7150 147:140.192 JLINK_IsHalted()
T7150 147:141.984 - 1.791ms returns FALSE
T7150 147:246.592 JLINK_IsHalted()
T7150 147:247.280 - 0.693ms returns FALSE
T7150 147:247.328 JLINK_IsHalted()
T7150 147:247.808 - 0.471ms returns FALSE
T7150 147:356.192 JLINK_IsHalted()
T7150 147:356.800 - 0.618ms returns FALSE
T7150 147:356.960 JLINK_IsHalted()
T7150 147:357.520 - 0.555ms returns FALSE
T7150 147:465.264 JLINK_IsHalted()
T7150 147:465.856 - 0.592ms returns FALSE
T7150 147:465.952 JLINK_IsHalted()
T7150 147:466.464 - 0.498ms returns FALSE
T7150 147:574.432 JLINK_IsHalted()
T7150 147:575.040 - 0.616ms returns FALSE
T7150 147:575.184 JLINK_IsHalted()
T7150 147:575.632 - 0.449ms returns FALSE
T7150 147:683.440 JLINK_IsHalted()
T7150 147:684.096 - 0.658ms returns FALSE
T7150 147:684.256 JLINK_IsHalted()
T7150 147:684.704 - 0.447ms returns FALSE
T7150 147:793.760 JLINK_IsHalted()
T7150 147:794.432 - 0.686ms returns FALSE
T7150 147:794.560 JLINK_IsHalted()
T7150 147:795.152 - 0.589ms returns FALSE
T7150 147:902.112 JLINK_IsHalted()
T7150 147:902.944 - 0.817ms returns FALSE
T7150 147:903.072 JLINK_IsHalted()
T7150 147:903.712 - 0.642ms returns FALSE
T9440 147:916.080 JLINK_IsHalted()
T9440 147:916.704 - 0.626ms returns FALSE
T9440 147:916.832 JLINK_IsHalted()
T9440 147:917.376 - 0.534ms returns FALSE
T7150 148:011.840 JLINK_IsHalted()
T7150 148:012.496 - 0.656ms returns FALSE
T7150 148:012.592 JLINK_IsHalted()
T7150 148:013.200 - 0.600ms returns FALSE
T7150 148:121.360 JLINK_IsHalted()
T7150 148:121.968 - 0.620ms returns FALSE
T7150 148:122.032 JLINK_IsHalted()
T7150 148:122.352 - 0.326ms returns FALSE
T7150 148:231.120 JLINK_IsHalted()
T7150 148:231.808 - 0.691ms returns FALSE
T7150 148:231.872 JLINK_IsHalted()
T7150 148:232.464 - 0.582ms returns FALSE
T7150 148:340.240 JLINK_IsHalted()
T7150 148:340.960 - 0.720ms returns FALSE
T7150 148:341.088 JLINK_IsHalted()
T7150 148:341.648 - 0.569ms returns FALSE
T7150 148:449.056 JLINK_IsHalted()
T7150 148:449.824 - 0.744ms returns FALSE
T7150 148:449.952 JLINK_IsHalted()
T7150 148:450.400 - 0.449ms returns FALSE
T7150 148:558.960 JLINK_IsHalted()
T7150 148:559.648 - 0.674ms returns FALSE
T7150 148:559.776 JLINK_IsHalted()
T7150 148:560.272 - 0.498ms returns FALSE
T7150 148:668.672 JLINK_IsHalted()
T7150 148:669.424 - 0.759ms returns FALSE
T7150 148:669.552 JLINK_IsHalted()
T7150 148:670.080 - 0.519ms returns FALSE
T7150 148:777.520 JLINK_IsHalted()
T7150 148:778.096 - 0.583ms returns FALSE
T7150 148:778.176 JLINK_IsHalted()
T7150 148:778.800 - 0.628ms returns FALSE
T7150 148:887.664 JLINK_IsHalted()
T7150 148:888.528 - 0.865ms returns FALSE
T7150 148:888.672 JLINK_IsHalted()
T7150 148:889.232 - 0.565ms returns FALSE
T9440 148:919.312 JLINK_IsHalted()
T9440 148:919.872 - 0.550ms returns FALSE
T9440 148:919.936 JLINK_IsHalted()
T9440 148:920.320 - 0.384ms returns FALSE
T7150 148:996.352 JLINK_IsHalted()
T7150 148:996.960 - 0.610ms returns FALSE
T7150 148:997.024 JLINK_IsHalted()
T7150 148:997.568 - 0.548ms returns FALSE
T7150 149:105.456 JLINK_IsHalted()
T7150 149:106.240 - 0.784ms returns FALSE
T7150 149:106.336 JLINK_IsHalted()
T7150 149:107.024 - 0.676ms returns FALSE
T7150 149:215.440 JLINK_IsHalted()
T7150 149:216.096 - 0.662ms returns FALSE
T7150 149:216.224 JLINK_IsHalted()
T7150 149:216.720 - 0.483ms returns FALSE
T7150 149:323.984 JLINK_IsHalted()
T7150 149:324.832 - 0.848ms returns FALSE
T7150 149:324.960 JLINK_IsHalted()
T7150 149:325.552 - 0.605ms returns FALSE
T7150 149:434.000 JLINK_IsHalted()
T7150 149:434.688 - 0.691ms returns FALSE
T7150 149:434.832 JLINK_IsHalted()
T7150 149:435.392 - 0.550ms returns FALSE
T7150 149:543.504 JLINK_IsHalted()
T7150 149:544.096 - 0.601ms returns FALSE
T7150 149:544.160 JLINK_IsHalted()
T7150 149:544.576 - 0.402ms returns FALSE
T7150 149:652.768 JLINK_IsHalted()
T7150 149:653.248 - 0.475ms returns FALSE
T7150 149:653.328 JLINK_IsHalted()
T7150 149:653.760 - 0.427ms returns FALSE
T7150 149:761.680 JLINK_IsHalted()
T7150 149:762.288 - 0.609ms returns FALSE
T7150 149:762.400 JLINK_IsHalted()
T7150 149:762.896 - 0.475ms returns FALSE
T7150 149:871.696 JLINK_IsHalted()
T7150 149:872.416 - 0.720ms returns FALSE
T7150 149:872.592 JLINK_IsHalted()
T7150 149:873.216 - 0.622ms returns FALSE
T9440 149:920.832 JLINK_IsHalted()
T9440 149:921.312 - 0.486ms returns FALSE
T9440 149:921.376 JLINK_IsHalted()
T9440 149:921.856 - 0.494ms returns FALSE
T7150 149:980.800 JLINK_IsHalted()
T7150 149:981.408 - 0.616ms returns FALSE
T7150 149:981.520 JLINK_IsHalted()
T7150 149:982.016 - 0.503ms returns FALSE
T7150 150:089.616 JLINK_IsHalted()
T7150 150:090.192 - 0.572ms returns FALSE
T7150 150:090.256 JLINK_IsHalted()
T7150 150:090.656 - 0.410ms returns FALSE
T7150 150:199.904 JLINK_IsHalted()
T7150 150:200.608 - 0.681ms returns FALSE
T7150 150:200.720 JLINK_IsHalted()
T7150 150:201.184 - 0.452ms returns FALSE
T7150 150:308.448 JLINK_IsHalted()
T7150 150:309.008 - 0.544ms returns FALSE
T7150 150:309.056 JLINK_IsHalted()
T7150 150:309.504 - 0.457ms returns FALSE
T7150 150:417.808 JLINK_IsHalted()
T7150 150:418.272 - 0.460ms returns FALSE
T7150 150:418.320 JLINK_IsHalted()
T7150 150:418.656 - 0.328ms returns FALSE
T7150 150:527.584 JLINK_IsHalted()
T7150 150:528.096 - 0.516ms returns FALSE
T7150 150:528.144 JLINK_IsHalted()
T7150 150:528.448 - 0.308ms returns FALSE
T7150 150:637.328 JLINK_IsHalted()
T7150 150:637.696 - 0.378ms returns FALSE
T7150 150:637.728 JLINK_IsHalted()
T7150 150:638.128 - 0.392ms returns FALSE
T7150 150:745.728 JLINK_IsHalted()
T7150 150:746.176 - 0.450ms returns FALSE
T7150 150:746.224 JLINK_IsHalted()
T7150 150:746.656 - 0.428ms returns FALSE
T7150 150:855.136 JLINK_IsHalted()
T7150 150:855.744 - 0.598ms returns FALSE
T7150 150:855.792 JLINK_IsHalted()
T7150 150:856.272 - 0.484ms returns FALSE
T9440 150:922.368 JLINK_IsHalted()
T9440 150:922.992 - 0.623ms returns FALSE
T9440 150:923.104 JLINK_IsHalted()
T9440 150:923.536 - 0.418ms returns FALSE
T7150 150:964.960 JLINK_IsHalted()
T7150 150:965.424 - 0.452ms returns FALSE
T7150 150:965.472 JLINK_IsHalted()
T7150 150:965.792 - 0.313ms returns FALSE
T7150 151:073.856 JLINK_IsHalted()
T7150 151:074.320 - 0.465ms returns FALSE
T7150 151:074.368 JLINK_IsHalted()
T7150 151:074.768 - 0.398ms returns FALSE
T7150 151:183.264 JLINK_IsHalted()
T7150 151:183.872 - 0.615ms returns FALSE
T7150 151:183.920 JLINK_IsHalted()
T7150 151:184.448 - 0.526ms returns FALSE
T7150 151:292.768 JLINK_IsHalted()
T7150 151:293.536 - 0.785ms returns FALSE
T7150 151:293.664 JLINK_IsHalted()
T7150 151:295.840 - 2.191ms returns FALSE
T7150 151:402.608 JLINK_IsHalted()
T7150 151:403.440 - 0.821ms returns FALSE
T7150 151:403.552 JLINK_IsHalted()
T7150 151:404.096 - 0.534ms returns FALSE
T7150 151:512.608 JLINK_IsHalted()
T7150 151:513.056 - 0.461ms returns FALSE
T7150 151:513.104 JLINK_IsHalted()
T7150 151:513.456 - 0.360ms returns FALSE
T7150 151:620.960 JLINK_IsHalted()
T7150 151:621.408 - 0.459ms returns FALSE
T7150 151:621.472 JLINK_IsHalted()
T7150 151:621.856 - 0.368ms returns FALSE
T7150 151:730.704 JLINK_IsHalted()
T7150 151:731.328 - 0.620ms returns FALSE
T7150 151:731.440 JLINK_IsHalted()
T7150 151:732.096 - 0.643ms returns FALSE
T7150 151:840.544 JLINK_IsHalted()
T7150 151:841.440 - 0.901ms returns FALSE
T7150 151:841.584 JLINK_IsHalted()
T7150 151:842.272 - 0.688ms returns FALSE
T9440 151:924.832 JLINK_IsHalted()
T9440 151:925.456 - 0.615ms returns FALSE
T9440 151:925.504 JLINK_IsHalted()
T9440 151:925.920 - 0.413ms returns FALSE
T7150 151:949.456 JLINK_IsHalted()
T7150 151:949.904 - 0.454ms returns FALSE
T7150 151:949.952 JLINK_IsHalted()
T7150 151:950.416 - 0.458ms returns FALSE
T7150 152:058.784 JLINK_IsHalted()
T7150 152:059.392 - 0.605ms returns FALSE
T7150 152:059.520 JLINK_IsHalted()
T7150 152:060.208 - 0.690ms returns FALSE
T7150 152:168.336 JLINK_IsHalted()
T7150 152:168.848 - 0.502ms returns FALSE
T7150 152:168.976 JLINK_IsHalted()
T7150 152:169.408 - 0.434ms returns FALSE
T7150 152:277.120 JLINK_IsHalted()
T7150 152:277.776 - 0.642ms returns FALSE
T7150 152:277.840 JLINK_IsHalted()
T7150 152:278.160 - 0.312ms returns FALSE
T7150 152:387.616 JLINK_IsHalted()
T7150 152:388.176 - 0.549ms returns FALSE
T7150 152:388.240 JLINK_IsHalted()
T7150 152:388.624 - 0.384ms returns FALSE
T7150 152:496.160 JLINK_IsHalted()
T7150 152:496.848 - 0.692ms returns FALSE
T7150 152:496.896 JLINK_IsHalted()
T7150 152:497.296 - 0.404ms returns FALSE
T7150 152:606.176 JLINK_IsHalted()
T7150 152:606.752 - 0.566ms returns FALSE
T7150 152:606.784 JLINK_IsHalted()
T7150 152:607.184 - 0.401ms returns FALSE
T7150 152:714.656 JLINK_IsHalted()
T7150 152:715.168 - 0.505ms returns FALSE
T7150 152:715.216 JLINK_IsHalted()
T7150 152:715.728 - 0.511ms returns FALSE
T7150 152:824.448 JLINK_IsHalted()
T7150 152:824.896 - 0.452ms returns FALSE
T7150 152:824.944 JLINK_IsHalted()
T7150 152:825.440 - 0.484ms returns FALSE
T9440 152:928.192 JLINK_IsHalted()
T9440 152:928.752 - 0.568ms returns FALSE
T9440 152:928.912 JLINK_IsHalted()
T9440 152:929.440 - 0.512ms returns FALSE
T7150 152:933.920 JLINK_IsHalted()
T7150 152:934.560 - 0.627ms returns FALSE
T7150 152:934.624 JLINK_IsHalted()
T7150 152:935.136 - 0.525ms returns FALSE
T7150 153:043.056 JLINK_IsHalted()
T7150 153:043.648 - 0.586ms returns FALSE
T7150 153:043.712 JLINK_IsHalted()
T7150 153:044.128 - 0.428ms returns FALSE
T7150 153:152.400 JLINK_IsHalted()
T7150 153:152.928 - 0.548ms returns FALSE
T7150 153:152.992 JLINK_IsHalted()
T7150 153:153.472 - 0.485ms returns FALSE
T7150 153:261.536 JLINK_IsHalted()
T7150 153:262.192 - 0.665ms returns FALSE
T7150 153:262.368 JLINK_IsHalted()
T7150 153:262.992 - 0.611ms returns FALSE
T7150 153:371.472 JLINK_IsHalted()
T7150 153:372.000 - 0.536ms returns FALSE
T7150 153:372.064 JLINK_IsHalted()
T7150 153:372.416 - 0.359ms returns FALSE
T7150 153:480.480 JLINK_IsHalted()
T7150 153:481.120 - 0.638ms returns FALSE
T7150 153:481.248 JLINK_IsHalted()
T7150 153:481.920 - 0.664ms returns FALSE
T7150 153:589.616 JLINK_IsHalted()
T7150 153:590.464 - 0.850ms returns FALSE
T7150 153:590.608 JLINK_IsHalted()
T7150 153:591.168 - 0.568ms returns FALSE
T7150 153:699.040 JLINK_IsHalted()
T7150 153:699.568 - 0.527ms returns FALSE
T7150 153:699.616 JLINK_IsHalted()
T7150 153:701.744 - 2.112ms returns FALSE
T7150 153:808.624 JLINK_IsHalted()
T7150 153:809.424 - 0.796ms returns FALSE
T7150 153:809.584 JLINK_IsHalted()
T7150 153:810.192 - 0.593ms returns FALSE
T7150 153:918.432 JLINK_IsHalted()
T7150 153:919.008 - 0.592ms returns FALSE
T7150 153:919.088 JLINK_IsHalted()
T7150 153:919.520 - 0.418ms returns FALSE
T9440 153:930.688 JLINK_IsHalted()
T9440 153:931.312 - 0.620ms returns FALSE
T9440 153:931.424 JLINK_IsHalted()
T9440 153:931.920 - 0.483ms returns FALSE
T7150 154:027.136 JLINK_IsHalted()
T7150 154:028.304 - 1.168ms returns FALSE
T7150 154:028.432 JLINK_IsHalted()
T7150 154:028.928 - 0.495ms returns FALSE
T7150 154:137.312 JLINK_IsHalted()
T7150 154:137.920 - 0.615ms returns FALSE
T7150 154:137.968 JLINK_IsHalted()
T7150 154:138.336 - 0.358ms returns FALSE
T7150 154:246.112 JLINK_IsHalted()
T7150 154:246.896 - 0.795ms returns FALSE
T7150 154:247.040 JLINK_IsHalted()
T7150 154:247.776 - 0.726ms returns FALSE
T7150 154:356.464 JLINK_IsHalted()
T7150 154:357.088 - 0.619ms returns FALSE
T7150 154:357.216 JLINK_IsHalted()
T7150 154:358.128 - 0.904ms returns FALSE
T7150 154:465.664 JLINK_IsHalted()
T7150 154:466.416 - 0.759ms returns FALSE
T7150 154:466.576 JLINK_IsHalted()
T7150 154:467.104 - 0.521ms returns FALSE
T7150 154:574.096 JLINK_IsHalted()
T7150 154:576.976 - 2.880ms returns FALSE
T7150 154:577.168 JLINK_IsHalted()
T7150 154:577.696 - 0.533ms returns FALSE
T7150 154:684.144 JLINK_IsHalted()
T7150 154:684.832 - 0.676ms returns FALSE
T7150 154:684.960 JLINK_IsHalted()
T7150 154:685.536 - 0.571ms returns FALSE
T7150 154:792.736 JLINK_IsHalted()
T7150 154:793.488 - 0.745ms returns FALSE
T7150 154:793.664 JLINK_IsHalted()
T7150 154:794.256 - 0.590ms returns FALSE
T7150 154:902.000 JLINK_IsHalted()
T7150 154:902.560 - 0.567ms returns FALSE
T7150 154:902.608 JLINK_IsHalted()
T7150 154:902.992 - 0.374ms returns FALSE
T9440 154:933.056 JLINK_IsHalted()
T9440 154:933.920 - 0.873ms returns FALSE
T9440 154:934.064 JLINK_IsHalted()
T9440 154:934.704 - 0.633ms returns FALSE
T7150 155:011.568 JLINK_IsHalted()
T7150 155:012.160 - 0.593ms returns FALSE
T7150 155:012.208 JLINK_IsHalted()
T7150 155:012.704 - 0.483ms returns FALSE
T7150 155:121.120 JLINK_IsHalted()
T7150 155:121.888 - 0.759ms returns FALSE
T7150 155:122.016 JLINK_IsHalted()
T7150 155:122.512 - 0.481ms returns FALSE
T7150 155:230.304 JLINK_IsHalted()
T7150 155:230.944 - 0.645ms returns FALSE
T7150 155:231.040 JLINK_IsHalted()
T7150 155:231.728 - 0.690ms returns FALSE
T7150 155:339.664 JLINK_IsHalted()
T7150 155:341.696 - 2.032ms returns FALSE
T7150 155:341.744 JLINK_IsHalted()
T7150 155:342.240 - 0.493ms returns FALSE
T7150 155:449.312 JLINK_IsHalted()
T7150 155:449.952 - 0.629ms returns FALSE
T7150 155:450.064 JLINK_IsHalted()
T7150 155:450.848 - 0.772ms returns FALSE
T7150 155:558.928 JLINK_IsHalted()
T7150 155:559.440 - 0.512ms returns FALSE
T7150 155:559.488 JLINK_IsHalted()
T7150 155:559.952 - 0.459ms returns FALSE
T7150 155:668.192 JLINK_IsHalted()
T7150 155:668.720 - 0.540ms returns FALSE
T7150 155:668.784 JLINK_IsHalted()
T7150 155:669.264 - 0.472ms returns FALSE
T7150 155:777.088 JLINK_IsHalted()
T7150 155:777.552 - 0.456ms returns FALSE
T7150 155:777.600 JLINK_IsHalted()
T7150 155:777.904 - 0.302ms returns FALSE
T7150 155:886.768 JLINK_IsHalted()
T7150 155:887.264 - 0.482ms returns FALSE
T7150 155:887.280 JLINK_IsHalted()
T7150 155:887.632 - 0.349ms returns FALSE
T9440 155:935.568 JLINK_IsHalted()
T9440 155:936.112 - 0.551ms returns FALSE
T9440 155:936.160 JLINK_IsHalted()
T9440 155:936.592 - 0.419ms returns FALSE
T7150 155:997.280 JLINK_IsHalted()
T7150 155:997.856 - 0.556ms returns FALSE
T7150 155:997.888 JLINK_IsHalted()
T7150 155:998.288 - 0.390ms returns FALSE
T7150 156:105.680 JLINK_IsHalted()
T7150 156:106.336 - 0.666ms returns FALSE
T7150 156:106.384 JLINK_IsHalted()
T7150 156:106.864 - 0.486ms returns FALSE
T7150 156:214.608 JLINK_IsHalted()
T7150 156:214.992 - 0.383ms returns FALSE
T7150 156:215.024 JLINK_IsHalted()
T7150 156:215.440 - 0.415ms returns FALSE
T7150 156:323.952 JLINK_IsHalted()
T7150 156:324.352 - 0.387ms returns FALSE
T7150 156:324.384 JLINK_IsHalted()
T7150 156:324.800 - 0.423ms returns FALSE
T7150 156:433.856 JLINK_IsHalted()
T7150 156:434.544 - 0.689ms returns FALSE
T7150 156:434.592 JLINK_IsHalted()
T7150 156:435.136 - 0.543ms returns FALSE
T7150 156:543.104 JLINK_IsHalted()
T7150 156:544.000 - 0.895ms returns FALSE
T7150 156:544.144 JLINK_IsHalted()
T7150 156:544.688 - 0.550ms returns FALSE
T7150 156:652.768 JLINK_IsHalted()
T7150 156:653.232 - 0.457ms returns FALSE
T7150 156:653.264 JLINK_IsHalted()
T7150 156:653.616 - 0.360ms returns FALSE
T7150 156:761.920 JLINK_IsHalted()
T7150 156:762.448 - 0.532ms returns FALSE
T7150 156:762.512 JLINK_IsHalted()
T7150 156:763.104 - 0.602ms returns FALSE
T7150 156:870.752 JLINK_IsHalted()
T7150 156:871.232 - 0.477ms returns FALSE
T7150 156:871.264 JLINK_IsHalted()
T7150 156:871.616 - 0.341ms returns FALSE
T9440 156:937.600 JLINK_IsHalted()
T9440 156:938.080 - 0.465ms returns FALSE
T9440 156:938.112 JLINK_IsHalted()
T9440 156:938.656 - 0.546ms returns FALSE
T7150 156:980.384 JLINK_IsHalted()
T7150 156:980.896 - 0.501ms returns FALSE
T7150 156:980.944 JLINK_IsHalted()
T7150 156:981.424 - 0.490ms returns FALSE
T7150 157:090.112 JLINK_IsHalted()
T7150 157:090.640 - 0.519ms returns FALSE
T7150 157:090.688 JLINK_IsHalted()
T7150 157:091.168 - 0.476ms returns FALSE
T7150 157:199.328 JLINK_IsHalted()
T7150 157:199.776 - 0.443ms returns FALSE
T7150 157:199.808 JLINK_IsHalted()
T7150 157:200.272 - 0.453ms returns FALSE
T7150 157:309.328 JLINK_IsHalted()
T7150 157:309.872 - 0.548ms returns FALSE
T7150 157:309.920 JLINK_IsHalted()
T7150 157:310.448 - 0.540ms returns FALSE
T7150 157:418.224 JLINK_IsHalted()
T7150 157:418.896 - 0.675ms returns FALSE
T7150 157:419.024 JLINK_IsHalted()
T7150 157:419.520 - 0.496ms returns FALSE
T7150 157:527.024 JLINK_IsHalted()
T7150 157:528.912 - 1.876ms returns FALSE
T7150 157:528.992 JLINK_IsHalted()
T7150 157:529.536 - 0.551ms returns FALSE
T7150 157:638.992 JLINK_IsHalted()
T7150 157:639.792 - 0.801ms returns FALSE
T7150 157:639.920 JLINK_IsHalted()
T7150 157:640.368 - 0.449ms returns FALSE
T7150 157:746.944 JLINK_IsHalted()
T7150 157:747.728 - 0.781ms returns FALSE
T7150 157:747.840 JLINK_IsHalted()
T7150 157:748.368 - 0.522ms returns FALSE
T7150 157:855.344 JLINK_IsHalted()
T7150 157:856.032 - 0.690ms returns FALSE
T7150 157:856.160 JLINK_IsHalted()
T7150 157:856.736 - 0.582ms returns FALSE
T9440 157:939.456 JLINK_IsHalted()
T9440 157:939.952 - 0.506ms returns FALSE
T9440 157:940.048 JLINK_IsHalted()
T9440 157:940.576 - 0.530ms returns FALSE
T7150 157:964.928 JLINK_IsHalted()
T7150 157:965.584 - 0.650ms returns FALSE
T7150 157:965.856 JLINK_IsHalted()
T7150 157:966.368 - 0.510ms returns FALSE
T7150 158:074.192 JLINK_IsHalted()
T7150 158:074.880 - 0.686ms returns FALSE
T7150 158:074.912 JLINK_IsHalted()
T7150 158:075.376 - 0.467ms returns FALSE
T7150 158:183.840 JLINK_IsHalted()
T7150 158:184.368 - 0.525ms returns FALSE
T7150 158:184.448 JLINK_IsHalted()
T7150 158:184.880 - 0.425ms returns FALSE
T7150 158:292.688 JLINK_IsHalted()
T7150 158:293.440 - 0.762ms returns FALSE
T7150 158:293.520 JLINK_IsHalted()
T7150 158:294.080 - 0.564ms returns FALSE
T7150 158:402.432 JLINK_IsHalted()
T7150 158:403.024 - 0.586ms returns FALSE
T7150 158:403.136 JLINK_IsHalted()
T7150 158:403.776 - 0.641ms returns FALSE
T7150 158:511.600 JLINK_IsHalted()
T7150 158:512.080 - 0.466ms returns FALSE
T7150 158:512.112 JLINK_IsHalted()
T7150 158:512.544 - 0.445ms returns FALSE
T7150 158:621.088 JLINK_IsHalted()
T7150 158:621.616 - 0.539ms returns FALSE
T7150 158:621.664 JLINK_IsHalted()
T7150 158:622.064 - 0.394ms returns FALSE
T7150 158:731.040 JLINK_IsHalted()
T7150 158:731.728 - 0.694ms returns FALSE
T7150 158:733.664 JLINK_IsHalted()
T7150 158:734.048 - 0.401ms returns FALSE
T7150 158:839.712 JLINK_IsHalted()
T7150 158:840.352 - 0.639ms returns FALSE
T7150 158:840.416 JLINK_IsHalted()
T7150 158:840.976 - 0.560ms returns FALSE
T9440 158:941.792 JLINK_IsHalted()
T9440 158:942.688 - 0.871ms returns FALSE
T9440 158:942.816 JLINK_IsHalted()
T9440 158:943.328 - 0.507ms returns FALSE
T7150 158:949.072 JLINK_IsHalted()
T7150 158:949.632 - 0.565ms returns FALSE
T7150 158:949.728 JLINK_IsHalted()
T7150 158:950.288 - 0.544ms returns FALSE
T7150 159:058.976 JLINK_IsHalted()
T7150 159:059.472 - 0.491ms returns FALSE
T7150 159:059.536 JLINK_IsHalted()
T7150 159:059.904 - 0.366ms returns FALSE
T7150 159:169.152 JLINK_IsHalted()
T7150 159:169.920 - 0.766ms returns FALSE
T7150 159:170.064 JLINK_IsHalted()
T7150 159:170.576 - 0.511ms returns FALSE
T7150 159:277.696 JLINK_IsHalted()
T7150 159:278.624 - 0.914ms returns FALSE
T7150 159:278.752 JLINK_IsHalted()
T7150 159:280.736 - 2.006ms returns FALSE
T7150 159:386.960 JLINK_IsHalted()
T7150 159:387.792 - 0.833ms returns FALSE
T7150 159:387.952 JLINK_IsHalted()
T7150 159:388.576 - 0.618ms returns FALSE
T7150 159:496.800 JLINK_IsHalted()
T7150 159:497.568 - 0.763ms returns FALSE
T7150 159:497.696 JLINK_IsHalted()
T7150 159:498.272 - 0.578ms returns FALSE
T7150 159:605.920 JLINK_IsHalted()
T7150 159:606.592 - 0.674ms returns FALSE
T7150 159:606.720 JLINK_IsHalted()
T7150 159:607.312 - 0.582ms returns FALSE
T7150 159:715.872 JLINK_IsHalted()
T7150 159:716.576 - 0.704ms returns FALSE
T7150 159:716.704 JLINK_IsHalted()
T7150 159:717.232 - 0.535ms returns FALSE
T7150 159:824.352 JLINK_IsHalted()
T7150 159:824.896 - 0.558ms returns FALSE
T7150 159:825.024 JLINK_IsHalted()
T7150 159:825.568 - 0.538ms returns FALSE
T7150 159:933.376 JLINK_IsHalted()
T7150 159:933.872 - 0.489ms returns FALSE
T7150 159:933.936 JLINK_IsHalted()
T7150 159:934.432 - 0.502ms returns FALSE
T9440 159:943.776 JLINK_IsHalted()
T9440 159:944.624 - 0.851ms returns FALSE
T9440 159:944.736 JLINK_IsHalted()
T9440 159:945.312 - 0.594ms returns FALSE
T7150 160:043.680 JLINK_IsHalted()
T7150 160:045.584 - 1.903ms returns FALSE
T7150 160:045.792 JLINK_IsHalted()
T7150 160:046.448 - 0.658ms returns FALSE
T7150 160:152.800 JLINK_IsHalted()
T7150 160:153.376 - 0.572ms returns FALSE
T7150 160:153.440 JLINK_IsHalted()
T7150 160:153.984 - 0.552ms returns FALSE
T7150 160:262.240 JLINK_IsHalted()
T7150 160:262.816 - 0.588ms returns FALSE
T7150 160:262.896 JLINK_IsHalted()
T7150 160:263.344 - 0.449ms returns FALSE
T7150 160:371.520 JLINK_IsHalted()
T7150 160:372.256 - 0.732ms returns FALSE
T7150 160:372.320 JLINK_IsHalted()
T7150 160:372.896 - 0.562ms returns FALSE
T7150 160:480.656 JLINK_IsHalted()
T7150 160:481.248 - 0.607ms returns FALSE
T7150 160:481.328 JLINK_IsHalted()
T7150 160:481.648 - 0.325ms returns FALSE
T7150 160:589.520 JLINK_IsHalted()
T7150 160:590.048 - 0.537ms returns FALSE
T7150 160:590.112 JLINK_IsHalted()
T7150 160:590.512 - 0.407ms returns FALSE
T7150 160:699.616 JLINK_IsHalted()
T7150 160:700.144 - 0.524ms returns FALSE
T7150 160:700.192 JLINK_IsHalted()
T7150 160:700.576 - 0.397ms returns FALSE
T7150 160:808.736 JLINK_IsHalted()
T7150 160:809.504 - 0.776ms returns FALSE
T7150 160:809.616 JLINK_IsHalted()
T7150 160:811.664 - 2.037ms returns FALSE
T7150 160:918.016 JLINK_IsHalted()
T7150 160:918.752 - 0.728ms returns FALSE
T7150 160:918.880 JLINK_IsHalted()
T7150 160:919.360 - 0.478ms returns FALSE
T9440 160:947.392 JLINK_IsHalted()
T9440 160:948.240 - 0.836ms returns FALSE
T9440 160:948.384 JLINK_IsHalted()
T9440 160:948.896 - 0.513ms returns FALSE
T7150 161:027.728 JLINK_IsHalted()
T7150 161:028.432 - 0.704ms returns FALSE
T7150 161:028.592 JLINK_IsHalted()
T7150 161:029.168 - 0.575ms returns FALSE
T7150 161:136.608 JLINK_IsHalted()
T7150 161:137.232 - 0.603ms returns FALSE
T7150 161:137.296 JLINK_IsHalted()
T7150 161:137.728 - 0.433ms returns FALSE
T7150 161:246.304 JLINK_IsHalted()
T7150 161:246.816 - 0.515ms returns FALSE
T7150 161:246.928 JLINK_IsHalted()
T7150 161:249.328 - 2.415ms returns FALSE
T7150 161:356.864 JLINK_IsHalted()
T7150 161:357.504 - 0.640ms returns FALSE
T7150 161:357.632 JLINK_IsHalted()
T7150 161:358.176 - 0.548ms returns FALSE
T7150 161:465.072 JLINK_IsHalted()
T7150 161:465.664 - 0.594ms returns FALSE
T7150 161:465.760 JLINK_IsHalted()
T7150 161:466.272 - 0.532ms returns FALSE
T7150 161:574.240 JLINK_IsHalted()
T7150 161:574.752 - 0.516ms returns FALSE
T7150 161:574.832 JLINK_IsHalted()
T7150 161:575.184 - 0.347ms returns FALSE
T7150 161:683.680 JLINK_IsHalted()
T7150 161:684.240 - 0.556ms returns FALSE
T7150 161:684.336 JLINK_IsHalted()
T7150 161:684.704 - 0.379ms returns FALSE
T7150 161:792.768 JLINK_IsHalted()
T7150 161:793.552 - 0.787ms returns FALSE
T7150 161:793.712 JLINK_IsHalted()
T7150 161:794.224 - 0.518ms returns FALSE
T7150 161:902.096 JLINK_IsHalted()
T7150 161:902.656 - 0.568ms returns FALSE
T7150 161:902.752 JLINK_IsHalted()
T7150 161:903.280 - 0.537ms returns FALSE
T9440 161:950.368 JLINK_IsHalted()
T9440 161:950.960 - 0.604ms returns FALSE
T9440 161:951.136 JLINK_IsHalted()
T9440 161:951.696 - 0.561ms returns FALSE
T7150 162:012.368 JLINK_IsHalted()
T7150 162:012.800 - 0.442ms returns FALSE
T7150 162:012.912 JLINK_IsHalted()
T7150 162:013.280 - 0.356ms returns FALSE
T7150 162:121.360 JLINK_IsHalted()
T7150 162:121.904 - 0.545ms returns FALSE
T7150 162:121.952 JLINK_IsHalted()
T7150 162:122.976 - 1.029ms returns FALSE
T7150 162:230.928 JLINK_IsHalted()
T7150 162:231.632 - 0.698ms returns FALSE
T7150 162:231.760 JLINK_IsHalted()
T7150 162:232.352 - 0.584ms returns FALSE
T7150 162:339.744 JLINK_IsHalted()
T7150 162:340.352 - 0.618ms returns FALSE
T7150 162:340.480 JLINK_IsHalted()
T7150 162:340.960 - 0.469ms returns FALSE
T7150 162:449.248 JLINK_IsHalted()
T7150 162:449.856 - 0.617ms returns FALSE
T7150 162:449.936 JLINK_IsHalted()
T7150 162:450.400 - 0.449ms returns FALSE
T7150 162:558.368 JLINK_IsHalted()
T7150 162:558.880 - 0.522ms returns FALSE
T7150 162:558.928 JLINK_IsHalted()
T7150 162:559.376 - 0.437ms returns FALSE
T7150 162:667.600 JLINK_IsHalted()
T7150 162:668.000 - 0.400ms returns FALSE
T7150 162:668.064 JLINK_IsHalted()
T7150 162:668.384 - 0.316ms returns FALSE
T7150 162:777.600 JLINK_IsHalted()
T7150 162:778.384 - 0.777ms returns FALSE
T7150 162:778.464 JLINK_IsHalted()
T7150 162:779.056 - 0.586ms returns FALSE
T7150 162:887.456 JLINK_IsHalted()
T7150 162:887.968 - 0.528ms returns FALSE
T7150 162:888.032 JLINK_IsHalted()
T7150 162:888.544 - 0.506ms returns FALSE
T9440 162:953.536 JLINK_IsHalted()
T9440 162:954.272 - 0.738ms returns FALSE
T9440 162:954.352 JLINK_IsHalted()
T9440 162:956.448 - 2.099ms returns FALSE
T7150 162:996.640 JLINK_IsHalted()
T7150 162:998.544 - 1.907ms returns FALSE
T7150 162:998.608 JLINK_IsHalted()
T7150 162:999.120 - 0.512ms returns FALSE
T7150 163:105.712 JLINK_IsHalted()
T7150 163:106.160 - 0.447ms returns FALSE
T7150 163:106.336 JLINK_IsHalted()
T7150 163:106.720 - 0.375ms returns FALSE
T7150 163:214.880 JLINK_IsHalted()
T7150 163:215.392 - 0.517ms returns FALSE
T7150 163:215.456 JLINK_IsHalted()
T7150 163:216.016 - 0.548ms returns FALSE
T7150 163:324.176 JLINK_IsHalted()
T7150 163:324.832 - 0.646ms returns FALSE
T7150 163:324.960 JLINK_IsHalted()
T7150 163:325.488 - 0.538ms returns FALSE
T7150 163:433.888 JLINK_IsHalted()
T7150 163:436.320 - 2.418ms returns FALSE
T7150 163:436.512 JLINK_IsHalted()
T7150 163:437.232 - 0.731ms returns FALSE
T7150 163:542.976 JLINK_IsHalted()
T7150 163:543.664 - 0.686ms returns FALSE
T7150 163:543.792 JLINK_IsHalted()
T7150 163:544.320 - 0.527ms returns FALSE
T7150 163:652.864 JLINK_IsHalted()
T7150 163:653.568 - 0.711ms returns FALSE
T7150 163:653.744 JLINK_IsHalted()
T7150 163:654.176 - 0.444ms returns FALSE
T7150 163:761.456 JLINK_IsHalted()
T7150 163:762.208 - 0.750ms returns FALSE
T7150 163:762.400 JLINK_IsHalted()
T7150 163:762.912 - 0.506ms returns FALSE
T7150 163:870.848 JLINK_IsHalted()
T7150 163:871.424 - 0.579ms returns FALSE
T7150 163:871.456 JLINK_IsHalted()
T7150 163:871.904 - 0.429ms returns FALSE
T9440 163:957.824 JLINK_IsHalted()
T9440 163:958.624 - 0.802ms returns FALSE
T9440 163:958.736 JLINK_IsHalted()
T9440 163:959.184 - 0.435ms returns FALSE
T7150 163:980.640 JLINK_IsHalted()
T7150 163:981.328 - 0.687ms returns FALSE
T7150 163:981.472 JLINK_IsHalted()
T7150 163:981.984 - 0.510ms returns FALSE
T7150 164:089.872 JLINK_IsHalted()
T7150 164:090.480 - 0.612ms returns FALSE
T7150 164:090.528 JLINK_IsHalted()
T7150 164:091.040 - 0.498ms returns FALSE
T7150 164:199.696 JLINK_IsHalted()
T7150 164:200.224 - 0.539ms returns FALSE
T7150 164:200.288 JLINK_IsHalted()
T7150 164:200.816 - 0.528ms returns FALSE
T7150 164:308.832 JLINK_IsHalted()
T7150 164:309.408 - 0.594ms returns FALSE
T7150 164:309.472 JLINK_IsHalted()
T7150 164:310.048 - 0.573ms returns FALSE
T7150 164:418.080 JLINK_IsHalted()
T7150 164:418.672 - 0.590ms returns FALSE
T7150 164:418.736 JLINK_IsHalted()
T7150 164:419.312 - 0.573ms returns FALSE
T7150 164:528.032 JLINK_IsHalted()
T7150 164:528.512 - 0.491ms returns FALSE
T7150 164:528.560 JLINK_IsHalted()
T7150 164:528.992 - 0.435ms returns FALSE
T7150 164:637.344 JLINK_IsHalted()
T7150 164:638.048 - 0.705ms returns FALSE
T7150 164:638.160 JLINK_IsHalted()
T7150 164:638.704 - 0.546ms returns FALSE
T7150 164:746.304 JLINK_IsHalted()
T7150 164:747.072 - 0.764ms returns FALSE
T7150 164:747.200 JLINK_IsHalted()
T7150 164:747.888 - 0.688ms returns FALSE
T7150 164:856.480 JLINK_IsHalted()
T7150 164:857.184 - 0.701ms returns FALSE
T7150 164:857.264 JLINK_IsHalted()
T7150 164:858.944 - 1.673ms returns FALSE
T9440 164:960.384 JLINK_IsHalted()
T9440 164:960.912 - 0.522ms returns FALSE
T9440 164:960.992 JLINK_IsHalted()
T9440 164:961.472 - 0.476ms returns FALSE
T7150 164:965.168 JLINK_IsHalted()
T7150 164:965.680 - 0.507ms returns FALSE
T7150 164:965.728 JLINK_IsHalted()
T7150 164:966.208 - 0.481ms returns FALSE
T7150 165:073.856 JLINK_IsHalted()
T7150 165:074.352 - 0.510ms returns FALSE
T7150 165:074.400 JLINK_IsHalted()
T7150 165:076.352 - 1.940ms returns FALSE
T7150 165:184.144 JLINK_IsHalted()
T7150 165:184.576 - 0.433ms returns FALSE
T7150 165:184.608 JLINK_IsHalted()
T7150 165:184.928 - 0.316ms returns FALSE
T7150 165:293.408 JLINK_IsHalted()
T7150 165:293.968 - 0.559ms returns FALSE
T7150 165:294.048 JLINK_IsHalted()
T7150 165:294.496 - 0.461ms returns FALSE
T7150 165:402.304 JLINK_IsHalted()
T7150 165:402.896 - 0.583ms returns FALSE
T7150 165:402.960 JLINK_IsHalted()
T7150 165:403.408 - 0.446ms returns FALSE
T7150 165:511.408 JLINK_IsHalted()
T7150 165:512.048 - 0.638ms returns FALSE
T7150 165:512.096 JLINK_IsHalted()
T7150 165:512.576 - 0.474ms returns FALSE
T7150 165:621.296 JLINK_IsHalted()
T7150 165:621.744 - 0.439ms returns FALSE
T7150 165:621.792 JLINK_IsHalted()
T7150 165:622.144 - 0.358ms returns FALSE
T7150 165:732.080 JLINK_IsHalted()
T7150 165:732.864 - 0.776ms returns FALSE
T7150 165:732.960 JLINK_IsHalted()
T7150 165:733.568 - 0.588ms returns FALSE
T7150 165:840.192 JLINK_IsHalted()
T7150 165:840.800 - 0.608ms returns FALSE
T7150 165:840.864 JLINK_IsHalted()
T7150 165:841.248 - 0.406ms returns FALSE
T7150 165:949.568 JLINK_IsHalted()
T7150 165:950.240 - 0.682ms returns FALSE
T7150 165:950.304 JLINK_IsHalted()
T7150 165:950.880 - 0.564ms returns FALSE
T9440 165:961.872 JLINK_IsHalted()
T9440 165:962.544 - 0.679ms returns FALSE
T9440 165:962.624 JLINK_IsHalted()
T9440 165:963.120 - 0.499ms returns FALSE
T7150 166:059.232 JLINK_IsHalted()
T7150 166:059.904 - 0.678ms returns FALSE
T7150 166:059.968 JLINK_IsHalted()
T7150 166:060.416 - 0.449ms returns FALSE
T7150 166:168.352 JLINK_IsHalted()
T7150 166:169.008 - 0.662ms returns FALSE
T7150 166:169.136 JLINK_IsHalted()
T7150 166:169.760 - 0.614ms returns FALSE
T7150 166:277.312 JLINK_IsHalted()
T7150 166:277.856 - 0.558ms returns FALSE
T7150 166:277.968 JLINK_IsHalted()
T7150 166:278.496 - 0.540ms returns FALSE
T7150 166:386.944 JLINK_IsHalted()
T7150 166:387.472 - 0.527ms returns FALSE
T7150 166:387.520 JLINK_IsHalted()
T7150 166:388.016 - 0.509ms returns FALSE
T7150 166:496.480 JLINK_IsHalted()
T7150 166:497.056 - 0.580ms returns FALSE
T7150 166:497.184 JLINK_IsHalted()
T7150 166:497.872 - 0.670ms returns FALSE
T7150 166:605.536 JLINK_IsHalted()
T7150 166:606.176 - 0.630ms returns FALSE
T7150 166:606.304 JLINK_IsHalted()
T7150 166:607.072 - 0.758ms returns FALSE
T7150 166:714.736 JLINK_IsHalted()
T7150 166:715.296 - 0.565ms returns FALSE
T7150 166:715.360 JLINK_IsHalted()
T7150 166:715.840 - 0.465ms returns FALSE
T7150 166:824.544 JLINK_IsHalted()
T7150 166:825.136 - 0.593ms returns FALSE
T7150 166:825.200 JLINK_IsHalted()
T7150 166:825.760 - 0.556ms returns FALSE
T7150 166:933.920 JLINK_IsHalted()
T7150 166:934.608 - 0.666ms returns FALSE
T7150 166:934.736 JLINK_IsHalted()
T7150 166:935.184 - 0.435ms returns FALSE
T9440 166:965.104 JLINK_IsHalted()
T9440 166:966.848 - 1.740ms returns FALSE
T9440 166:967.008 JLINK_IsHalted()
T9440 166:967.504 - 0.489ms returns FALSE
T7150 167:044.880 JLINK_IsHalted()
T7150 167:045.472 - 0.609ms returns FALSE
T7150 167:045.536 JLINK_IsHalted()
T7150 167:046.112 - 0.565ms returns FALSE
T7150 167:152.352 JLINK_IsHalted()
T7150 167:153.120 - 0.748ms returns FALSE
T7150 167:153.200 JLINK_IsHalted()
T7150 167:153.840 - 0.637ms returns FALSE
T7150 167:262.304 JLINK_IsHalted()
T7150 167:262.880 - 0.594ms returns FALSE
T7150 167:262.960 JLINK_IsHalted()
T7150 167:263.360 - 0.400ms returns FALSE
T7150 167:371.168 JLINK_IsHalted()
T7150 167:371.744 - 0.594ms returns FALSE
T7150 167:371.824 JLINK_IsHalted()
T7150 167:372.336 - 0.517ms returns FALSE
T7150 167:481.008 JLINK_IsHalted()
T7150 167:481.632 - 0.614ms returns FALSE
T7150 167:481.680 JLINK_IsHalted()
T7150 167:482.144 - 0.473ms returns FALSE
T7150 167:590.208 JLINK_IsHalted()
T7150 167:590.832 - 0.629ms returns FALSE
T7150 167:590.976 JLINK_IsHalted()
T7150 167:591.584 - 0.592ms returns FALSE
T7150 167:699.104 JLINK_IsHalted()
T7150 167:699.680 - 0.566ms returns FALSE
T7150 167:699.712 JLINK_IsHalted()
T7150 167:700.192 - 0.485ms returns FALSE
T7150 167:809.104 JLINK_IsHalted()
T7150 167:809.616 - 0.504ms returns FALSE
T7150 167:809.664 JLINK_IsHalted()
T7150 167:810.032 - 0.364ms returns FALSE
T7150 167:918.304 JLINK_IsHalted()
T7150 167:918.784 - 0.481ms returns FALSE
T7150 167:918.864 JLINK_IsHalted()
T7150 167:919.392 - 0.528ms returns FALSE
T9440 167:968.288 JLINK_IsHalted()
T9440 167:968.848 - 0.547ms returns FALSE
T9440 167:968.896 JLINK_IsHalted()
T9440 167:969.328 - 0.434ms returns FALSE
T7150 168:027.344 JLINK_IsHalted()
T7150 168:027.936 - 0.594ms returns FALSE
T7150 168:028.000 JLINK_IsHalted()
T7150 168:028.528 - 0.521ms returns FALSE
T7150 168:136.656 JLINK_IsHalted()
T7150 168:137.248 - 0.600ms returns FALSE
T7150 168:137.312 JLINK_IsHalted()
T7150 168:137.776 - 0.475ms returns FALSE
T7150 168:246.096 JLINK_IsHalted()
T7150 168:246.880 - 0.794ms returns FALSE
T7150 168:246.944 JLINK_IsHalted()
T7150 168:247.328 - 0.383ms returns FALSE
T7150 168:355.680 JLINK_IsHalted()
T7150 168:358.064 - 2.391ms returns FALSE
T7150 168:358.144 JLINK_IsHalted()
T7150 168:358.720 - 0.579ms returns FALSE
T7150 168:466.608 JLINK_IsHalted()
T7150 168:467.088 - 0.468ms returns FALSE
T7150 168:467.120 JLINK_IsHalted()
T7150 168:467.600 - 0.477ms returns FALSE
T7150 168:574.560 JLINK_IsHalted()
T7150 168:575.088 - 0.537ms returns FALSE
T7150 168:575.136 JLINK_IsHalted()
T7150 168:575.600 - 0.466ms returns FALSE
T7150 168:683.344 JLINK_IsHalted()
T7150 168:684.032 - 0.701ms returns FALSE
T7150 168:684.128 JLINK_IsHalted()
T7150 168:684.656 - 0.545ms returns FALSE
T7150 168:792.608 JLINK_IsHalted()
T7150 168:793.072 - 0.468ms returns FALSE
T7150 168:793.136 JLINK_IsHalted()
T7150 168:793.520 - 0.390ms returns FALSE
T7150 168:902.816 JLINK_IsHalted()
T7150 168:903.392 - 0.592ms returns FALSE
T7150 168:903.456 JLINK_IsHalted()
T7150 168:903.936 - 0.480ms returns FALSE
T9440 168:969.984 JLINK_IsHalted()
T9440 168:970.496 - 0.509ms returns FALSE
T9440 168:970.608 JLINK_IsHalted()
T9440 168:971.168 - 0.559ms returns FALSE
T7150 169:012.384 JLINK_IsHalted()
T7150 169:012.896 - 0.507ms returns FALSE
T7150 169:012.944 JLINK_IsHalted()
T7150 169:013.344 - 0.400ms returns FALSE
T7150 169:121.472 JLINK_IsHalted()
T7150 169:121.952 - 0.479ms returns FALSE
T7150 169:122.000 JLINK_IsHalted()
T7150 169:122.528 - 0.534ms returns FALSE
T7150 169:230.208 JLINK_IsHalted()
T7150 169:230.944 - 0.750ms returns FALSE
T7150 169:231.072 JLINK_IsHalted()
T7150 169:231.424 - 0.353ms returns FALSE
T7150 169:340.512 JLINK_IsHalted()
T7150 169:341.280 - 0.757ms returns FALSE
T7150 169:341.408 JLINK_IsHalted()
T7150 169:341.920 - 0.524ms returns FALSE
T7150 169:449.312 JLINK_IsHalted()
T7150 169:450.048 - 0.741ms returns FALSE
T7150 169:450.160 JLINK_IsHalted()
T7150 169:450.656 - 0.499ms returns FALSE
T7150 169:558.368 JLINK_IsHalted()
T7150 169:559.136 - 0.777ms returns FALSE
T7150 169:559.296 JLINK_IsHalted()
T7150 169:559.904 - 0.605ms returns FALSE
T7150 169:669.136 JLINK_IsHalted()
T7150 169:669.568 - 0.429ms returns FALSE
T7150 169:669.600 JLINK_IsHalted()
T7150 169:669.968 - 0.356ms returns FALSE
T7150 169:777.168 JLINK_IsHalted()
T7150 169:777.824 - 0.645ms returns FALSE
T7150 169:777.952 JLINK_IsHalted()
T7150 169:778.480 - 0.529ms returns FALSE
T7150 169:886.944 JLINK_IsHalted()
T7150 169:887.360 - 0.414ms returns FALSE
T7150 169:887.424 JLINK_IsHalted()
T7150 169:887.776 - 0.351ms returns FALSE
T9440 169:972.784 JLINK_IsHalted()
T9440 169:973.520 - 0.736ms returns FALSE
T9440 169:973.616 JLINK_IsHalted()
T9440 169:974.304 - 0.694ms returns FALSE
T7150 169:995.888 JLINK_IsHalted()
T7150 169:996.704 - 0.803ms returns FALSE
T7150 169:996.848 JLINK_IsHalted()
T7150 169:997.344 - 0.491ms returns FALSE
T7150 170:106.096 JLINK_IsHalted()
T7150 170:106.640 - 0.540ms returns FALSE
T7150 170:106.752 JLINK_IsHalted()
T7150 170:107.184 - 0.432ms returns FALSE
T7150 170:216.032 JLINK_IsHalted()
T7150 170:216.848 - 0.809ms returns FALSE
T7150 170:217.008 JLINK_IsHalted()
T7150 170:217.632 - 0.610ms returns FALSE
T7150 170:323.936 JLINK_IsHalted()
T7150 170:324.464 - 0.534ms returns FALSE
T7150 170:324.512 JLINK_IsHalted()
T7150 170:324.832 - 0.329ms returns FALSE
T7150 170:433.296 JLINK_IsHalted()
T7150 170:434.064 - 0.761ms returns FALSE
T7150 170:434.208 JLINK_IsHalted()
T7150 170:434.912 - 0.703ms returns FALSE
T7150 170:542.880 JLINK_IsHalted()
T7150 170:543.456 - 0.560ms returns FALSE
T7150 170:543.504 JLINK_IsHalted()
T7150 170:543.904 - 0.410ms returns FALSE
T7150 170:653.008 JLINK_IsHalted()
T7150 170:653.696 - 0.693ms returns FALSE
T7150 170:653.776 JLINK_IsHalted()
T7150 170:654.288 - 0.508ms returns FALSE
T7150 170:762.096 JLINK_IsHalted()
T7150 170:762.688 - 0.596ms returns FALSE
T7150 170:762.816 JLINK_IsHalted()
T7150 170:763.312 - 0.497ms returns FALSE
T7150 170:871.856 JLINK_IsHalted()
T7150 170:872.608 - 0.744ms returns FALSE
T7150 170:872.752 JLINK_IsHalted()
T7150 170:873.344 - 0.585ms returns FALSE
T9440 170:975.392 JLINK_IsHalted()
T9440 170:975.936 - 0.528ms returns FALSE
T9440 170:976.016 JLINK_IsHalted()
T9440 170:976.432 - 0.416ms returns FALSE
T7150 170:980.336 JLINK_IsHalted()
T7150 170:980.704 - 0.349ms returns FALSE
T7150 170:980.720 JLINK_IsHalted()
T7150 170:981.024 - 0.297ms returns FALSE
T7150 171:090.112 JLINK_IsHalted()
T7150 171:090.784 - 0.657ms returns FALSE
T7150 171:090.912 JLINK_IsHalted()
T7150 171:091.456 - 0.549ms returns FALSE
T7150 171:199.008 JLINK_IsHalted()
T7150 171:199.456 - 0.439ms returns FALSE
T7150 171:199.472 JLINK_IsHalted()
T7150 171:199.760 - 0.281ms returns FALSE
T7150 171:308.304 JLINK_IsHalted()
T7150 171:308.816 - 0.506ms returns FALSE
T7150 171:308.880 JLINK_IsHalted()
T7150 171:309.280 - 0.403ms returns FALSE
T7150 171:417.824 JLINK_IsHalted()
T7150 171:418.352 - 0.542ms returns FALSE
T7150 171:418.432 JLINK_IsHalted()
T7150 171:418.768 - 0.321ms returns FALSE
T7150 171:527.136 JLINK_IsHalted()
T7150 171:537.776 - 10.640ms returns FALSE
T7150 171:537.888 JLINK_IsHalted()
T7150 171:538.320 - 0.416ms returns FALSE
T7150 171:636.752 JLINK_IsHalted()
T7150 171:637.248 - 0.504ms returns FALSE
T7150 171:637.328 JLINK_IsHalted()
T7150 171:637.680 - 0.354ms returns FALSE
T7150 171:746.592 JLINK_IsHalted()
T7150 171:747.168 - 0.566ms returns FALSE
T7150 171:747.232 JLINK_IsHalted()
T7150 171:747.584 - 0.353ms returns FALSE
T7150 171:855.696 JLINK_IsHalted()
T7150 171:856.160 - 0.467ms returns FALSE
T7150 171:856.224 JLINK_IsHalted()
T7150 171:856.544 - 0.335ms returns FALSE
T7150 171:965.744 JLINK_IsHalted()
T7150 171:966.384 - 0.647ms returns FALSE
T7150 171:966.448 JLINK_IsHalted()
T7150 171:966.784 - 0.334ms returns FALSE
T9440 171:977.184 JLINK_IsHalted()
T9440 171:977.648 - 0.468ms returns FALSE
T9440 171:977.728 JLINK_IsHalted()
T9440 171:978.144 - 0.420ms returns FALSE
T7150 172:074.304 JLINK_IsHalted()
T7150 172:074.816 - 0.501ms returns FALSE
T7150 172:074.880 JLINK_IsHalted()
T7150 172:075.200 - 0.318ms returns FALSE
T7150 172:183.216 JLINK_IsHalted()
T7150 172:183.712 - 0.483ms returns FALSE
T7150 172:183.776 JLINK_IsHalted()
T7150 172:184.112 - 0.348ms returns FALSE
T7150 172:292.960 JLINK_IsHalted()
T7150 172:293.664 - 0.684ms returns FALSE
T7150 172:293.744 JLINK_IsHalted()
T7150 172:294.112 - 0.365ms returns FALSE
T7150 172:402.368 JLINK_IsHalted()
T7150 172:402.864 - 0.497ms returns FALSE
T7150 172:402.944 JLINK_IsHalted()
T7150 172:403.312 - 0.374ms returns FALSE
T7150 172:511.520 JLINK_IsHalted()
T7150 172:512.096 - 0.556ms returns FALSE
T7150 172:512.192 JLINK_IsHalted()
T7150 172:512.576 - 0.374ms returns FALSE
T7150 172:621.136 JLINK_IsHalted()
T7150 172:621.600 - 0.472ms returns FALSE
T7150 172:621.696 JLINK_IsHalted()
T7150 172:622.032 - 0.338ms returns FALSE
T7150 172:730.848 JLINK_IsHalted()
T7150 172:731.344 - 0.491ms returns FALSE
T7150 172:731.392 JLINK_IsHalted()
T7150 172:731.760 - 0.364ms returns FALSE
T7150 172:840.096 JLINK_IsHalted()
T7150 172:840.672 - 0.591ms returns FALSE
T7150 172:840.736 JLINK_IsHalted()
T7150 172:841.120 - 0.383ms returns FALSE
T7150 172:949.536 JLINK_IsHalted()
T7150 172:950.016 - 0.479ms returns FALSE
T7150 172:950.080 JLINK_IsHalted()
T7150 172:950.432 - 0.343ms returns FALSE
T9440 172:979.280 JLINK_IsHalted()
T9440 172:983.792 - 4.512ms returns FALSE
T9440 172:983.952 JLINK_IsHalted()
T9440 172:984.400 - 0.440ms returns FALSE
T7150 173:067.536 JLINK_IsHalted()
T7150 173:070.080 - 2.553ms returns FALSE
T7150 173:070.176 JLINK_IsHalted()
T7150 173:070.640 - 0.451ms returns FALSE
T7150 173:168.256 JLINK_IsHalted()
T7150 173:168.784 - 0.534ms returns FALSE
T7150 173:168.864 JLINK_IsHalted()
T7150 173:169.696 - 0.831ms returns FALSE
T7150 173:276.976 JLINK_IsHalted()
T7150 173:277.568 - 0.589ms returns FALSE
T7150 173:277.664 JLINK_IsHalted()
T7150 173:278.048 - 0.370ms returns FALSE
T7150 173:387.008 JLINK_IsHalted()
T7150 173:387.712 - 0.709ms returns FALSE
T7150 173:387.840 JLINK_IsHalted()
T7150 173:388.336 - 0.492ms returns FALSE
T7150 173:496.432 JLINK_IsHalted()
T7150 173:497.248 - 0.813ms returns FALSE
T7150 173:497.392 JLINK_IsHalted()
T7150 173:498.144 - 0.753ms returns FALSE
T7150 173:605.824 JLINK_IsHalted()
T7150 173:606.496 - 0.669ms returns FALSE
T7150 173:606.624 JLINK_IsHalted()
T7150 173:607.152 - 0.524ms returns FALSE
T7150 173:715.008 JLINK_IsHalted()
T7150 173:715.824 - 0.824ms returns FALSE
T7150 173:715.936 JLINK_IsHalted()
T7150 173:716.560 - 0.620ms returns FALSE
T7150 173:824.960 JLINK_IsHalted()
T7150 173:825.568 - 0.614ms returns FALSE
T7150 173:825.728 JLINK_IsHalted()
T7150 173:828.320 - 2.586ms returns FALSE
T7150 173:933.712 JLINK_IsHalted()
T7150 173:934.320 - 0.611ms returns FALSE
T7150 173:934.400 JLINK_IsHalted()
T7150 173:934.912 - 0.516ms returns FALSE
T9440 173:984.416 JLINK_IsHalted()
T9440 173:985.184 - 0.767ms returns FALSE
T9440 173:985.328 JLINK_IsHalted()
T9440 173:986.272 - 0.947ms returns FALSE
T7150 174:042.928 JLINK_IsHalted()
T7150 174:043.600 - 0.663ms returns FALSE
T7150 174:043.648 JLINK_IsHalted()
T7150 174:044.192 - 0.540ms returns FALSE
T7150 174:152.128 JLINK_IsHalted()
T7150 174:155.680 - 3.560ms returns FALSE
T7150 174:155.904 JLINK_IsHalted()
T7150 174:156.576 - 0.657ms returns FALSE
T7150 174:261.792 JLINK_IsHalted()
T7150 174:262.544 - 0.742ms returns FALSE
T7150 174:262.720 JLINK_IsHalted()
T7150 174:263.328 - 0.603ms returns FALSE
T7150 174:371.632 JLINK_IsHalted()
T7150 174:372.160 - 0.524ms returns FALSE
T7150 174:372.208 JLINK_IsHalted()
T7150 174:372.592 - 0.389ms returns FALSE
T7150 174:480.640 JLINK_IsHalted()
T7150 174:481.184 - 0.554ms returns FALSE
T7150 174:481.264 JLINK_IsHalted()
T7150 174:481.696 - 0.435ms returns FALSE
T7150 174:589.824 JLINK_IsHalted()
T7150 174:590.432 - 0.611ms returns FALSE
T7150 174:590.480 JLINK_IsHalted()
T7150 174:591.008 - 0.543ms returns FALSE
T7150 174:699.680 JLINK_IsHalted()
T7150 174:700.208 - 0.526ms returns FALSE
T7150 174:700.256 JLINK_IsHalted()
T7150 174:700.704 - 0.451ms returns FALSE
T7150 174:808.768 JLINK_IsHalted()
T7150 174:809.584 - 0.816ms returns FALSE
T7150 174:809.728 JLINK_IsHalted()
T7150 174:810.304 - 0.570ms returns FALSE
T7150 174:918.112 JLINK_IsHalted()
T7150 174:918.592 - 0.484ms returns FALSE
T7150 174:918.640 JLINK_IsHalted()
T7150 174:919.072 - 0.444ms returns FALSE
T9440 174:988.448 JLINK_IsHalted()
T9440 174:989.200 - 0.735ms returns FALSE
T9440 174:989.328 JLINK_IsHalted()
T9440 174:989.792 - 0.454ms returns FALSE
T7150 175:027.424 JLINK_IsHalted()
T7150 175:027.888 - 0.449ms returns FALSE
T7150 175:027.936 JLINK_IsHalted()
T7150 175:028.512 - 0.564ms returns FALSE
T7150 175:137.312 JLINK_IsHalted()
T7150 175:137.872 - 0.564ms returns FALSE
T7150 175:137.888 JLINK_IsHalted()
T7150 175:138.336 - 0.440ms returns FALSE
T7150 175:246.784 JLINK_IsHalted()
T7150 175:247.408 - 0.631ms returns FALSE
T7150 175:247.520 JLINK_IsHalted()
T7150 175:248.080 - 0.556ms returns FALSE
T7150 175:355.376 JLINK_IsHalted()
T7150 175:356.096 - 0.715ms returns FALSE
T7150 175:356.128 JLINK_IsHalted()
T7150 175:356.560 - 0.423ms returns FALSE
T7150 175:465.424 JLINK_IsHalted()
T7150 175:467.856 - 2.435ms returns FALSE
T7150 175:467.984 JLINK_IsHalted()
T7150 175:468.496 - 0.504ms returns FALSE
T7150 175:573.904 JLINK_IsHalted()
T7150 175:574.496 - 0.596ms returns FALSE
T7150 175:574.544 JLINK_IsHalted()
T7150 175:575.072 - 0.545ms returns FALSE
T7150 175:683.616 JLINK_IsHalted()
T7150 175:684.496 - 0.878ms returns FALSE
T7150 175:684.624 JLINK_IsHalted()
T7150 175:685.152 - 0.536ms returns FALSE
T7150 175:793.632 JLINK_IsHalted()
T7150 175:795.552 - 1.918ms returns FALSE
T7150 175:795.664 JLINK_IsHalted()
T7150 175:797.936 - 2.267ms returns FALSE
T7150 175:902.816 JLINK_IsHalted()
T7150 175:903.600 - 0.777ms returns FALSE
T7150 175:903.776 JLINK_IsHalted()
T7150 175:904.304 - 0.529ms returns FALSE
T9440 175:990.864 JLINK_IsHalted()
T9440 175:991.296 - 0.431ms returns FALSE
T9440 175:991.328 JLINK_IsHalted()
T9440 175:991.648 - 0.315ms returns FALSE
T7150 176:011.904 JLINK_IsHalted()
T7150 176:012.496 - 0.587ms returns FALSE
T7150 176:012.576 JLINK_IsHalted()
T7150 176:012.976 - 0.398ms returns FALSE
T7150 176:120.944 JLINK_IsHalted()
T7150 176:122.528 - 1.575ms returns FALSE
T7150 176:122.656 JLINK_IsHalted()
T7150 176:123.216 - 0.566ms returns FALSE
T7150 176:230.576 JLINK_IsHalted()
T7150 176:231.264 - 0.695ms returns FALSE
T7150 176:231.376 JLINK_IsHalted()
T7150 176:232.080 - 0.696ms returns FALSE
T7150 176:340.000 JLINK_IsHalted()
T7150 176:340.720 - 0.710ms returns FALSE
T7150 176:340.848 JLINK_IsHalted()
T7150 176:341.360 - 0.515ms returns FALSE
T7150 176:449.760 JLINK_IsHalted()
T7150 176:450.464 - 0.706ms returns FALSE
T7150 176:450.544 JLINK_IsHalted()
T7150 176:451.040 - 0.497ms returns FALSE
T7150 176:558.304 JLINK_IsHalted()
T7150 176:558.944 - 0.626ms returns FALSE
T7150 176:558.976 JLINK_IsHalted()
T7150 176:559.456 - 0.487ms returns FALSE
T7150 176:667.984 JLINK_IsHalted()
T7150 176:668.576 - 0.613ms returns FALSE
T7150 176:668.640 JLINK_IsHalted()
T7150 176:669.008 - 0.362ms returns FALSE
T7150 176:777.504 JLINK_IsHalted()
T7150 176:778.112 - 0.603ms returns FALSE
T7150 176:778.160 JLINK_IsHalted()
T7150 176:778.576 - 0.416ms returns FALSE
T7150 176:886.432 JLINK_IsHalted()
T7150 176:887.136 - 0.703ms returns FALSE
T7150 176:887.232 JLINK_IsHalted()
T7150 176:887.712 - 0.490ms returns FALSE
T9440 176:991.920 JLINK_IsHalted()
T9440 176:992.416 - 0.503ms returns FALSE
T9440 176:992.512 JLINK_IsHalted()
T9440 176:992.880 - 0.369ms returns FALSE
T7150 176:996.976 JLINK_IsHalted()
T7150 176:997.504 - 0.520ms returns FALSE
T7150 176:997.664 JLINK_IsHalted()
T7150 176:998.224 - 0.567ms returns FALSE
T7150 177:106.336 JLINK_IsHalted()
T7150 177:106.928 - 0.587ms returns FALSE
T7150 177:106.976 JLINK_IsHalted()
T7150 177:107.408 - 0.420ms returns FALSE
T7150 177:215.488 JLINK_IsHalted()
T7150 177:216.288 - 0.799ms returns FALSE
T7150 177:216.448 JLINK_IsHalted()
T7150 177:217.024 - 0.568ms returns FALSE
T7150 177:325.232 JLINK_IsHalted()
T7150 177:326.064 - 0.825ms returns FALSE
T7150 177:326.176 JLINK_IsHalted()
T7150 177:326.544 - 0.364ms returns FALSE
T7150 177:433.616 JLINK_IsHalted()
T7150 177:434.336 - 0.728ms returns FALSE
T7150 177:434.448 JLINK_IsHalted()
T7150 177:435.040 - 0.584ms returns FALSE
T7150 177:543.472 JLINK_IsHalted()
T7150 177:544.144 - 0.670ms returns FALSE
T7150 177:544.192 JLINK_IsHalted()
T7150 177:544.736 - 0.557ms returns FALSE
T7150 177:652.480 JLINK_IsHalted()
T7150 177:653.024 - 0.536ms returns FALSE
T7150 177:653.136 JLINK_IsHalted()
T7150 177:653.600 - 0.482ms returns FALSE
T7150 177:761.664 JLINK_IsHalted()
T7150 177:762.288 - 0.632ms returns FALSE
T7150 177:762.400 JLINK_IsHalted()
T7150 177:762.944 - 0.546ms returns FALSE
T7150 177:871.440 JLINK_IsHalted()
T7150 177:872.176 - 0.743ms returns FALSE
T7150 177:872.304 JLINK_IsHalted()
T7150 177:872.944 - 0.640ms returns FALSE
T7150 177:980.432 JLINK_IsHalted()
T7150 177:981.040 - 0.620ms returns FALSE
T7150 177:981.232 JLINK_IsHalted()
T7150 177:981.936 - 0.705ms returns FALSE
T9440 177:993.824 JLINK_IsHalted()
T9440 177:994.512 - 0.675ms returns FALSE
T9440 177:994.624 JLINK_IsHalted()
T9440 177:995.152 - 0.525ms returns FALSE
T7150 178:090.080 JLINK_IsHalted()
T7150 178:090.656 - 0.576ms returns FALSE
T7150 178:090.704 JLINK_IsHalted()
T7150 178:091.168 - 0.461ms returns FALSE
T7150 178:199.136 JLINK_IsHalted()
T7150 178:199.824 - 0.701ms returns FALSE
T7150 178:199.904 JLINK_IsHalted()
T7150 178:200.480 - 0.573ms returns FALSE
T7150 178:308.512 JLINK_IsHalted()
T7150 178:309.152 - 0.650ms returns FALSE
T7150 178:309.216 JLINK_IsHalted()
T7150 178:309.744 - 0.531ms returns FALSE
T7150 178:418.416 JLINK_IsHalted()
T7150 178:419.024 - 0.606ms returns FALSE
T7150 178:419.120 JLINK_IsHalted()
T7150 178:419.552 - 0.434ms returns FALSE
T7150 178:527.184 JLINK_IsHalted()
T7150 178:527.904 - 0.724ms returns FALSE
T7150 178:528.032 JLINK_IsHalted()
T7150 178:528.656 - 0.626ms returns FALSE
T7150 178:637.600 JLINK_IsHalted()
T7150 178:638.240 - 0.633ms returns FALSE
T7150 178:638.304 JLINK_IsHalted()
T7150 178:638.864 - 0.558ms returns FALSE
T7150 178:746.336 JLINK_IsHalted()
T7150 178:746.928 - 0.589ms returns FALSE
T7150 178:746.976 JLINK_IsHalted()
T7150 178:747.408 - 0.418ms returns FALSE
T7150 178:856.128 JLINK_IsHalted()
T7150 178:858.672 - 2.540ms returns FALSE
T7150 178:858.832 JLINK_IsHalted()
T7150 178:859.408 - 0.576ms returns FALSE
T7150 178:965.472 JLINK_IsHalted()
T7150 178:966.112 - 0.638ms returns FALSE
T7150 178:966.176 JLINK_IsHalted()
T7150 178:966.608 - 0.432ms returns FALSE
T9440 178:996.160 JLINK_IsHalted()
T9440 178:996.768 - 0.595ms returns FALSE
T9440 178:996.832 JLINK_IsHalted()
T9440 178:997.376 - 0.538ms returns FALSE
T7150 179:074.032 JLINK_IsHalted()
T7150 179:074.544 - 0.500ms returns FALSE
T7150 179:074.592 JLINK_IsHalted()
T7150 179:074.960 - 0.352ms returns FALSE
T7150 179:183.552 JLINK_IsHalted()
T7150 179:184.192 - 0.633ms returns FALSE
T7150 179:184.224 JLINK_IsHalted()
T7150 179:184.720 - 0.481ms returns FALSE
T7150 179:293.168 JLINK_IsHalted()
T7150 179:293.968 - 0.799ms returns FALSE
T7150 179:294.096 JLINK_IsHalted()
T7150 179:296.304 - 2.219ms returns FALSE
T7150 179:402.144 JLINK_IsHalted()
T7150 179:402.688 - 0.552ms returns FALSE
T7150 179:402.752 JLINK_IsHalted()
T7150 179:403.168 - 0.408ms returns FALSE
T7150 179:512.240 JLINK_IsHalted()
T7150 179:512.864 - 0.626ms returns FALSE
T7150 179:513.008 JLINK_IsHalted()
T7150 179:513.584 - 0.574ms returns FALSE
T7150 179:621.312 JLINK_IsHalted()
T7150 179:622.048 - 0.730ms returns FALSE
T7150 179:622.240 JLINK_IsHalted()
T7150 179:622.720 - 0.484ms returns FALSE
T7150 179:730.368 JLINK_IsHalted()
T7150 179:731.232 - 0.867ms returns FALSE
T7150 179:731.328 JLINK_IsHalted()
T7150 179:731.728 - 0.399ms returns FALSE
T7150 179:840.144 JLINK_IsHalted()
T7150 179:840.832 - 0.697ms returns FALSE
T7150 179:840.944 JLINK_IsHalted()
T7150 179:841.584 - 0.645ms returns FALSE
T7150 179:949.552 JLINK_IsHalted()
T7150 179:950.304 - 0.741ms returns FALSE
T7150 179:950.416 JLINK_IsHalted()
T7150 179:951.056 - 0.631ms returns FALSE
T9440 179:998.864 JLINK_IsHalted()
T9440 179:999.504 - 0.632ms returns FALSE
T9440 179:999.600 JLINK_IsHalted()
T9440 180:000.176 - 0.569ms returns FALSE
T7150 180:058.304 JLINK_IsHalted()
T7150 180:058.928 - 0.631ms returns FALSE
T7150 180:059.024 JLINK_IsHalted()
T7150 180:059.488 - 0.455ms returns FALSE
T7150 180:168.736 JLINK_IsHalted()
T7150 180:169.472 - 0.728ms returns FALSE
T7150 180:169.536 JLINK_IsHalted()
T7150 180:170.048 - 0.506ms returns FALSE
T7150 180:277.296 JLINK_IsHalted()
T7150 180:277.792 - 0.500ms returns FALSE
T7150 180:277.840 JLINK_IsHalted()
T7150 180:278.304 - 0.466ms returns FALSE
T7150 180:386.496 JLINK_IsHalted()
T7150 180:387.328 - 0.832ms returns FALSE
T7150 180:387.440 JLINK_IsHalted()
T7150 180:387.904 - 0.458ms returns FALSE
T7150 180:496.160 JLINK_IsHalted()
T7150 180:496.800 - 0.629ms returns FALSE
T7150 180:496.928 JLINK_IsHalted()
T7150 180:497.488 - 0.566ms returns FALSE
T7150 180:606.368 JLINK_IsHalted()
T7150 180:606.976 - 0.611ms returns FALSE
T7150 180:607.120 JLINK_IsHalted()
T7150 180:607.584 - 0.465ms returns FALSE
T7150 180:715.360 JLINK_IsHalted()
T7150 180:716.144 - 0.786ms returns FALSE
T7150 180:716.368 JLINK_IsHalted()
T7150 180:716.896 - 0.543ms returns FALSE
T7150 180:824.032 JLINK_IsHalted()
T7150 180:824.672 - 0.647ms returns FALSE
T7150 180:824.752 JLINK_IsHalted()
T7150 180:825.344 - 0.580ms returns FALSE
T7150 180:934.032 JLINK_IsHalted()
T7150 180:934.800 - 0.775ms returns FALSE
T7150 180:934.944 JLINK_IsHalted()
T7150 180:935.584 - 0.650ms returns FALSE
T9440 181:001.568 JLINK_IsHalted()
T9440 181:002.144 - 0.587ms returns FALSE
T9440 181:002.256 JLINK_IsHalted()
T9440 181:002.736 - 0.493ms returns FALSE
T7150 181:042.800 JLINK_IsHalted()
T7150 181:043.424 - 0.614ms returns FALSE
T7150 181:043.472 JLINK_IsHalted()
T7150 181:043.952 - 0.488ms returns FALSE
T7150 181:152.240 JLINK_IsHalted()
T7150 181:152.880 - 0.638ms returns FALSE
T7150 181:152.992 JLINK_IsHalted()
T7150 181:153.568 - 0.556ms returns FALSE
T7150 181:262.368 JLINK_IsHalted()
T7150 181:264.800 - 2.419ms returns FALSE
T7150 181:265.040 JLINK_IsHalted()
T7150 181:265.824 - 0.784ms returns FALSE
T7150 181:371.312 JLINK_IsHalted()
T7150 181:371.952 - 0.637ms returns FALSE
T7150 181:372.048 JLINK_IsHalted()
T7150 181:372.464 - 0.422ms returns FALSE
T7150 181:480.800 JLINK_IsHalted()
T7150 181:481.376 - 0.581ms returns FALSE
T7150 181:481.440 JLINK_IsHalted()
T7150 181:481.824 - 0.380ms returns FALSE
T7150 181:589.584 JLINK_IsHalted()
T7150 181:590.240 - 0.657ms returns FALSE
T7150 181:590.368 JLINK_IsHalted()
T7150 181:590.864 - 0.506ms returns FALSE
T7150 181:699.168 JLINK_IsHalted()
T7150 181:700.016 - 0.849ms returns FALSE
T7150 181:700.144 JLINK_IsHalted()
T7150 181:700.832 - 0.669ms returns FALSE
T7150 181:808.896 JLINK_IsHalted()
T7150 181:809.520 - 0.629ms returns FALSE
T7150 181:809.632 JLINK_IsHalted()
T7150 181:810.096 - 0.449ms returns FALSE
T7150 181:918.368 JLINK_IsHalted()
T7150 181:918.992 - 0.630ms returns FALSE
T7150 181:919.072 JLINK_IsHalted()
T7150 181:919.664 - 0.598ms returns FALSE
T9440 182:003.904 JLINK_IsHalted()
T9440 182:004.688 - 0.777ms returns FALSE
T9440 182:004.832 JLINK_IsHalted()
T9440 182:005.584 - 0.729ms returns FALSE
T7150 182:029.568 JLINK_IsHalted()
T7150 182:030.112 - 0.534ms returns FALSE
T7150 182:030.272 JLINK_IsHalted()
T7150 182:030.800 - 0.517ms returns FALSE
T7150 182:136.736 JLINK_IsHalted()
T7150 182:137.136 - 0.403ms returns FALSE
T7150 182:137.184 JLINK_IsHalted()
T7150 182:137.472 - 0.282ms returns FALSE
T7150 182:246.416 JLINK_IsHalted()
T7150 182:246.944 - 0.524ms returns FALSE
T7150 182:247.008 JLINK_IsHalted()
T7150 182:247.440 - 0.418ms returns FALSE
T7150 182:355.136 JLINK_IsHalted()
T7150 182:355.616 - 0.489ms returns FALSE
T7150 182:355.792 JLINK_IsHalted()
T7150 182:356.240 - 0.442ms returns FALSE
T7150 182:464.560 JLINK_IsHalted()
T7150 182:465.104 - 0.532ms returns FALSE
T7150 182:465.136 JLINK_IsHalted()
T7150 182:465.520 - 0.380ms returns FALSE
T7150 182:574.624 JLINK_IsHalted()
T7150 182:575.008 - 0.395ms returns FALSE
T7150 182:575.104 JLINK_IsHalted()
T7150 182:575.392 - 0.289ms returns FALSE
T7150 182:684.368 JLINK_IsHalted()
T7150 182:684.880 - 0.515ms returns FALSE
T7150 182:684.912 JLINK_IsHalted()
T7150 182:685.280 - 0.358ms returns FALSE
T7150 182:793.280 JLINK_IsHalted()
T7150 182:793.744 - 0.453ms returns FALSE
T7150 182:793.792 JLINK_IsHalted()
T7150 182:794.176 - 0.393ms returns FALSE
T7150 182:902.400 JLINK_IsHalted()
T7150 182:902.864 - 0.461ms returns FALSE
T7150 182:902.880 JLINK_IsHalted()
T7150 182:903.264 - 0.381ms returns FALSE
T9440 183:006.000 JLINK_IsHalted()
T9440 183:006.480 - 0.471ms returns FALSE
T9440 183:006.496 JLINK_IsHalted()
T9440 183:006.816 - 0.313ms returns FALSE
T7150 183:011.792 JLINK_IsHalted()
T7150 183:012.144 - 0.354ms returns FALSE
T7150 183:012.192 JLINK_IsHalted()
T7150 183:012.576 - 0.388ms returns FALSE
T7150 183:121.120 JLINK_IsHalted()
T7150 183:121.568 - 0.441ms returns FALSE
T7150 183:121.584 JLINK_IsHalted()
T7150 183:121.920 - 0.322ms returns FALSE
T7150 183:230.576 JLINK_IsHalted()
T7150 183:231.024 - 0.449ms returns FALSE
T7150 183:231.152 JLINK_IsHalted()
T7150 183:231.504 - 0.349ms returns FALSE
T7150 183:340.016 JLINK_IsHalted()
T7150 183:340.384 - 0.370ms returns FALSE
T7150 183:340.448 JLINK_IsHalted()
T7150 183:340.800 - 0.354ms returns FALSE
T7150 183:449.024 JLINK_IsHalted()
T7150 183:449.504 - 0.471ms returns FALSE
T7150 183:449.568 JLINK_IsHalted()
T7150 183:449.904 - 0.337ms returns FALSE
T7150 183:558.720 JLINK_IsHalted()
T7150 183:559.200 - 0.490ms returns FALSE
T7150 183:559.264 JLINK_IsHalted()
T7150 183:559.632 - 0.372ms returns FALSE
T7150 183:667.632 JLINK_IsHalted()
T7150 183:668.128 - 0.481ms returns FALSE
T7150 183:668.224 JLINK_IsHalted()
T7150 183:668.528 - 0.315ms returns FALSE
T7150 183:777.776 JLINK_IsHalted()
T7150 183:778.320 - 0.526ms returns FALSE
T7150 183:778.368 JLINK_IsHalted()
T7150 183:778.688 - 0.316ms returns FALSE
T7150 183:886.336 JLINK_IsHalted()
T7150 183:886.752 - 0.426ms returns FALSE
T7150 183:886.800 JLINK_IsHalted()
T7150 183:887.120 - 0.316ms returns FALSE
T7150 183:996.128 JLINK_IsHalted()
T7150 183:996.576 - 0.452ms returns FALSE
T7150 183:996.608 JLINK_IsHalted()
T7150 183:996.912 - 0.303ms returns FALSE
T9440 184:008.016 JLINK_IsHalted()
T9440 184:008.448 - 0.422ms returns FALSE
T9440 184:008.480 JLINK_IsHalted()
T9440 184:008.864 - 0.375ms returns FALSE
T7150 184:105.520 JLINK_IsHalted()
T7150 184:106.080 - 0.556ms returns FALSE
T7150 184:106.144 JLINK_IsHalted()
T7150 184:106.592 - 0.452ms returns FALSE
T7150 184:215.376 JLINK_IsHalted()
T7150 184:215.824 - 0.448ms returns FALSE
T7150 184:215.856 JLINK_IsHalted()
T7150 184:216.256 - 0.387ms returns FALSE
T7150 184:324.592 JLINK_IsHalted()
T7150 184:325.424 - 0.833ms returns FALSE
T7150 184:325.568 JLINK_IsHalted()
T7150 184:326.016 - 0.440ms returns FALSE
T7150 184:436.192 JLINK_IsHalted()
T7150 184:436.816 - 0.606ms returns FALSE
T7150 184:436.944 JLINK_IsHalted()
T7150 184:437.536 - 0.586ms returns FALSE
T7150 184:542.832 JLINK_IsHalted()
T7150 184:543.552 - 0.716ms returns FALSE
T7150 184:543.664 JLINK_IsHalted()
T7150 184:544.160 - 0.493ms returns FALSE
T7150 184:652.816 JLINK_IsHalted()
T7150 184:653.520 - 0.710ms returns FALSE
T7150 184:653.664 JLINK_IsHalted()
T7150 184:654.176 - 0.528ms returns FALSE
T7150 184:761.632 JLINK_IsHalted()
T7150 184:762.256 - 0.616ms returns FALSE
T7150 184:762.288 JLINK_IsHalted()
T7150 184:762.704 - 0.401ms returns FALSE
T7150 184:870.768 JLINK_IsHalted()
T7150 184:871.424 - 0.644ms returns FALSE
T7150 184:871.552 JLINK_IsHalted()
T7150 184:872.096 - 0.544ms returns FALSE
T7150 184:980.480 JLINK_IsHalted()
T7150 184:981.040 - 0.562ms returns FALSE
T7150 184:981.088 JLINK_IsHalted()
T7150 184:981.600 - 0.491ms returns FALSE
T9440 185:009.936 JLINK_IsHalted()
T9440 185:010.688 - 0.754ms returns FALSE
T9440 185:010.800 JLINK_IsHalted()
T9440 185:011.232 - 0.438ms returns FALSE
T7150 185:089.792 JLINK_IsHalted()
T7150 185:090.416 - 0.633ms returns FALSE
T7150 185:090.480 JLINK_IsHalted()
T7150 185:091.024 - 0.539ms returns FALSE
T7150 185:201.040 JLINK_IsHalted()
T7150 185:201.824 - 0.788ms returns FALSE
T7150 185:201.968 JLINK_IsHalted()
T7150 185:202.464 - 0.501ms returns FALSE
T7150 185:309.104 JLINK_IsHalted()
T7150 185:309.680 - 0.576ms returns FALSE
T7150 185:309.792 JLINK_IsHalted()
T7150 185:310.368 - 0.551ms returns FALSE
T7150 185:417.840 JLINK_IsHalted()
T7150 185:418.656 - 0.811ms returns FALSE
T7150 185:418.704 JLINK_IsHalted()
T7150 185:419.248 - 0.551ms returns FALSE
T7150 185:527.936 JLINK_IsHalted()
T7150 185:528.688 - 0.752ms returns FALSE
T7150 185:528.896 JLINK_IsHalted()
T7150 185:529.312 - 0.423ms returns FALSE
T7150 185:637.008 JLINK_IsHalted()
T7150 185:637.600 - 0.593ms returns FALSE
T7150 185:637.792 JLINK_IsHalted()
T7150 185:638.368 - 0.591ms returns FALSE
T7150 185:745.952 JLINK_IsHalted()
T7150 185:746.624 - 0.683ms returns FALSE
T7150 185:746.688 JLINK_IsHalted()
T7150 185:747.232 - 0.547ms returns FALSE
T7150 185:855.520 JLINK_IsHalted()
T7150 185:856.176 - 0.672ms returns FALSE
T7150 185:856.304 JLINK_IsHalted()
T7150 185:856.880 - 0.583ms returns FALSE
T7150 185:965.552 JLINK_IsHalted()
T7150 185:966.176 - 0.631ms returns FALSE
T7150 185:966.240 JLINK_IsHalted()
T7150 185:966.688 - 0.469ms returns FALSE
T9440 186:011.936 JLINK_IsHalted()
T9440 186:012.592 - 0.663ms returns FALSE
T9440 186:012.704 JLINK_IsHalted()
T9440 186:013.248 - 0.543ms returns FALSE
T7150 186:074.272 JLINK_IsHalted()
T7150 186:074.864 - 0.599ms returns FALSE
T7150 186:074.912 JLINK_IsHalted()
T7150 186:075.440 - 0.536ms returns FALSE
T7150 186:183.664 JLINK_IsHalted()
T7150 186:184.288 - 0.611ms returns FALSE
T7150 186:184.400 JLINK_IsHalted()
T7150 186:185.040 - 0.632ms returns FALSE
T7150 186:293.232 JLINK_IsHalted()
T7150 186:293.792 - 0.554ms returns FALSE
T7150 186:293.808 JLINK_IsHalted()
T7150 186:294.256 - 0.438ms returns FALSE
T7150 186:402.736 JLINK_IsHalted()
T7150 186:403.328 - 0.590ms returns FALSE
T7150 186:403.392 JLINK_IsHalted()
T7150 186:403.872 - 0.485ms returns FALSE
T7150 186:512.288 JLINK_IsHalted()
T7150 186:512.864 - 0.573ms returns FALSE
T7150 186:512.912 JLINK_IsHalted()
T7150 186:513.424 - 0.508ms returns FALSE
T7150 186:620.928 JLINK_IsHalted()
T7150 186:621.696 - 0.760ms returns FALSE
T7150 186:621.856 JLINK_IsHalted()
T7150 186:622.496 - 0.627ms returns FALSE
T7150 186:730.400 JLINK_IsHalted()
T7150 186:730.976 - 0.594ms returns FALSE
T7150 186:731.024 JLINK_IsHalted()
T7150 186:731.472 - 0.445ms returns FALSE
T7150 186:840.448 JLINK_IsHalted()
T7150 186:840.992 - 0.538ms returns FALSE
T7150 186:841.024 JLINK_IsHalted()
T7150 186:841.456 - 0.423ms returns FALSE
T7150 186:950.016 JLINK_IsHalted()
T7150 186:950.640 - 0.626ms returns FALSE
T7150 186:950.752 JLINK_IsHalted()
T7150 186:951.264 - 0.506ms returns FALSE
T9440 187:014.880 JLINK_IsHalted()
T9440 187:015.392 - 0.518ms returns FALSE
T9440 187:015.536 JLINK_IsHalted()
T9440 187:016.048 - 0.510ms returns FALSE
T7150 187:058.480 JLINK_IsHalted()
T7150 187:059.104 - 0.609ms returns FALSE
T7150 187:059.168 JLINK_IsHalted()
T7150 187:059.600 - 0.428ms returns FALSE
T7150 187:168.496 JLINK_IsHalted()
T7150 187:169.104 - 0.602ms returns FALSE
T7150 187:169.136 JLINK_IsHalted()
T7150 187:169.632 - 0.496ms returns FALSE
T7150 187:277.904 JLINK_IsHalted()
T7150 187:278.560 - 0.662ms returns FALSE
T7150 187:278.688 JLINK_IsHalted()
T7150 187:279.280 - 0.603ms returns FALSE
T7150 187:386.528 JLINK_IsHalted()
T7150 187:387.248 - 0.705ms returns FALSE
T7150 187:387.376 JLINK_IsHalted()
T7150 187:389.408 - 2.023ms returns FALSE
T7150 187:495.840 JLINK_IsHalted()
T7150 187:496.592 - 0.744ms returns FALSE
T7150 187:496.736 JLINK_IsHalted()
T7150 187:497.392 - 0.668ms returns FALSE
T7150 187:605.504 JLINK_IsHalted()
T7150 187:606.176 - 0.681ms returns FALSE
T7150 187:606.304 JLINK_IsHalted()
T7150 187:606.880 - 0.572ms returns FALSE
T7150 187:714.816 JLINK_IsHalted()
T7150 187:715.424 - 0.608ms returns FALSE
T7150 187:715.568 JLINK_IsHalted()
T7150 187:716.128 - 0.558ms returns FALSE
T7150 187:824.512 JLINK_IsHalted()
T7150 187:825.120 - 0.603ms returns FALSE
T7150 187:825.184 JLINK_IsHalted()
T7150 187:825.648 - 0.469ms returns FALSE
T7150 187:933.232 JLINK_IsHalted()
T7150 187:933.840 - 0.592ms returns FALSE
T7150 187:933.888 JLINK_IsHalted()
T7150 187:934.304 - 0.404ms returns FALSE
T9440 188:017.072 JLINK_IsHalted()
T9440 188:017.936 - 0.853ms returns FALSE
T9440 188:018.080 JLINK_IsHalted()
T9440 188:018.800 - 0.726ms returns FALSE
T7150 188:043.344 JLINK_IsHalted()
T7150 188:043.952 - 0.624ms returns FALSE
T7150 188:044.016 JLINK_IsHalted()
T7150 188:044.544 - 0.523ms returns FALSE
T7150 188:152.192 JLINK_IsHalted()
T7150 188:152.800 - 0.601ms returns FALSE
T7150 188:152.864 JLINK_IsHalted()
T7150 188:153.248 - 0.396ms returns FALSE
T7150 188:261.616 JLINK_IsHalted()
T7150 188:262.176 - 0.559ms returns FALSE
T7150 188:262.272 JLINK_IsHalted()
T7150 188:262.944 - 0.666ms returns FALSE
T7150 188:371.232 JLINK_IsHalted()
T7150 188:371.696 - 0.466ms returns FALSE
T7150 188:371.728 JLINK_IsHalted()
T7150 188:372.016 - 0.290ms returns FALSE
T7150 188:481.952 JLINK_IsHalted()
T7150 188:482.496 - 0.530ms returns FALSE
T7150 188:482.544 JLINK_IsHalted()
T7150 188:483.040 - 0.499ms returns FALSE
T7150 188:589.808 JLINK_IsHalted()
T7150 188:590.496 - 0.671ms returns FALSE
T7150 188:590.624 JLINK_IsHalted()
T7150 188:591.200 - 0.569ms returns FALSE
T7150 188:699.248 JLINK_IsHalted()
T7150 188:699.968 - 0.721ms returns FALSE
T7150 188:700.128 JLINK_IsHalted()
T7150 188:700.592 - 0.449ms returns FALSE
T7150 188:808.384 JLINK_IsHalted()
T7150 188:808.896 - 0.507ms returns FALSE
T7150 188:808.976 JLINK_IsHalted()
T7150 188:809.424 - 0.445ms returns FALSE
T7150 188:918.512 JLINK_IsHalted()
T7150 188:919.120 - 0.590ms returns FALSE
T7150 188:919.184 JLINK_IsHalted()
T7150 188:919.648 - 0.472ms returns FALSE
T9440 189:020.256 JLINK_IsHalted()
T9440 189:021.072 - 0.824ms returns FALSE
T9440 189:021.216 JLINK_IsHalted()
T9440 189:021.920 - 0.700ms returns FALSE
T7150 189:027.680 JLINK_IsHalted()
T7150 189:028.432 - 0.755ms returns FALSE
T7150 189:028.528 JLINK_IsHalted()
T7150 189:029.088 - 0.550ms returns FALSE
T7150 189:136.736 JLINK_IsHalted()
T7150 189:137.392 - 0.658ms returns FALSE
T7150 189:137.472 JLINK_IsHalted()
T7150 189:137.952 - 0.475ms returns FALSE
T7150 189:246.352 JLINK_IsHalted()
T7150 189:247.168 - 0.828ms returns FALSE
T7150 189:247.312 JLINK_IsHalted()
T7150 189:247.840 - 0.531ms returns FALSE
T7150 189:355.440 JLINK_IsHalted()
T7150 189:356.048 - 0.604ms returns FALSE
T7150 189:356.192 JLINK_IsHalted()
T7150 189:356.736 - 0.543ms returns FALSE
T7150 189:464.624 JLINK_IsHalted()
T7150 189:465.248 - 0.635ms returns FALSE
T7150 189:465.312 JLINK_IsHalted()
T7150 189:465.776 - 0.470ms returns FALSE
T7150 189:574.144 JLINK_IsHalted()
T7150 189:574.960 - 0.825ms returns FALSE
T7150 189:575.040 JLINK_IsHalted()
T7150 189:575.520 - 0.484ms returns FALSE
T7150 189:684.208 JLINK_IsHalted()
T7150 189:685.008 - 0.783ms returns FALSE
T7150 189:685.136 JLINK_IsHalted()
T7150 189:685.808 - 0.621ms returns FALSE
T7150 189:793.472 JLINK_IsHalted()
T7150 189:794.208 - 0.741ms returns FALSE
T7150 189:794.352 JLINK_IsHalted()
T7150 189:795.040 - 0.696ms returns FALSE
T7150 189:902.576 JLINK_IsHalted()
T7150 189:904.976 - 2.397ms returns FALSE
T7150 189:905.120 JLINK_IsHalted()
T7150 189:905.760 - 0.624ms returns FALSE
T7150 190:012.192 JLINK_IsHalted()
T7150 190:012.768 - 0.576ms returns FALSE
T7150 190:012.832 JLINK_IsHalted()
T7150 190:013.312 - 0.495ms returns FALSE
T9440 190:023.056 JLINK_IsHalted()
T9440 190:025.296 - 2.232ms returns FALSE
T9440 190:025.376 JLINK_IsHalted()
T9440 190:025.824 - 0.449ms returns FALSE
T7150 190:121.440 JLINK_IsHalted()
T7150 190:122.128 - 0.680ms returns FALSE
T7150 190:122.240 JLINK_IsHalted()
T7150 190:122.784 - 0.544ms returns FALSE
T7150 190:230.336 JLINK_IsHalted()
T7150 190:230.912 - 0.571ms returns FALSE
T7150 190:230.992 JLINK_IsHalted()
T7150 190:231.520 - 0.534ms returns FALSE
T7150 190:340.512 JLINK_IsHalted()
T7150 190:341.248 - 0.741ms returns FALSE
T7150 190:341.392 JLINK_IsHalted()
T7150 190:342.048 - 0.651ms returns FALSE
T7150 190:449.840 JLINK_IsHalted()
T7150 190:450.656 - 0.814ms returns FALSE
T7150 190:450.800 JLINK_IsHalted()
T7150 190:451.296 - 0.488ms returns FALSE
T7150 190:559.008 JLINK_IsHalted()
T7150 190:560.928 - 1.935ms returns FALSE
T7150 190:561.072 JLINK_IsHalted()
T7150 190:561.632 - 0.563ms returns FALSE
T7150 190:667.760 JLINK_IsHalted()
T7150 190:668.640 - 0.883ms returns FALSE
T7150 190:668.800 JLINK_IsHalted()
T7150 190:669.280 - 0.484ms returns FALSE
T7150 190:777.072 JLINK_IsHalted()
T7150 190:777.888 - 0.808ms returns FALSE
T7150 190:778.016 JLINK_IsHalted()
T7150 190:778.624 - 0.599ms returns FALSE
T7150 190:887.104 JLINK_IsHalted()
T7150 190:887.840 - 0.733ms returns FALSE
T7150 190:887.968 JLINK_IsHalted()
T7150 190:888.448 - 0.485ms returns FALSE
T7150 190:996.064 JLINK_IsHalted()
T7150 190:996.672 - 0.612ms returns FALSE
T7150 190:996.736 JLINK_IsHalted()
T7150 190:997.216 - 0.480ms returns FALSE
T9440 191:027.056 JLINK_IsHalted()
T9440 191:027.552 - 0.485ms returns FALSE
T9440 191:027.600 JLINK_IsHalted()
T9440 191:027.920 - 0.325ms returns FALSE
T7150 191:105.248 JLINK_IsHalted()
T7150 191:105.904 - 0.664ms returns FALSE
T7150 191:105.984 JLINK_IsHalted()
T7150 191:106.576 - 0.581ms returns FALSE
T7150 191:215.152 JLINK_IsHalted()
T7150 191:215.808 - 0.652ms returns FALSE
T7150 191:215.888 JLINK_IsHalted()
T7150 191:216.496 - 0.624ms returns FALSE
T7150 191:324.032 JLINK_IsHalted()
T7150 191:325.056 - 1.020ms returns FALSE
T7150 191:325.216 JLINK_IsHalted()
T7150 191:325.904 - 0.694ms returns FALSE
T7150 191:433.984 JLINK_IsHalted()
T7150 191:434.816 - 0.834ms returns FALSE
T7150 191:435.008 JLINK_IsHalted()
T7150 191:437.088 - 2.081ms returns FALSE
T7150 191:543.216 JLINK_IsHalted()
T7150 191:543.904 - 0.693ms returns FALSE
T7150 191:543.984 JLINK_IsHalted()
T7150 191:544.544 - 0.557ms returns FALSE
T7150 191:653.008 JLINK_IsHalted()
T7150 191:653.792 - 0.771ms returns FALSE
T7150 191:653.904 JLINK_IsHalted()
T7150 191:654.448 - 0.548ms returns FALSE
T7150 191:761.888 JLINK_IsHalted()
T7150 191:762.768 - 0.875ms returns FALSE
T7150 191:762.896 JLINK_IsHalted()
T7150 191:763.568 - 0.668ms returns FALSE
T7150 191:871.472 JLINK_IsHalted()
T7150 191:873.968 - 2.491ms returns FALSE
T7150 191:874.208 JLINK_IsHalted()
T7150 191:874.848 - 0.638ms returns FALSE
T7150 191:981.056 JLINK_IsHalted()
T7150 191:982.000 - 0.945ms returns FALSE
T7150 191:982.208 JLINK_IsHalted()
T7150 191:982.800 - 0.589ms returns FALSE
T9440 192:028.960 JLINK_IsHalted()
T9440 192:029.792 - 0.833ms returns FALSE
T9440 192:029.920 JLINK_IsHalted()
T9440 192:030.432 - 0.514ms returns FALSE
T7150 192:089.696 JLINK_IsHalted()
T7150 192:090.336 - 0.651ms returns FALSE
T7150 192:090.464 JLINK_IsHalted()
T7150 192:090.960 - 0.500ms returns FALSE
T7150 192:199.568 JLINK_IsHalted()
T7150 192:200.368 - 0.804ms returns FALSE
T7150 192:200.464 JLINK_IsHalted()
T7150 192:200.928 - 0.470ms returns FALSE
T7150 192:308.448 JLINK_IsHalted()
T7150 192:309.184 - 0.740ms returns FALSE
T7150 192:309.280 JLINK_IsHalted()
T7150 192:309.808 - 0.538ms returns FALSE
T7150 192:418.176 JLINK_IsHalted()
T7150 192:418.592 - 0.415ms returns FALSE
T7150 192:418.656 JLINK_IsHalted()
T7150 192:418.976 - 0.316ms returns FALSE
T7150 192:527.200 JLINK_IsHalted()
T7150 192:527.952 - 0.739ms returns FALSE
T7150 192:528.096 JLINK_IsHalted()
T7150 192:528.640 - 0.558ms returns FALSE
T7150 192:636.768 JLINK_IsHalted()
T7150 192:637.344 - 0.584ms returns FALSE
T7150 192:637.424 JLINK_IsHalted()
T7150 192:637.888 - 0.469ms returns FALSE
T7150 192:745.952 JLINK_IsHalted()
T7150 192:746.656 - 0.709ms returns FALSE
T7150 192:746.880 JLINK_IsHalted()
T7150 192:747.472 - 0.589ms returns FALSE
T7150 192:855.248 JLINK_IsHalted()
T7150 192:855.760 - 0.502ms returns FALSE
T7150 192:855.792 JLINK_IsHalted()
T7150 192:856.320 - 0.519ms returns FALSE
T7150 192:964.816 JLINK_IsHalted()
T7150 192:965.392 - 0.576ms returns FALSE
T7150 192:965.456 JLINK_IsHalted()
T7150 192:966.304 - 0.837ms returns FALSE
T9440 193:031.328 JLINK_IsHalted()
T9440 193:031.904 - 0.580ms returns FALSE
T9440 193:032.000 JLINK_IsHalted()
T9440 193:032.384 - 0.388ms returns FALSE
T7150 193:074.720 JLINK_IsHalted()
T7150 193:075.328 - 0.603ms returns FALSE
T7150 193:075.360 JLINK_IsHalted()
T7150 193:075.696 - 0.333ms returns FALSE
T7150 193:183.808 JLINK_IsHalted()
T7150 193:184.416 - 0.601ms returns FALSE
T7150 193:184.608 JLINK_IsHalted()
T7150 193:185.088 - 0.481ms returns FALSE
T7150 193:293.936 JLINK_IsHalted()
T7150 193:294.752 - 0.816ms returns FALSE
T7150 193:294.944 JLINK_IsHalted()
T7150 193:295.696 - 0.726ms returns FALSE
T7150 193:402.496 JLINK_IsHalted()
T7150 193:402.960 - 0.458ms returns FALSE
T7150 193:402.992 JLINK_IsHalted()
T7150 193:405.008 - 2.006ms returns FALSE
T7150 193:511.952 JLINK_IsHalted()
T7150 193:512.656 - 0.703ms returns FALSE
T7150 193:512.752 JLINK_IsHalted()
T7150 193:513.344 - 0.585ms returns FALSE
T7150 193:621.040 JLINK_IsHalted()
T7150 193:621.536 - 0.487ms returns FALSE
T7150 193:621.552 JLINK_IsHalted()
T7150 193:621.952 - 0.403ms returns FALSE
T7150 193:730.800 JLINK_IsHalted()
T7150 193:731.440 - 0.634ms returns FALSE
T7150 193:731.504 JLINK_IsHalted()
T7150 193:731.936 - 0.424ms returns FALSE
T7150 193:840.176 JLINK_IsHalted()
T7150 193:840.640 - 0.459ms returns FALSE
T7150 193:840.672 JLINK_IsHalted()
T7150 193:840.992 - 0.296ms returns FALSE
T7150 193:949.536 JLINK_IsHalted()
T7150 193:950.288 - 0.765ms returns FALSE
T7150 193:950.368 JLINK_IsHalted()
T7150 193:950.752 - 0.402ms returns FALSE
T9440 194:034.592 JLINK_IsHalted()
T9440 194:035.360 - 0.763ms returns FALSE
T9440 194:035.616 JLINK_IsHalted()
T9440 194:036.096 - 0.478ms returns FALSE
T7150 194:058.912 JLINK_IsHalted()
T7150 194:059.488 - 0.586ms returns FALSE
T7150 194:059.552 JLINK_IsHalted()
T7150 194:059.968 - 0.410ms returns FALSE
T7150 194:168.096 JLINK_IsHalted()
T7150 194:168.688 - 0.596ms returns FALSE
T7150 194:168.768 JLINK_IsHalted()
T7150 194:169.264 - 0.496ms returns FALSE
T7150 194:277.152 JLINK_IsHalted()
T7150 194:277.728 - 0.591ms returns FALSE
T7150 194:277.776 JLINK_IsHalted()
T7150 194:278.208 - 0.438ms returns FALSE
T7150 194:387.360 JLINK_IsHalted()
T7150 194:388.016 - 0.648ms returns FALSE
T7150 194:388.112 JLINK_IsHalted()
T7150 194:388.576 - 0.459ms returns FALSE
T7150 194:496.256 JLINK_IsHalted()
T7150 194:496.768 - 0.511ms returns FALSE
T7150 194:496.800 JLINK_IsHalted()
T7150 194:497.216 - 0.405ms returns FALSE
T7150 194:605.344 JLINK_IsHalted()
T7150 194:606.256 - 0.905ms returns FALSE
T7150 194:606.368 JLINK_IsHalted()
T7150 194:606.944 - 0.568ms returns FALSE
T7150 194:714.848 JLINK_IsHalted()
T7150 194:715.424 - 0.585ms returns FALSE
T7150 194:715.488 JLINK_IsHalted()
T7150 194:715.936 - 0.436ms returns FALSE
T7150 194:824.064 JLINK_IsHalted()
T7150 194:824.800 - 0.739ms returns FALSE
T7150 194:824.928 JLINK_IsHalted()
T7150 194:825.440 - 0.524ms returns FALSE
T7150 194:933.424 JLINK_IsHalted()
T7150 194:934.048 - 0.620ms returns FALSE
T7150 194:934.112 JLINK_IsHalted()
T7150 194:936.064 - 1.958ms returns FALSE
T9440 195:037.312 JLINK_IsHalted()
T9440 195:037.808 - 0.506ms returns FALSE
T9440 195:037.904 JLINK_IsHalted()
T9440 195:038.400 - 0.509ms returns FALSE
T7150 195:042.800 JLINK_IsHalted()
T7150 195:043.456 - 0.653ms returns FALSE
T7150 195:043.504 JLINK_IsHalted()
T7150 195:043.920 - 0.405ms returns FALSE
T7150 195:153.248 JLINK_IsHalted()
T7150 195:153.984 - 0.733ms returns FALSE
T7150 195:154.048 JLINK_IsHalted()
T7150 195:154.544 - 0.493ms returns FALSE
T7150 195:261.904 JLINK_IsHalted()
T7150 195:262.256 - 0.362ms returns FALSE
T7150 195:262.304 JLINK_IsHalted()
T7150 195:262.624 - 0.332ms returns FALSE
T7150 195:372.000 JLINK_IsHalted()
T7150 195:372.624 - 0.621ms returns FALSE
T7150 195:372.704 JLINK_IsHalted()
T7150 195:373.216 - 0.508ms returns FALSE
T7150 195:481.024 JLINK_IsHalted()
T7150 195:481.648 - 0.629ms returns FALSE
T7150 195:481.744 JLINK_IsHalted()
T7150 195:482.224 - 0.487ms returns FALSE
T7150 195:589.840 JLINK_IsHalted()
T7150 195:590.496 - 0.662ms returns FALSE
T7150 195:590.560 JLINK_IsHalted()
T7150 195:591.072 - 0.508ms returns FALSE
T7150 195:699.456 JLINK_IsHalted()
T7150 195:700.320 - 0.851ms returns FALSE
T7150 195:700.464 JLINK_IsHalted()
T7150 195:701.264 - 0.792ms returns FALSE
T7150 195:809.120 JLINK_IsHalted()
T7150 195:809.520 - 0.405ms returns FALSE
T7150 195:809.568 JLINK_IsHalted()
T7150 195:809.952 - 0.398ms returns FALSE
T7150 195:918.128 JLINK_IsHalted()
T7150 195:918.864 - 0.720ms returns FALSE
T7150 195:918.992 JLINK_IsHalted()
T7150 195:919.504 - 0.504ms returns FALSE
T7150 196:027.472 JLINK_IsHalted()
T7150 196:028.032 - 0.556ms returns FALSE
T7150 196:028.064 JLINK_IsHalted()
T7150 196:028.512 - 0.441ms returns FALSE
T9440 196:039.152 JLINK_IsHalted()
T9440 196:039.648 - 0.486ms returns FALSE
T9440 196:039.728 JLINK_IsHalted()
T9440 196:040.288 - 0.547ms returns FALSE
T7150 196:136.928 JLINK_IsHalted()
T7150 196:137.568 - 0.639ms returns FALSE
T7150 196:137.632 JLINK_IsHalted()
T7150 196:138.160 - 0.521ms returns FALSE
T7150 196:246.304 JLINK_IsHalted()
T7150 196:247.008 - 0.688ms returns FALSE
T7150 196:247.152 JLINK_IsHalted()
T7150 196:247.680 - 0.520ms returns FALSE
T7150 196:356.928 JLINK_IsHalted()
T7150 196:357.568 - 0.642ms returns FALSE
T7150 196:357.664 JLINK_IsHalted()
T7150 196:358.112 - 0.451ms returns FALSE
T7150 196:465.104 JLINK_IsHalted()
T7150 196:465.792 - 0.690ms returns FALSE
T7150 196:465.904 JLINK_IsHalted()
T7150 196:468.048 - 2.129ms returns FALSE
T7150 196:575.088 JLINK_IsHalted()
T7150 196:575.648 - 0.565ms returns FALSE
T7150 196:575.728 JLINK_IsHalted()
T7150 196:576.272 - 0.544ms returns FALSE
T7150 196:684.000 JLINK_IsHalted()
T7150 196:684.768 - 0.770ms returns FALSE
T7150 196:684.896 JLINK_IsHalted()
T7150 196:685.680 - 0.781ms returns FALSE
T7150 196:793.536 JLINK_IsHalted()
T7150 196:794.064 - 0.543ms returns FALSE
T7150 196:794.112 JLINK_IsHalted()
T7150 196:794.464 - 0.358ms returns FALSE
T7150 196:902.256 JLINK_IsHalted()
T7150 196:902.960 - 0.709ms returns FALSE
T7150 196:903.088 JLINK_IsHalted()
T7150 196:903.664 - 0.579ms returns FALSE
T7150 197:012.416 JLINK_IsHalted()
T7150 197:012.896 - 0.472ms returns FALSE
T7150 197:012.944 JLINK_IsHalted()
T7150 197:013.280 - 0.349ms returns FALSE
T9440 197:040.240 JLINK_IsHalted()
T9440 197:040.736 - 0.482ms returns FALSE
T9440 197:040.768 JLINK_IsHalted()
T9440 197:041.168 - 0.391ms returns FALSE
T7150 197:121.328 JLINK_IsHalted()
T7150 197:121.936 - 0.605ms returns FALSE
T7150 197:122.032 JLINK_IsHalted()
T7150 197:122.544 - 0.509ms returns FALSE
T7150 197:230.304 JLINK_IsHalted()
T7150 197:230.960 - 0.654ms returns FALSE
T7150 197:231.072 JLINK_IsHalted()
T7150 197:231.600 - 0.540ms returns FALSE
T7150 197:340.000 JLINK_IsHalted()
T7150 197:340.640 - 0.628ms returns FALSE
T7150 197:340.752 JLINK_IsHalted()
T7150 197:341.280 - 0.534ms returns FALSE
T7150 197:449.248 JLINK_IsHalted()
T7150 197:449.696 - 0.450ms returns FALSE
T7150 197:449.760 JLINK_IsHalted()
T7150 197:450.192 - 0.439ms returns FALSE
T7150 197:558.224 JLINK_IsHalted()
T7150 197:560.544 - 2.324ms returns FALSE
T7150 197:560.640 JLINK_IsHalted()
T7150 197:561.776 - 1.140ms returns FALSE
T7150 197:668.128 JLINK_IsHalted()
T7150 197:668.688 - 0.561ms returns FALSE
T7150 197:668.768 JLINK_IsHalted()
T7150 197:669.216 - 0.444ms returns FALSE
T7150 197:778.016 JLINK_IsHalted()
T7150 197:778.720 - 0.709ms returns FALSE
T7150 197:778.928 JLINK_IsHalted()
T7150 197:780.928 - 2.003ms returns FALSE
T7150 197:886.864 JLINK_IsHalted()
T7150 197:887.536 - 0.680ms returns FALSE
T7150 197:887.616 JLINK_IsHalted()
T7150 197:888.192 - 0.576ms returns FALSE
T7150 197:996.624 JLINK_IsHalted()
T7150 197:997.296 - 0.679ms returns FALSE
T7150 197:997.408 JLINK_IsHalted()
T7150 197:997.984 - 0.565ms returns FALSE
T9440 198:041.872 JLINK_IsHalted()
T9440 198:042.560 - 0.684ms returns FALSE
T9440 198:042.656 JLINK_IsHalted()
T9440 198:043.072 - 0.408ms returns FALSE
T7150 198:105.120 JLINK_IsHalted()
T7150 198:105.616 - 0.498ms returns FALSE
T7150 198:105.648 JLINK_IsHalted()
T7150 198:106.000 - 0.357ms returns FALSE
T7150 198:214.768 JLINK_IsHalted()
T7150 198:216.944 - 2.176ms returns FALSE
T7150 198:217.040 JLINK_IsHalted()
T7150 198:217.392 - 0.357ms returns FALSE
T7150 198:324.224 JLINK_IsHalted()
T7150 198:325.024 - 0.799ms returns FALSE
T7150 198:325.280 JLINK_IsHalted()
T7150 198:325.968 - 0.682ms returns FALSE
T7150 198:433.552 JLINK_IsHalted()
T7150 198:434.272 - 0.717ms returns FALSE
T7150 198:434.368 JLINK_IsHalted()
T7150 198:434.832 - 0.463ms returns FALSE
T7150 198:543.200 JLINK_IsHalted()
T7150 198:543.904 - 0.705ms returns FALSE
T7150 198:544.080 JLINK_IsHalted()
T7150 198:544.480 - 0.408ms returns FALSE
T7150 198:653.536 JLINK_IsHalted()
T7150 198:654.176 - 0.642ms returns FALSE
T7150 198:654.256 JLINK_IsHalted()
T7150 198:654.800 - 0.537ms returns FALSE
T7150 198:762.080 JLINK_IsHalted()
T7150 198:762.768 - 0.697ms returns FALSE
T7150 198:762.912 JLINK_IsHalted()
T7150 198:763.424 - 0.507ms returns FALSE
T7150 198:871.744 JLINK_IsHalted()
T7150 198:872.352 - 0.599ms returns FALSE
T7150 198:872.480 JLINK_IsHalted()
T7150 198:872.992 - 0.511ms returns FALSE
T7150 198:980.640 JLINK_IsHalted()
T7150 198:981.072 - 0.432ms returns FALSE
T7150 198:981.152 JLINK_IsHalted()
T7150 198:981.520 - 0.367ms returns FALSE
T9440 199:043.856 JLINK_IsHalted()
T9440 199:044.448 - 0.588ms returns FALSE
T9440 199:044.496 JLINK_IsHalted()
T9440 199:044.880 - 0.382ms returns FALSE
T7150 199:089.648 JLINK_IsHalted()
T7150 199:090.352 - 0.705ms returns FALSE
T7150 199:090.480 JLINK_IsHalted()
T7150 199:091.072 - 0.584ms returns FALSE
T7150 199:199.456 JLINK_IsHalted()
T7150 199:199.952 - 0.500ms returns FALSE
T7150 199:200.032 JLINK_IsHalted()
T7150 199:200.320 - 0.299ms returns FALSE
T7150 199:308.704 JLINK_IsHalted()
T7150 199:309.392 - 0.681ms returns FALSE
T7150 199:309.520 JLINK_IsHalted()
T7150 199:310.096 - 0.566ms returns FALSE
T7150 199:417.808 JLINK_IsHalted()
T7150 199:418.512 - 0.698ms returns FALSE
T7150 199:418.576 JLINK_IsHalted()
T7150 199:419.168 - 0.593ms returns FALSE
T7150 199:527.632 JLINK_IsHalted()
T7150 199:528.256 - 0.619ms returns FALSE
T7150 199:528.288 JLINK_IsHalted()
T7150 199:528.720 - 0.423ms returns FALSE
T7150 199:636.896 JLINK_IsHalted()
T7150 199:637.376 - 0.487ms returns FALSE
T7150 199:637.408 JLINK_IsHalted()
T7150 199:637.760 - 0.343ms returns FALSE
T7150 199:746.880 JLINK_IsHalted()
T7150 199:747.632 - 0.762ms returns FALSE
T7150 199:747.760 JLINK_IsHalted()
T7150 199:748.256 - 0.500ms returns FALSE
T7150 199:856.160 JLINK_IsHalted()
T7150 199:856.656 - 0.503ms returns FALSE
T7150 199:856.720 JLINK_IsHalted()
T7150 199:857.200 - 0.481ms returns FALSE
T7150 199:964.768 JLINK_IsHalted()
T7150 199:965.280 - 0.520ms returns FALSE
T7150 199:965.344 JLINK_IsHalted()
T7150 199:965.792 - 0.451ms returns FALSE
T9440 200:045.264 JLINK_IsHalted()
T9440 200:045.728 - 0.472ms returns FALSE
T9440 200:045.776 JLINK_IsHalted()
T9440 200:046.192 - 0.421ms returns FALSE
T7150 200:074.528 JLINK_IsHalted()
T7150 200:075.152 - 0.617ms returns FALSE
T7150 200:075.232 JLINK_IsHalted()
T7150 200:075.840 - 0.608ms returns FALSE
T7150 200:183.360 JLINK_IsHalted()
T7150 200:184.144 - 0.778ms returns FALSE
T7150 200:184.272 JLINK_IsHalted()
T7150 200:184.784 - 0.503ms returns FALSE
T7150 200:293.600 JLINK_IsHalted()
T7150 200:294.304 - 0.688ms returns FALSE
T7150 200:294.416 JLINK_IsHalted()
T7150 200:294.992 - 0.577ms returns FALSE
T7150 200:403.504 JLINK_IsHalted()
T7150 200:404.176 - 0.668ms returns FALSE
T7150 200:404.320 JLINK_IsHalted()
T7150 200:404.880 - 0.566ms returns FALSE
T7150 200:511.888 JLINK_IsHalted()
T7150 200:512.528 - 0.637ms returns FALSE
T7150 200:512.656 JLINK_IsHalted()
T7150 200:513.200 - 0.543ms returns FALSE
T7150 200:621.152 JLINK_IsHalted()
T7150 200:621.728 - 0.567ms returns FALSE
T7150 200:621.840 JLINK_IsHalted()
T7150 200:622.304 - 0.466ms returns FALSE
T7150 200:731.296 JLINK_IsHalted()
T7150 200:732.048 - 0.749ms returns FALSE
T7150 200:732.240 JLINK_IsHalted()
T7150 200:732.768 - 0.542ms returns FALSE
T7150 200:840.480 JLINK_IsHalted()
T7150 200:841.200 - 0.737ms returns FALSE
T7150 200:841.280 JLINK_IsHalted()
T7150 200:841.920 - 0.636ms returns FALSE
T7150 200:949.536 JLINK_IsHalted()
T7150 200:950.208 - 0.668ms returns FALSE
T7150 200:950.336 JLINK_IsHalted()
T7150 200:950.960 - 0.623ms returns FALSE
T9440 201:048.128 JLINK_IsHalted()
T9440 201:048.672 - 0.541ms returns FALSE
T9440 201:048.736 JLINK_IsHalted()
T9440 201:049.168 - 0.433ms returns FALSE
T7150 201:058.880 JLINK_IsHalted()
T7150 201:059.488 - 0.595ms returns FALSE
T7150 201:059.536 JLINK_IsHalted()
T7150 201:060.000 - 0.451ms returns FALSE
T7150 201:167.776 JLINK_IsHalted()
T7150 201:168.464 - 0.670ms returns FALSE
T7150 201:168.528 JLINK_IsHalted()
T7150 201:168.992 - 0.453ms returns FALSE
T7150 201:277.376 JLINK_IsHalted()
T7150 201:278.112 - 0.738ms returns FALSE
T7150 201:278.288 JLINK_IsHalted()
T7150 201:278.880 - 0.583ms returns FALSE
T7150 201:387.088 JLINK_IsHalted()
T7150 201:387.616 - 0.538ms returns FALSE
T7150 201:387.664 JLINK_IsHalted()
T7150 201:388.112 - 0.447ms returns FALSE
T7150 201:496.928 JLINK_IsHalted()
T7150 201:497.680 - 0.758ms returns FALSE
T7150 201:497.792 JLINK_IsHalted()
T7150 201:498.320 - 0.523ms returns FALSE
T7150 201:605.840 JLINK_IsHalted()
T7150 201:606.464 - 0.623ms returns FALSE
T7150 201:606.528 JLINK_IsHalted()
T7150 201:607.104 - 0.576ms returns FALSE
T7150 201:715.472 JLINK_IsHalted()
T7150 201:716.096 - 0.626ms returns FALSE
T7150 201:716.160 JLINK_IsHalted()
T7150 201:716.640 - 0.472ms returns FALSE
T7150 201:824.176 JLINK_IsHalted()
T7150 201:824.816 - 0.641ms returns FALSE
T7150 201:824.896 JLINK_IsHalted()
T7150 201:825.376 - 0.472ms returns FALSE
T7150 201:934.208 JLINK_IsHalted()
T7150 201:935.024 - 0.814ms returns FALSE
T7150 201:935.088 JLINK_IsHalted()
T7150 201:935.584 - 0.484ms returns FALSE
T7150 202:043.024 JLINK_IsHalted()
T7150 202:043.552 - 0.526ms returns FALSE
T7150 202:043.616 JLINK_IsHalted()
T7150 202:044.048 - 0.422ms returns FALSE
T9440 202:049.104 JLINK_IsHalted()
T9440 202:049.792 - 0.688ms returns FALSE
T9440 202:049.840 JLINK_IsHalted()
T9440 202:050.304 - 0.463ms returns FALSE
T7150 202:153.472 JLINK_IsHalted()
T7150 202:154.224 - 0.749ms returns FALSE
T7150 202:154.304 JLINK_IsHalted()
T7150 202:154.800 - 0.501ms returns FALSE
T7150 202:261.424 JLINK_IsHalted()
T7150 202:262.000 - 0.582ms returns FALSE
T7150 202:262.048 JLINK_IsHalted()
T7150 202:262.544 - 0.499ms returns FALSE
T7150 202:371.184 JLINK_IsHalted()
T7150 202:371.808 - 0.607ms returns FALSE
T7150 202:371.856 JLINK_IsHalted()
T7150 202:372.352 - 0.499ms returns FALSE
T7150 202:480.160 JLINK_IsHalted()
T7150 202:480.848 - 0.665ms returns FALSE
T7150 202:480.960 JLINK_IsHalted()
T7150 202:481.568 - 0.601ms returns FALSE
T7150 202:590.368 JLINK_IsHalted()
T7150 202:590.992 - 0.623ms returns FALSE
T7150 202:591.040 JLINK_IsHalted()
T7150 202:591.536 - 0.498ms returns FALSE
T7150 202:699.792 JLINK_IsHalted()
T7150 202:700.288 - 0.492ms returns FALSE
T7150 202:700.320 JLINK_IsHalted()
T7150 202:700.688 - 0.371ms returns FALSE
T7150 202:808.928 JLINK_IsHalted()
T7150 202:809.520 - 0.605ms returns FALSE
T7150 202:809.568 JLINK_IsHalted()
T7150 202:809.952 - 0.395ms returns FALSE
T7150 202:917.776 JLINK_IsHalted()
T7150 202:918.560 - 0.781ms returns FALSE
T7150 202:918.640 JLINK_IsHalted()
T7150 202:919.200 - 0.566ms returns FALSE
T7150 203:027.120 JLINK_IsHalted()
T7150 203:027.712 - 0.585ms returns FALSE
T7150 203:027.792 JLINK_IsHalted()
T7150 203:028.256 - 0.474ms returns FALSE
T9440 203:050.608 JLINK_IsHalted()
T9440 203:051.120 - 0.501ms returns FALSE
T9440 203:051.184 JLINK_IsHalted()
T9440 203:051.664 - 0.473ms returns FALSE
T7150 203:136.864 JLINK_IsHalted()
T7150 203:137.616 - 0.734ms returns FALSE
T7150 203:137.744 JLINK_IsHalted()
T7150 203:138.336 - 0.595ms returns FALSE
T7150 203:246.560 JLINK_IsHalted()
T7150 203:247.104 - 0.531ms returns FALSE
T7150 203:247.136 JLINK_IsHalted()
T7150 203:247.600 - 0.461ms returns FALSE
T7150 203:355.056 JLINK_IsHalted()
T7150 203:355.616 - 0.542ms returns FALSE
T7150 203:355.648 JLINK_IsHalted()
T7150 203:356.128 - 0.466ms returns FALSE
T7150 203:464.768 JLINK_IsHalted()
T7150 203:465.424 - 0.654ms returns FALSE
T7150 203:465.472 JLINK_IsHalted()
T7150 203:466.000 - 0.525ms returns FALSE
T7150 203:574.560 JLINK_IsHalted()
T7150 203:575.168 - 0.612ms returns FALSE
T7150 203:575.216 JLINK_IsHalted()
T7150 203:575.792 - 0.573ms returns FALSE
T7150 203:684.112 JLINK_IsHalted()
T7150 203:684.752 - 0.639ms returns FALSE
T7150 203:684.816 JLINK_IsHalted()
T7150 203:687.008 - 2.195ms returns FALSE
T7150 203:792.752 JLINK_IsHalted()
T7150 203:793.296 - 0.536ms returns FALSE
T7150 203:793.328 JLINK_IsHalted()
T7150 203:793.632 - 0.309ms returns FALSE
T7150 203:902.880 JLINK_IsHalted()
T7150 203:903.856 - 0.989ms returns FALSE
T7150 203:904.064 JLINK_IsHalted()
T7150 203:905.184 - 1.111ms returns FALSE
T7150 204:013.696 JLINK_IsHalted()
T7150 204:014.304 - 0.600ms returns FALSE
T7150 204:014.416 JLINK_IsHalted()
T7150 204:015.008 - 0.591ms returns FALSE
T9440 204:053.248 JLINK_IsHalted()
T9440 204:053.776 - 0.525ms returns FALSE
T9440 204:053.920 JLINK_IsHalted()
T9440 204:054.560 - 0.635ms returns FALSE
T7150 204:121.120 JLINK_IsHalted()
T7150 204:121.760 - 0.656ms returns FALSE
T7150 204:121.936 JLINK_IsHalted()
T7150 204:122.464 - 0.530ms returns FALSE
T7150 204:230.368 JLINK_IsHalted()
T7150 204:230.992 - 0.615ms returns FALSE
T7150 204:231.120 JLINK_IsHalted()
T7150 204:231.712 - 0.595ms returns FALSE
T7150 204:339.872 JLINK_IsHalted()
T7150 204:340.576 - 0.714ms returns FALSE
T7150 204:340.736 JLINK_IsHalted()
T7150 204:341.248 - 0.512ms returns FALSE
T7150 204:449.056 JLINK_IsHalted()
T7150 204:449.728 - 0.667ms returns FALSE
T7150 204:449.872 JLINK_IsHalted()
T7150 204:450.336 - 0.478ms returns FALSE
T7150 204:558.512 JLINK_IsHalted()
T7150 204:559.216 - 0.713ms returns FALSE
T7150 204:559.344 JLINK_IsHalted()
T7150 204:559.936 - 0.588ms returns FALSE
T7150 204:667.824 JLINK_IsHalted()
T7150 204:668.624 - 0.796ms returns FALSE
T7150 204:668.768 JLINK_IsHalted()
T7150 204:669.264 - 0.506ms returns FALSE
T7150 204:778.000 JLINK_IsHalted()
T7150 204:778.560 - 0.555ms returns FALSE
T7150 204:778.608 JLINK_IsHalted()
T7150 204:779.040 - 0.435ms returns FALSE
T7150 204:887.216 JLINK_IsHalted()
T7150 204:887.872 - 0.659ms returns FALSE
T7150 204:888.032 JLINK_IsHalted()
T7150 204:888.576 - 0.532ms returns FALSE
T7150 204:996.064 JLINK_IsHalted()
T7150 204:996.688 - 0.632ms returns FALSE
T7150 204:996.752 JLINK_IsHalted()
T7150 204:997.280 - 0.539ms returns FALSE
T9440 205:055.824 JLINK_IsHalted()
T9440 205:056.624 - 0.808ms returns FALSE
T9440 205:056.736 JLINK_IsHalted()
T9440 205:057.184 - 0.424ms returns FALSE
T7150 205:105.824 JLINK_IsHalted()
T7150 205:106.592 - 0.755ms returns FALSE
T7150 205:106.736 JLINK_IsHalted()
T7150 205:107.344 - 0.603ms returns FALSE
T7150 205:214.912 JLINK_IsHalted()
T7150 205:215.568 - 0.649ms returns FALSE
T7150 205:215.632 JLINK_IsHalted()
T7150 205:216.128 - 0.494ms returns FALSE
T7150 205:324.880 JLINK_IsHalted()
T7150 205:325.344 - 0.464ms returns FALSE
T7150 205:325.408 JLINK_IsHalted()
T7150 205:325.760 - 0.359ms returns FALSE
T7150 205:433.664 JLINK_IsHalted()
T7150 205:434.208 - 0.546ms returns FALSE
T7150 205:434.256 JLINK_IsHalted()
T7150 205:434.704 - 0.441ms returns FALSE
T7150 205:542.736 JLINK_IsHalted()
T7150 205:543.264 - 0.532ms returns FALSE
T7150 205:543.328 JLINK_IsHalted()
T7150 205:543.776 - 0.447ms returns FALSE
T7150 205:652.800 JLINK_IsHalted()
T7150 205:653.616 - 0.814ms returns FALSE
T7150 205:653.728 JLINK_IsHalted()
T7150 205:656.240 - 2.513ms returns FALSE
T7150 205:761.856 JLINK_IsHalted()
T7150 205:762.912 - 1.068ms returns FALSE
T7150 205:762.992 JLINK_IsHalted()
T7150 205:764.880 - 1.885ms returns FALSE
T7150 205:873.696 JLINK_IsHalted()
T7150 205:874.272 - 0.567ms returns FALSE
T7150 205:874.400 JLINK_IsHalted()
T7150 205:874.880 - 0.477ms returns FALSE
T7150 205:981.920 JLINK_IsHalted()
T7150 205:982.800 - 0.881ms returns FALSE
T7150 205:982.944 JLINK_IsHalted()
T7150 205:983.728 - 0.795ms returns FALSE
T9440 206:058.080 JLINK_IsHalted()
T9440 206:058.848 - 0.762ms returns FALSE
T9440 206:058.976 JLINK_IsHalted()
T9440 206:059.536 - 0.552ms returns FALSE
T7150 206:089.872 JLINK_IsHalted()
T7150 206:090.624 - 0.750ms returns FALSE
T7150 206:090.720 JLINK_IsHalted()
T7150 206:091.280 - 0.562ms returns FALSE
T7150 206:199.920 JLINK_IsHalted()
T7150 206:200.624 - 0.700ms returns FALSE
T7150 206:200.752 JLINK_IsHalted()
T7150 206:201.280 - 0.528ms returns FALSE
T7150 206:309.216 JLINK_IsHalted()
T7150 206:309.936 - 0.724ms returns FALSE
T7150 206:310.080 JLINK_IsHalted()
T7150 206:310.624 - 0.531ms returns FALSE
T7150 206:417.952 JLINK_IsHalted()
T7150 206:418.752 - 0.791ms returns FALSE
T7150 206:418.944 JLINK_IsHalted()
T7150 206:419.488 - 0.536ms returns FALSE
T7150 206:527.584 JLINK_IsHalted()
T7150 206:528.464 - 0.874ms returns FALSE
T7150 206:528.592 JLINK_IsHalted()
T7150 206:529.024 - 0.440ms returns FALSE
T7150 206:636.976 JLINK_IsHalted()
T7150 206:637.664 - 0.682ms returns FALSE
T7150 206:637.744 JLINK_IsHalted()
T7150 206:638.320 - 0.573ms returns FALSE
T7150 206:745.824 JLINK_IsHalted()
T7150 206:746.464 - 0.629ms returns FALSE
T7150 206:746.592 JLINK_IsHalted()
T7150 206:747.152 - 0.557ms returns FALSE
T7150 206:855.120 JLINK_IsHalted()
T7150 206:855.712 - 0.603ms returns FALSE
T7150 206:855.760 JLINK_IsHalted()
T7150 206:856.256 - 0.491ms returns FALSE
T7150 206:964.992 JLINK_IsHalted()
T7150 206:965.552 - 0.563ms returns FALSE
T7150 206:965.600 JLINK_IsHalted()
T7150 206:966.160 - 0.561ms returns FALSE
T9440 207:060.448 JLINK_IsHalted()
T9440 207:061.136 - 0.672ms returns FALSE
T9440 207:061.248 JLINK_IsHalted()
T9440 207:061.728 - 0.477ms returns FALSE
T7150 207:073.984 JLINK_IsHalted()
T7150 207:074.624 - 0.632ms returns FALSE
T7150 207:074.736 JLINK_IsHalted()
T7150 207:075.344 - 0.599ms returns FALSE
T7150 207:184.096 JLINK_IsHalted()
T7150 207:184.656 - 0.546ms returns FALSE
T7150 207:184.688 JLINK_IsHalted()
T7150 207:185.184 - 0.499ms returns FALSE
T7150 207:292.736 JLINK_IsHalted()
T7150 207:293.344 - 0.598ms returns FALSE
T7150 207:293.456 JLINK_IsHalted()
T7150 207:293.984 - 0.530ms returns FALSE
T7150 207:402.816 JLINK_IsHalted()
T7150 207:403.664 - 0.850ms returns FALSE
T7150 207:403.744 JLINK_IsHalted()
T7150 207:406.112 - 2.370ms returns FALSE
T7150 207:512.800 JLINK_IsHalted()
T7150 207:513.680 - 0.874ms returns FALSE
T7150 207:513.824 JLINK_IsHalted()
T7150 207:514.560 - 0.741ms returns FALSE
T7150 207:621.680 JLINK_IsHalted()
T7150 207:622.496 - 0.813ms returns FALSE
T7150 207:622.624 JLINK_IsHalted()
T7150 207:623.360 - 0.721ms returns FALSE
T7150 207:730.832 JLINK_IsHalted()
T7150 207:731.376 - 0.551ms returns FALSE
T7150 207:731.424 JLINK_IsHalted()
T7150 207:731.904 - 0.472ms returns FALSE
T7150 207:840.288 JLINK_IsHalted()
T7150 207:840.928 - 0.639ms returns FALSE
T7150 207:841.040 JLINK_IsHalted()
T7150 207:841.440 - 0.417ms returns FALSE
T7150 207:949.152 JLINK_IsHalted()
T7150 207:949.856 - 0.695ms returns FALSE
T7150 207:950.032 JLINK_IsHalted()
T7150 207:950.496 - 0.478ms returns FALSE
T7150 208:059.296 JLINK_IsHalted()
T7150 208:060.032 - 0.731ms returns FALSE
T7150 208:060.144 JLINK_IsHalted()
T7150 208:060.576 - 0.429ms returns FALSE
T9440 208:062.928 JLINK_IsHalted()
T9440 208:063.520 - 0.606ms returns FALSE
T9440 208:063.664 JLINK_IsHalted()
T9440 208:064.160 - 0.485ms returns FALSE
T7150 208:167.760 JLINK_IsHalted()
T7150 208:168.544 - 0.785ms returns FALSE
T7150 208:168.672 JLINK_IsHalted()
T7150 208:169.296 - 0.616ms returns FALSE
T7150 208:277.984 JLINK_IsHalted()
T7150 208:278.896 - 0.924ms returns FALSE
T7150 208:279.088 JLINK_IsHalted()
T7150 208:279.776 - 0.683ms returns FALSE
T7150 208:387.056 JLINK_IsHalted()
T7150 208:387.680 - 0.629ms returns FALSE
T7150 208:387.840 JLINK_IsHalted()
T7150 208:388.288 - 0.442ms returns FALSE
T7150 208:496.544 JLINK_IsHalted()
T7150 208:497.280 - 0.718ms returns FALSE
T7150 208:497.376 JLINK_IsHalted()
T7150 208:497.952 - 0.571ms returns FALSE
T7150 208:605.184 JLINK_IsHalted()
T7150 208:605.776 - 0.595ms returns FALSE
T7150 208:605.824 JLINK_IsHalted()
T7150 208:606.272 - 0.447ms returns FALSE
T7150 208:714.736 JLINK_IsHalted()
T7150 208:715.184 - 0.450ms returns FALSE
T7150 208:715.232 JLINK_IsHalted()
T7150 208:715.680 - 0.448ms returns FALSE
T7150 208:824.832 JLINK_IsHalted()
T7150 208:825.440 - 0.607ms returns FALSE
T7150 208:825.552 JLINK_IsHalted()
T7150 208:826.128 - 0.573ms returns FALSE
T7150 208:933.888 JLINK_IsHalted()
T7150 208:934.560 - 0.672ms returns FALSE
T7150 208:934.688 JLINK_IsHalted()
T7150 208:935.312 - 0.624ms returns FALSE
T7150 209:042.928 JLINK_IsHalted()
T7150 209:043.664 - 0.730ms returns FALSE
T7150 209:043.760 JLINK_IsHalted()
T7150 209:044.160 - 0.401ms returns FALSE
T9440 209:065.472 JLINK_IsHalted()
T9440 209:065.920 - 0.440ms returns FALSE
T9440 209:065.952 JLINK_IsHalted()
T9440 209:066.272 - 0.340ms returns FALSE
T7150 209:152.608 JLINK_IsHalted()
T7150 209:153.312 - 0.691ms returns FALSE
T7150 209:153.408 JLINK_IsHalted()
T7150 209:153.824 - 0.429ms returns FALSE
T7150 209:261.664 JLINK_IsHalted()
T7150 209:262.272 - 0.618ms returns FALSE
T7150 209:262.320 JLINK_IsHalted()
T7150 209:262.784 - 0.457ms returns FALSE
T7150 209:370.928 JLINK_IsHalted()
T7150 209:371.424 - 0.492ms returns FALSE
T7150 209:371.488 JLINK_IsHalted()
T7150 209:371.872 - 0.394ms returns FALSE
T7150 209:480.592 JLINK_IsHalted()
T7150 209:481.328 - 0.753ms returns FALSE
T7150 209:481.424 JLINK_IsHalted()
T7150 209:481.792 - 0.379ms returns FALSE
T7150 209:589.664 JLINK_IsHalted()
T7150 209:590.544 - 0.866ms returns FALSE
T7150 209:590.672 JLINK_IsHalted()
T7150 209:591.376 - 0.701ms returns FALSE
T7150 209:699.872 JLINK_IsHalted()
T7150 209:700.592 - 0.721ms returns FALSE
T7150 209:700.736 JLINK_IsHalted()
T7150 209:701.280 - 0.544ms returns FALSE
T7150 209:808.592 JLINK_IsHalted()
T7150 209:809.248 - 0.652ms returns FALSE
T7150 209:809.280 JLINK_IsHalted()
T7150 209:809.728 - 0.449ms returns FALSE
T7150 209:918.400 JLINK_IsHalted()
T7150 209:918.944 - 0.550ms returns FALSE
T7150 209:919.008 JLINK_IsHalted()
T7150 209:919.376 - 0.365ms returns FALSE
T7150 210:027.040 JLINK_IsHalted()
T7150 210:027.712 - 0.661ms returns FALSE
T7150 210:027.872 JLINK_IsHalted()
T7150 210:028.432 - 0.550ms returns FALSE
T9440 210:067.728 JLINK_IsHalted()
T9440 210:068.256 - 0.529ms returns FALSE
T9440 210:068.304 JLINK_IsHalted()
T9440 210:068.752 - 0.444ms returns FALSE
T7150 210:136.992 JLINK_IsHalted()
T7150 210:137.584 - 0.594ms returns FALSE
T7150 210:137.632 JLINK_IsHalted()
T7150 210:138.192 - 0.554ms returns FALSE
T7150 210:245.728 JLINK_IsHalted()
T7150 210:246.368 - 0.642ms returns FALSE
T7150 210:246.432 JLINK_IsHalted()
T7150 210:246.960 - 0.540ms returns FALSE
T7150 210:355.552 JLINK_IsHalted()
T7150 210:356.144 - 0.594ms returns FALSE
T7150 210:356.192 JLINK_IsHalted()
T7150 210:356.640 - 0.444ms returns FALSE
T7150 210:464.560 JLINK_IsHalted()
T7150 210:465.280 - 0.709ms returns FALSE
T7150 210:465.440 JLINK_IsHalted()
T7150 210:465.888 - 0.447ms returns FALSE
T7150 210:573.872 JLINK_IsHalted()
T7150 210:574.432 - 0.555ms returns FALSE
T7150 210:574.464 JLINK_IsHalted()
T7150 210:574.928 - 0.457ms returns FALSE
T7150 210:683.440 JLINK_IsHalted()
T7150 210:684.112 - 0.662ms returns FALSE
T7150 210:684.208 JLINK_IsHalted()
T7150 210:684.688 - 0.483ms returns FALSE
T7150 210:793.424 JLINK_IsHalted()
T7150 210:793.952 - 0.540ms returns FALSE
T7150 210:794.000 JLINK_IsHalted()
T7150 210:794.320 - 0.311ms returns FALSE
T7150 210:902.480 JLINK_IsHalted()
T7150 210:903.328 - 0.840ms returns FALSE
T7150 210:903.408 JLINK_IsHalted()
T7150 210:904.992 - 1.591ms returns FALSE
T7150 211:012.224 JLINK_IsHalted()
T7150 211:012.832 - 0.614ms returns FALSE
T7150 211:012.896 JLINK_IsHalted()
T7150 211:013.488 - 0.604ms returns FALSE
T9440 211:068.944 JLINK_IsHalted()
T9440 211:069.552 - 0.622ms returns FALSE
T9440 211:069.712 JLINK_IsHalted()
T9440 211:070.192 - 0.481ms returns FALSE
T7150 211:120.864 JLINK_IsHalted()
T7150 211:121.456 - 0.584ms returns FALSE
T7150 211:121.520 JLINK_IsHalted()
T7150 211:122.048 - 0.512ms returns FALSE
T7150 211:230.608 JLINK_IsHalted()
T7150 211:231.200 - 0.585ms returns FALSE
T7150 211:231.248 JLINK_IsHalted()
T7150 211:231.680 - 0.435ms returns FALSE
T7150 211:340.320 JLINK_IsHalted()
T7150 211:341.072 - 0.739ms returns FALSE
T7150 211:341.232 JLINK_IsHalted()
T7150 211:341.920 - 0.673ms returns FALSE
T7150 211:449.376 JLINK_IsHalted()
T7150 211:450.016 - 0.645ms returns FALSE
T7150 211:450.096 JLINK_IsHalted()
T7150 211:450.720 - 0.622ms returns FALSE
T7150 211:558.960 JLINK_IsHalted()
T7150 211:559.616 - 0.660ms returns FALSE
T7150 211:559.696 JLINK_IsHalted()
T7150 211:560.304 - 0.610ms returns FALSE
T7150 211:667.920 JLINK_IsHalted()
T7150 211:668.528 - 0.604ms returns FALSE
T7150 211:668.656 JLINK_IsHalted()
T7150 211:670.880 - 2.225ms returns FALSE
T7150 211:777.920 JLINK_IsHalted()
T7150 211:778.416 - 0.502ms returns FALSE
T7150 211:778.464 JLINK_IsHalted()
T7150 211:778.960 - 0.497ms returns FALSE
T7150 211:886.752 JLINK_IsHalted()
T7150 211:887.456 - 0.718ms returns FALSE
T7150 211:887.616 JLINK_IsHalted()
T7150 211:888.160 - 0.542ms returns FALSE
T7150 211:995.968 JLINK_IsHalted()
T7150 211:996.576 - 0.605ms returns FALSE
T7150 211:996.656 JLINK_IsHalted()
T7150 211:997.136 - 0.476ms returns FALSE
T9440 212:072.400 JLINK_IsHalted()
T9440 212:073.008 - 0.608ms returns FALSE
T9440 212:073.056 JLINK_IsHalted()
T9440 212:073.504 - 0.438ms returns FALSE
T7150 212:105.584 JLINK_IsHalted()
T7150 212:106.048 - 0.467ms returns FALSE
T7150 212:106.080 JLINK_IsHalted()
T7150 212:106.384 - 0.309ms returns FALSE
T7150 212:215.552 JLINK_IsHalted()
T7150 212:216.224 - 0.680ms returns FALSE
T7150 212:216.352 JLINK_IsHalted()
T7150 212:216.928 - 0.575ms returns FALSE
T7150 212:324.624 JLINK_IsHalted()
T7150 212:325.376 - 0.752ms returns FALSE
T7150 212:325.536 JLINK_IsHalted()
T7150 212:326.096 - 0.557ms returns FALSE
T7150 212:433.936 JLINK_IsHalted()
T7150 212:434.496 - 0.560ms returns FALSE
T7150 212:434.528 JLINK_IsHalted()
T7150 212:434.944 - 0.398ms returns FALSE
T7150 212:542.832 JLINK_IsHalted()
T7150 212:543.344 - 0.513ms returns FALSE
T7150 212:543.440 JLINK_IsHalted()
T7150 212:543.872 - 0.440ms returns FALSE
T7150 212:653.280 JLINK_IsHalted()
T7150 212:653.936 - 0.660ms returns FALSE
T7150 212:654.000 JLINK_IsHalted()
T7150 212:654.560 - 0.545ms returns FALSE
T7150 212:762.448 JLINK_IsHalted()
T7150 212:763.136 - 0.694ms returns FALSE
T7150 212:763.200 JLINK_IsHalted()
T7150 212:765.792 - 2.593ms returns FALSE
T7150 212:870.816 JLINK_IsHalted()
T7150 212:871.504 - 0.667ms returns FALSE
T7150 212:871.600 JLINK_IsHalted()
T7150 212:872.144 - 0.539ms returns FALSE
T7150 212:980.768 JLINK_IsHalted()
T7150 212:981.280 - 0.501ms returns FALSE
T7150 212:981.344 JLINK_IsHalted()
T7150 212:981.744 - 0.395ms returns FALSE
T9440 213:074.064 JLINK_IsHalted()
T9440 213:074.592 - 0.528ms returns FALSE
T9440 213:074.656 JLINK_IsHalted()
T9440 213:075.040 - 0.393ms returns FALSE
T7150 213:089.824 JLINK_IsHalted()
T7150 213:090.240 - 0.416ms returns FALSE
T7150 213:090.320 JLINK_IsHalted()
T7150 213:090.656 - 0.347ms returns FALSE
T7150 213:199.216 JLINK_IsHalted()
T7150 213:199.712 - 0.478ms returns FALSE
T7150 213:199.744 JLINK_IsHalted()
T7150 213:200.208 - 0.458ms returns FALSE
T7150 213:308.288 JLINK_IsHalted()
T7150 213:308.752 - 0.470ms returns FALSE
T7150 213:308.832 JLINK_IsHalted()
T7150 213:309.184 - 0.346ms returns FALSE
T7150 213:418.368 JLINK_IsHalted()
T7150 213:419.056 - 0.689ms returns FALSE
T7150 213:419.120 JLINK_IsHalted()
T7150 213:419.600 - 0.469ms returns FALSE
T7150 213:527.200 JLINK_IsHalted()
T7150 213:527.680 - 0.489ms returns FALSE
T7150 213:527.728 JLINK_IsHalted()
T7150 213:528.080 - 0.342ms returns FALSE
T7150 213:636.960 JLINK_IsHalted()
T7150 213:637.424 - 0.461ms returns FALSE
T7150 213:637.472 JLINK_IsHalted()
T7150 213:637.856 - 0.395ms returns FALSE
T7150 213:746.640 JLINK_IsHalted()
T7150 213:747.136 - 0.496ms returns FALSE
T7150 213:747.200 JLINK_IsHalted()
T7150 213:747.632 - 0.438ms returns FALSE
T7150 213:855.328 JLINK_IsHalted()
T7150 213:855.840 - 0.500ms returns FALSE
T7150 213:855.904 JLINK_IsHalted()
T7150 213:856.208 - 0.309ms returns FALSE
T7150 213:965.312 JLINK_IsHalted()
T7150 213:965.792 - 0.476ms returns FALSE
T7150 213:965.856 JLINK_IsHalted()
T7150 213:966.192 - 0.336ms returns FALSE
T7150 214:074.672 JLINK_IsHalted()
T7150 214:075.168 - 0.498ms returns FALSE
T7150 214:075.232 JLINK_IsHalted()
T7150 214:075.680 - 0.451ms returns FALSE
T9440 214:075.776 JLINK_IsHalted()
T9440 214:076.128 - 0.360ms returns FALSE
T9440 214:076.224 JLINK_IsHalted()
T9440 214:076.672 - 0.449ms returns FALSE
T7150 214:184.176 JLINK_IsHalted()
T7150 214:184.768 - 0.585ms returns FALSE
T7150 214:184.880 JLINK_IsHalted()
T7150 214:185.248 - 0.356ms returns FALSE
T7150 214:293.328 JLINK_IsHalted()
T7150 214:294.000 - 0.674ms returns FALSE
T7150 214:294.144 JLINK_IsHalted()
T7150 214:294.704 - 0.557ms returns FALSE
T7150 214:402.048 JLINK_IsHalted()
T7150 214:404.512 - 2.462ms returns FALSE
T7150 214:404.640 JLINK_IsHalted()
T7150 214:405.200 - 0.556ms returns FALSE
T7150 214:511.776 JLINK_IsHalted()
T7150 214:512.368 - 0.589ms returns FALSE
T7150 214:512.464 JLINK_IsHalted()
T7150 214:513.008 - 0.550ms returns FALSE
T7150 214:620.912 JLINK_IsHalted()
T7150 214:621.584 - 0.659ms returns FALSE
T7150 214:621.680 JLINK_IsHalted()
T7150 214:622.160 - 0.472ms returns FALSE
T7150 214:730.768 JLINK_IsHalted()
T7150 214:733.168 - 2.404ms returns FALSE
T7150 214:733.280 JLINK_IsHalted()
T7150 214:734.048 - 0.775ms returns FALSE
T7150 214:839.904 JLINK_IsHalted()
T7150 214:840.496 - 0.587ms returns FALSE
T7150 214:840.544 JLINK_IsHalted()
T7150 214:840.960 - 0.390ms returns FALSE
T7150 214:949.216 JLINK_IsHalted()
T7150 214:949.856 - 0.648ms returns FALSE
T7150 214:950.016 JLINK_IsHalted()
T7150 214:950.576 - 0.563ms returns FALSE
T7150 215:058.336 JLINK_IsHalted()
T7150 215:058.896 - 0.542ms returns FALSE
T7150 215:058.944 JLINK_IsHalted()
T7150 215:059.280 - 0.339ms returns FALSE
T9440 215:078.368 JLINK_IsHalted()
T9440 215:078.944 - 0.555ms returns FALSE
T9440 215:078.992 JLINK_IsHalted()
T9440 215:079.472 - 0.493ms returns FALSE
T7150 215:168.768 JLINK_IsHalted()
T7150 215:169.376 - 0.609ms returns FALSE
T7150 215:169.440 JLINK_IsHalted()
T7150 215:169.872 - 0.422ms returns FALSE
T7150 215:278.048 JLINK_IsHalted()
T7150 215:278.672 - 0.597ms returns FALSE
T7150 215:278.720 JLINK_IsHalted()
T7150 215:279.312 - 0.588ms returns FALSE
T7150 215:386.416 JLINK_IsHalted()
T7150 215:387.040 - 0.625ms returns FALSE
T7150 215:387.104 JLINK_IsHalted()
T7150 215:387.728 - 0.591ms returns FALSE
T7150 215:495.728 JLINK_IsHalted()
T7150 215:496.272 - 0.557ms returns FALSE
T7150 215:496.320 JLINK_IsHalted()
T7150 215:496.736 - 0.395ms returns FALSE
T7150 215:605.344 JLINK_IsHalted()
T7150 215:605.920 - 0.564ms returns FALSE
T7150 215:605.968 JLINK_IsHalted()
T7150 215:606.400 - 0.449ms returns FALSE
T7150 215:715.152 JLINK_IsHalted()
T7150 215:715.792 - 0.641ms returns FALSE
T7150 215:715.840 JLINK_IsHalted()
T7150 215:716.224 - 0.397ms returns FALSE
T7150 215:823.904 JLINK_IsHalted()
T7150 215:824.592 - 0.687ms returns FALSE
T7150 215:824.688 JLINK_IsHalted()
T7150 215:825.200 - 0.520ms returns FALSE
T7150 215:933.776 JLINK_IsHalted()
T7150 215:934.288 - 0.503ms returns FALSE
T7150 215:934.336 JLINK_IsHalted()
T7150 215:934.688 - 0.341ms returns FALSE
T7150 216:042.784 JLINK_IsHalted()
T7150 216:043.360 - 0.584ms returns FALSE
T7150 216:043.520 JLINK_IsHalted()
T7150 216:044.112 - 0.568ms returns FALSE
T9440 216:080.384 JLINK_IsHalted()
T9440 216:080.944 - 0.542ms returns FALSE
T9440 216:081.056 JLINK_IsHalted()
T9440 216:081.504 - 0.463ms returns FALSE
T7150 216:153.184 JLINK_IsHalted()
T7150 216:155.168 - 1.948ms returns FALSE
T7150 216:155.216 JLINK_IsHalted()
T7150 216:155.744 - 0.548ms returns FALSE
T7150 216:262.096 JLINK_IsHalted()
T7150 216:262.880 - 0.779ms returns FALSE
T7150 216:263.072 JLINK_IsHalted()
T7150 216:263.680 - 0.631ms returns FALSE
T7150 216:371.744 JLINK_IsHalted()
T7150 216:372.384 - 0.640ms returns FALSE
T7150 216:372.448 JLINK_IsHalted()
T7150 216:372.896 - 0.446ms returns FALSE
T7150 216:480.848 JLINK_IsHalted()
T7150 216:481.408 - 0.558ms returns FALSE
T7150 216:481.456 JLINK_IsHalted()
T7150 216:481.840 - 0.378ms returns FALSE
T7150 216:590.208 JLINK_IsHalted()
T7150 216:590.624 - 0.424ms returns FALSE
T7150 216:590.688 JLINK_IsHalted()
T7150 216:591.056 - 0.360ms returns FALSE
T7150 216:699.088 JLINK_IsHalted()
T7150 216:699.728 - 0.641ms returns FALSE
T7150 216:699.856 JLINK_IsHalted()
T7150 216:700.320 - 0.454ms returns FALSE
T7150 216:808.624 JLINK_IsHalted()
T7150 216:809.344 - 0.725ms returns FALSE
T7150 216:809.472 JLINK_IsHalted()
T7150 216:810.016 - 0.529ms returns FALSE
T7150 216:918.144 JLINK_IsHalted()
T7150 216:918.784 - 0.617ms returns FALSE
T7150 216:918.880 JLINK_IsHalted()
T7150 216:919.504 - 0.594ms returns FALSE
T7150 217:027.168 JLINK_IsHalted()
T7150 217:027.936 - 0.789ms returns FALSE
T7150 217:028.128 JLINK_IsHalted()
T7150 217:028.688 - 0.573ms returns FALSE
T9440 217:083.264 JLINK_IsHalted()
T9440 217:083.872 - 0.603ms returns FALSE
T9440 217:084.032 JLINK_IsHalted()
T9440 217:084.544 - 0.503ms returns FALSE
T7150 217:136.720 JLINK_IsHalted()
T7150 217:137.120 - 0.406ms returns FALSE
T7150 217:137.184 JLINK_IsHalted()
T7150 217:137.504 - 0.331ms returns FALSE
T7150 217:246.128 JLINK_IsHalted()
T7150 217:246.768 - 0.641ms returns FALSE
T7150 217:246.928 JLINK_IsHalted()
T7150 217:247.392 - 0.464ms returns FALSE
T7150 217:356.000 JLINK_IsHalted()
T7150 217:356.544 - 0.543ms returns FALSE
T7150 217:356.592 JLINK_IsHalted()
T7150 217:357.008 - 0.410ms returns FALSE
T7150 217:465.632 JLINK_IsHalted()
T7150 217:466.576 - 0.930ms returns FALSE
T7150 217:466.720 JLINK_IsHalted()
T7150 217:467.392 - 0.661ms returns FALSE
T7150 217:574.752 JLINK_IsHalted()
T7150 217:575.216 - 0.458ms returns FALSE
T7150 217:575.248 JLINK_IsHalted()
T7150 217:575.600 - 0.359ms returns FALSE
T7150 217:683.664 JLINK_IsHalted()
T7150 217:684.400 - 0.752ms returns FALSE
T7150 217:684.560 JLINK_IsHalted()
T7150 217:685.072 - 0.500ms returns FALSE
T7150 217:793.184 JLINK_IsHalted()
T7150 217:793.792 - 0.628ms returns FALSE
T7150 217:793.840 JLINK_IsHalted()
T7150 217:794.336 - 0.480ms returns FALSE
T7150 217:903.696 JLINK_IsHalted()
T7150 217:904.336 - 0.651ms returns FALSE
T7150 217:904.464 JLINK_IsHalted()
T7150 217:904.992 - 0.525ms returns FALSE
T7150 218:011.728 JLINK_IsHalted()
T7150 218:012.512 - 0.795ms returns FALSE
T7150 218:012.544 JLINK_IsHalted()
T7150 218:013.184 - 0.623ms returns FALSE
T9440 218:085.936 JLINK_IsHalted()
T9440 218:086.608 - 0.686ms returns FALSE
T9440 218:086.752 JLINK_IsHalted()
T9440 218:087.216 - 0.472ms returns FALSE
T7150 218:121.904 JLINK_IsHalted()
T7150 218:122.592 - 0.674ms returns FALSE
T7150 218:122.752 JLINK_IsHalted()
T7150 218:123.264 - 0.522ms returns FALSE
T7150 218:231.808 JLINK_IsHalted()
T7150 218:232.624 - 0.815ms returns FALSE
T7150 218:232.752 JLINK_IsHalted()
T7150 218:233.344 - 0.572ms returns FALSE
T7150 218:339.888 JLINK_IsHalted()
T7150 218:340.656 - 0.751ms returns FALSE
T7150 218:340.736 JLINK_IsHalted()
T7150 218:341.296 - 0.564ms returns FALSE
T7150 218:448.992 JLINK_IsHalted()
T7150 218:449.536 - 0.543ms returns FALSE
T7150 218:449.584 JLINK_IsHalted()
T7150 218:450.000 - 0.421ms returns FALSE
T7150 218:558.800 JLINK_IsHalted()
T7150 218:559.392 - 0.586ms returns FALSE
T7150 218:559.456 JLINK_IsHalted()
T7150 218:559.968 - 0.508ms returns FALSE
T7150 218:667.744 JLINK_IsHalted()
T7150 218:668.368 - 0.616ms returns FALSE
T7150 218:668.496 JLINK_IsHalted()
T7150 218:668.928 - 0.440ms returns FALSE
T7150 218:777.056 JLINK_IsHalted()
T7150 218:777.776 - 0.720ms returns FALSE
T7150 218:777.888 JLINK_IsHalted()
T7150 218:778.496 - 0.594ms returns FALSE
T7150 218:886.736 JLINK_IsHalted()
T7150 218:887.248 - 0.491ms returns FALSE
T7150 218:887.264 JLINK_IsHalted()
T7150 218:887.584 - 0.326ms returns FALSE
T7150 218:995.936 JLINK_IsHalted()
T7150 218:996.432 - 0.503ms returns FALSE
T7150 218:996.480 JLINK_IsHalted()
T7150 218:996.912 - 0.440ms returns FALSE
T9440 219:088.848 JLINK_IsHalted()
T9440 219:089.616 - 0.747ms returns FALSE
T9440 219:089.760 JLINK_IsHalted()
T9440 219:090.336 - 0.570ms returns FALSE
T7150 219:105.744 JLINK_IsHalted()
T7150 219:106.384 - 0.635ms returns FALSE
T7150 219:106.528 JLINK_IsHalted()
T7150 219:107.024 - 0.501ms returns FALSE
T7150 219:215.456 JLINK_IsHalted()
T7150 219:216.304 - 0.849ms returns FALSE
T7150 219:216.432 JLINK_IsHalted()
T7150 219:217.056 - 0.618ms returns FALSE
T7150 219:324.704 JLINK_IsHalted()
T7150 219:325.312 - 0.626ms returns FALSE
T7150 219:325.408 JLINK_IsHalted()
T7150 219:325.904 - 0.488ms returns FALSE
T7150 219:433.824 JLINK_IsHalted()
T7150 219:434.448 - 0.602ms returns FALSE
T7150 219:434.528 JLINK_IsHalted()
T7150 219:435.184 - 0.674ms returns FALSE
T7150 219:543.552 JLINK_IsHalted()
T7150 219:544.400 - 0.840ms returns FALSE
T7150 219:544.544 JLINK_IsHalted()
T7150 219:545.056 - 0.524ms returns FALSE
T7150 219:653.088 JLINK_IsHalted()
T7150 219:653.760 - 0.661ms returns FALSE
T7150 219:653.840 JLINK_IsHalted()
T7150 219:654.320 - 0.465ms returns FALSE
T7150 219:761.696 JLINK_IsHalted()
T7150 219:763.632 - 1.944ms returns FALSE
T7150 219:763.760 JLINK_IsHalted()
T7150 219:764.224 - 0.463ms returns FALSE
T7150 219:871.744 JLINK_IsHalted()
T7150 219:872.560 - 0.812ms returns FALSE
T7150 219:872.672 JLINK_IsHalted()
T7150 219:873.104 - 0.435ms returns FALSE
T7150 219:980.704 JLINK_IsHalted()
T7150 219:981.184 - 0.485ms returns FALSE
T7150 219:981.232 JLINK_IsHalted()
T7150 219:981.600 - 0.337ms returns FALSE
T7150 220:089.648 JLINK_IsHalted()
T7150 220:090.320 - 0.665ms returns FALSE
T7150 220:090.496 JLINK_IsHalted()
T7150 220:091.040 - 0.557ms returns FALSE
T9440 220:091.216 JLINK_IsHalted()
T9440 220:091.776 - 0.586ms returns FALSE
T9440 220:091.904 JLINK_IsHalted()
T9440 220:092.464 - 0.559ms returns FALSE
T7150 220:200.032 JLINK_IsHalted()
T7150 220:200.784 - 0.755ms returns FALSE
T7150 220:200.912 JLINK_IsHalted()
T7150 220:201.472 - 0.570ms returns FALSE
T7150 220:308.304 JLINK_IsHalted()
T7150 220:308.912 - 0.622ms returns FALSE
T7150 220:309.040 JLINK_IsHalted()
T7150 220:309.632 - 0.588ms returns FALSE
T7150 220:418.656 JLINK_IsHalted()
T7150 220:419.488 - 0.799ms returns FALSE
T7150 220:419.616 JLINK_IsHalted()
T7150 220:420.096 - 0.485ms returns FALSE
T7150 220:527.184 JLINK_IsHalted()
T7150 220:528.080 - 0.892ms returns FALSE
T7150 220:528.208 JLINK_IsHalted()
T7150 220:528.720 - 0.522ms returns FALSE
T7150 220:636.624 JLINK_IsHalted()
T7150 220:637.232 - 0.618ms returns FALSE
T7150 220:637.360 JLINK_IsHalted()
T7150 220:637.872 - 0.503ms returns FALSE
T7150 220:746.064 JLINK_IsHalted()
T7150 220:746.672 - 0.627ms returns FALSE
T7150 220:746.832 JLINK_IsHalted()
T7150 220:747.392 - 0.560ms returns FALSE
T7150 220:855.520 JLINK_IsHalted()
T7150 220:856.272 - 0.738ms returns FALSE
T7150 220:856.448 JLINK_IsHalted()
T7150 220:857.216 - 0.763ms returns FALSE
T7150 220:964.816 JLINK_IsHalted()
T7150 220:965.552 - 0.741ms returns FALSE
T7150 220:965.712 JLINK_IsHalted()
T7150 220:966.272 - 0.559ms returns FALSE
T7150 221:076.352 JLINK_IsHalted()
T7150 221:077.216 - 0.858ms returns FALSE
T7150 221:077.344 JLINK_IsHalted()
T7150 221:078.048 - 0.683ms returns FALSE
T9440 221:094.304 JLINK_IsHalted()
T9440 221:095.136 - 0.853ms returns FALSE
T9440 221:095.296 JLINK_IsHalted()
T9440 221:095.888 - 0.606ms returns FALSE
T7150 221:184.176 JLINK_IsHalted()
T7150 221:184.928 - 0.726ms returns FALSE
T7150 221:185.024 JLINK_IsHalted()
T7150 221:185.712 - 0.678ms returns FALSE
T7150 221:293.088 JLINK_IsHalted()
T7150 221:293.744 - 0.660ms returns FALSE
T7150 221:293.872 JLINK_IsHalted()
T7150 221:294.496 - 0.596ms returns FALSE
T7150 221:402.592 JLINK_IsHalted()
T7150 221:403.264 - 0.653ms returns FALSE
T7150 221:403.312 JLINK_IsHalted()
T7150 221:403.952 - 0.614ms returns FALSE
T7150 221:511.632 JLINK_IsHalted()
T7150 221:512.544 - 0.933ms returns FALSE
T7150 221:512.656 JLINK_IsHalted()
T7150 221:513.136 - 0.484ms returns FALSE
T7150 221:621.472 JLINK_IsHalted()
T7150 221:622.432 - 0.927ms returns FALSE
T7150 221:622.528 JLINK_IsHalted()
T7150 221:622.960 - 0.429ms returns FALSE
T7150 221:730.128 JLINK_IsHalted()
T7150 221:730.640 - 0.506ms returns FALSE
T7150 221:730.688 JLINK_IsHalted()
T7150 221:731.072 - 0.375ms returns FALSE
T7150 221:840.352 JLINK_IsHalted()
T7150 221:842.784 - 2.429ms returns FALSE
T7150 221:842.864 JLINK_IsHalted()
T7150 221:843.200 - 0.340ms returns FALSE
T7150 221:949.488 JLINK_IsHalted()
T7150 221:950.160 - 0.661ms returns FALSE
T7150 221:950.256 JLINK_IsHalted()
T7150 221:950.816 - 0.584ms returns FALSE
T7150 222:058.928 JLINK_IsHalted()
T7150 222:059.568 - 0.653ms returns FALSE
T7150 222:059.616 JLINK_IsHalted()
T7150 222:060.000 - 0.387ms returns FALSE
T9440 222:096.288 JLINK_IsHalted()
T9440 222:097.104 - 0.833ms returns FALSE
T9440 222:097.200 JLINK_IsHalted()
T9440 222:097.744 - 0.537ms returns FALSE
T7150 222:168.608 JLINK_IsHalted()
T7150 222:169.248 - 0.630ms returns FALSE
T7150 222:169.344 JLINK_IsHalted()
T7150 222:169.808 - 0.457ms returns FALSE
T7150 222:277.856 JLINK_IsHalted()
T7150 222:278.432 - 0.556ms returns FALSE
T7150 222:278.560 JLINK_IsHalted()
T7150 222:279.088 - 0.536ms returns FALSE
T7150 222:386.688 JLINK_IsHalted()
T7150 222:387.360 - 0.687ms returns FALSE
T7150 222:387.456 JLINK_IsHalted()
T7150 222:388.128 - 0.657ms returns FALSE
T7150 222:496.688 JLINK_IsHalted()
T7150 222:497.360 - 0.682ms returns FALSE
T7150 222:497.440 JLINK_IsHalted()
T7150 222:497.920 - 0.494ms returns FALSE
T7150 222:605.616 JLINK_IsHalted()
T7150 222:606.416 - 0.787ms returns FALSE
T7150 222:606.544 JLINK_IsHalted()
T7150 222:607.104 - 0.555ms returns FALSE
T7150 222:714.576 JLINK_IsHalted()
T7150 222:715.104 - 0.536ms returns FALSE
T7150 222:715.184 JLINK_IsHalted()
T7150 222:715.648 - 0.467ms returns FALSE
T7150 222:824.800 JLINK_IsHalted()
T7150 222:825.376 - 0.549ms returns FALSE
T7150 222:825.392 JLINK_IsHalted()
T7150 222:825.824 - 0.430ms returns FALSE
T7150 222:933.376 JLINK_IsHalted()
T7150 222:933.968 - 0.593ms returns FALSE
T7150 222:934.016 JLINK_IsHalted()
T7150 222:934.480 - 0.467ms returns FALSE
T7150 223:043.248 JLINK_IsHalted()
T7150 223:043.744 - 0.496ms returns FALSE
T7150 223:043.792 JLINK_IsHalted()
T7150 223:044.192 - 0.407ms returns FALSE
T9440 223:098.336 JLINK_IsHalted()
T9440 223:099.040 - 0.681ms returns FALSE
T9440 223:099.136 JLINK_IsHalted()
T9440 223:099.616 - 0.479ms returns FALSE
T7150 223:152.336 JLINK_IsHalted()
T7150 223:152.992 - 0.669ms returns FALSE
T7150 223:153.104 JLINK_IsHalted()
T7150 223:153.568 - 0.479ms returns FALSE
T7150 223:261.696 JLINK_IsHalted()
T7150 223:262.368 - 0.675ms returns FALSE
T7150 223:262.512 JLINK_IsHalted()
T7150 223:263.056 - 0.549ms returns FALSE
T7150 223:371.296 JLINK_IsHalted()
T7150 223:372.160 - 0.851ms returns FALSE
T7150 223:372.288 JLINK_IsHalted()
T7150 223:372.800 - 0.510ms returns FALSE
T7150 223:481.040 JLINK_IsHalted()
T7150 223:481.696 - 0.668ms returns FALSE
T7150 223:481.808 JLINK_IsHalted()
T7150 223:482.320 - 0.512ms returns FALSE
T7150 223:590.144 JLINK_IsHalted()
T7150 223:590.816 - 0.666ms returns FALSE
T7150 223:590.944 JLINK_IsHalted()
T7150 223:591.584 - 0.623ms returns FALSE
T7150 223:699.808 JLINK_IsHalted()
T7150 223:700.640 - 0.831ms returns FALSE
T7150 223:700.768 JLINK_IsHalted()
T7150 223:701.376 - 0.599ms returns FALSE
T7150 223:808.976 JLINK_IsHalted()
T7150 223:809.504 - 0.538ms returns FALSE
T7150 223:809.536 JLINK_IsHalted()
T7150 223:809.920 - 0.384ms returns FALSE
T7150 223:918.160 JLINK_IsHalted()
T7150 223:918.752 - 0.604ms returns FALSE
T7150 223:918.800 JLINK_IsHalted()
T7150 223:919.184 - 0.375ms returns FALSE
T7150 224:027.136 JLINK_IsHalted()
T7150 224:027.680 - 0.558ms returns FALSE
T7150 224:027.744 JLINK_IsHalted()
T7150 224:028.160 - 0.406ms returns FALSE
T9440 224:106.336 JLINK_IsHalted()
T9440 224:107.232 - 0.911ms returns FALSE
T9440 224:107.360 JLINK_IsHalted()
T9440 224:107.856 - 0.476ms returns FALSE
T7150 224:137.392 JLINK_IsHalted()
T7150 224:138.032 - 0.634ms returns FALSE
T7150 224:138.064 JLINK_IsHalted()
T7150 224:138.528 - 0.448ms returns FALSE
T7150 224:246.400 JLINK_IsHalted()
T7150 224:246.912 - 0.530ms returns FALSE
T7150 224:246.944 JLINK_IsHalted()
T7150 224:247.264 - 0.320ms returns FALSE
T7150 224:355.456 JLINK_IsHalted()
T7150 224:356.144 - 0.690ms returns FALSE
T7150 224:356.224 JLINK_IsHalted()
T7150 224:356.656 - 0.420ms returns FALSE
T7150 224:465.328 JLINK_IsHalted()
T7150 224:465.920 - 0.604ms returns FALSE
T7150 224:466.048 JLINK_IsHalted()
T7150 224:466.608 - 0.558ms returns FALSE
T7150 224:574.848 JLINK_IsHalted()
T7150 224:575.520 - 0.670ms returns FALSE
T7150 224:575.568 JLINK_IsHalted()
T7150 224:577.920 - 2.350ms returns FALSE
T7150 224:684.032 JLINK_IsHalted()
T7150 224:684.720 - 0.688ms returns FALSE
T7150 224:684.768 JLINK_IsHalted()
T7150 224:685.232 - 0.450ms returns FALSE
T7150 224:793.648 JLINK_IsHalted()
T7150 224:794.240 - 0.595ms returns FALSE
T7150 224:794.288 JLINK_IsHalted()
T7150 224:794.784 - 0.486ms returns FALSE
T7150 224:902.112 JLINK_IsHalted()
T7150 224:902.656 - 0.538ms returns FALSE
T7150 224:902.736 JLINK_IsHalted()
T7150 224:903.248 - 0.502ms returns FALSE
T7150 225:012.784 JLINK_IsHalted()
T7150 225:013.424 - 0.631ms returns FALSE
T7150 225:013.536 JLINK_IsHalted()
T7150 225:014.064 - 0.531ms returns FALSE
T9440 225:108.000 JLINK_IsHalted()
T9440 225:108.432 - 0.441ms returns FALSE
T9440 225:108.512 JLINK_IsHalted()
T9440 225:108.896 - 0.391ms returns FALSE
T7150 225:121.200 JLINK_IsHalted()
T7150 225:121.968 - 0.762ms returns FALSE
T7150 225:122.096 JLINK_IsHalted()
T7150 225:122.528 - 0.437ms returns FALSE
T7150 225:231.392 JLINK_IsHalted()
T7150 225:232.048 - 0.676ms returns FALSE
T7150 225:232.160 JLINK_IsHalted()
T7150 225:232.736 - 0.585ms returns FALSE
T7150 225:339.616 JLINK_IsHalted()
T7150 225:340.320 - 0.689ms returns FALSE
T7150 225:340.336 JLINK_IsHalted()
T7150 225:340.832 - 0.466ms returns FALSE
T7150 225:449.552 JLINK_IsHalted()
T7150 225:450.320 - 0.761ms returns FALSE
T7150 225:450.496 JLINK_IsHalted()
T7150 225:451.088 - 0.587ms returns FALSE
T7150 225:558.688 JLINK_IsHalted()
T7150 225:559.328 - 0.636ms returns FALSE
T7150 225:559.376 JLINK_IsHalted()
T7150 225:559.904 - 0.538ms returns FALSE
T7150 225:668.512 JLINK_IsHalted()
T7150 225:669.040 - 0.532ms returns FALSE
T7150 225:669.088 JLINK_IsHalted()
T7150 225:669.600 - 0.522ms returns FALSE
T7150 225:777.504 JLINK_IsHalted()
T7150 225:778.304 - 0.793ms returns FALSE
T7150 225:778.464 JLINK_IsHalted()
T7150 225:779.072 - 0.625ms returns FALSE
T7150 225:887.392 JLINK_IsHalted()
T7150 225:888.032 - 0.643ms returns FALSE
T7150 225:888.128 JLINK_IsHalted()
T7150 225:888.592 - 0.464ms returns FALSE
T7150 225:996.208 JLINK_IsHalted()
T7150 225:996.768 - 0.568ms returns FALSE
T7150 225:996.832 JLINK_IsHalted()
T7150 225:997.264 - 0.446ms returns FALSE
T7150 226:105.504 JLINK_IsHalted()
T7150 226:106.080 - 0.596ms returns FALSE
T7150 226:106.208 JLINK_IsHalted()
T7150 226:106.800 - 0.576ms returns FALSE
T9440 226:109.664 JLINK_IsHalted()
T9440 226:110.240 - 0.558ms returns FALSE
T9440 226:110.288 JLINK_IsHalted()
T9440 226:110.688 - 0.411ms returns FALSE
T7150 226:215.008 JLINK_IsHalted()
T7150 226:215.776 - 0.782ms returns FALSE
T7150 226:215.904 JLINK_IsHalted()
T7150 226:216.480 - 0.566ms returns FALSE
T7150 226:324.192 JLINK_IsHalted()
T7150 226:324.784 - 0.608ms returns FALSE
T7150 226:324.832 JLINK_IsHalted()
T7150 226:325.280 - 0.443ms returns FALSE
T7150 226:433.312 JLINK_IsHalted()
T7150 226:433.888 - 0.578ms returns FALSE
T7150 226:434.016 JLINK_IsHalted()
T7150 226:435.616 - 1.597ms returns FALSE
T7150 226:543.056 JLINK_IsHalted()
T7150 226:543.664 - 0.612ms returns FALSE
T7150 226:543.744 JLINK_IsHalted()
T7150 226:544.096 - 0.372ms returns FALSE
T7150 226:652.720 JLINK_IsHalted()
T7150 226:653.344 - 0.598ms returns FALSE
T7150 226:653.472 JLINK_IsHalted()
T7150 226:653.952 - 0.497ms returns FALSE
T7150 226:761.904 JLINK_IsHalted()
T7150 226:762.528 - 0.613ms returns FALSE
T7150 226:762.592 JLINK_IsHalted()
T7150 226:763.088 - 0.482ms returns FALSE
T7150 226:871.840 JLINK_IsHalted()
T7150 226:872.544 - 0.710ms returns FALSE
T7150 226:872.624 JLINK_IsHalted()
T7150 226:873.120 - 0.500ms returns FALSE
T7150 226:980.896 JLINK_IsHalted()
T7150 226:981.712 - 0.809ms returns FALSE
T7150 226:981.840 JLINK_IsHalted()
T7150 226:982.304 - 0.453ms returns FALSE
T7150 227:089.664 JLINK_IsHalted()
T7150 227:090.144 - 0.500ms returns FALSE
T7150 227:090.224 JLINK_IsHalted()
T7150 227:090.656 - 0.419ms returns FALSE
T9440 227:112.368 JLINK_IsHalted()
T9440 227:112.960 - 0.569ms returns FALSE
T9440 227:113.040 JLINK_IsHalted()
T9440 227:113.520 - 0.487ms returns FALSE
T7150 227:199.136 JLINK_IsHalted()
T7150 227:199.712 - 0.590ms returns FALSE
T7150 227:199.776 JLINK_IsHalted()
T7150 227:200.176 - 0.394ms returns FALSE
T7150 227:310.240 JLINK_IsHalted()
T7150 227:310.880 - 0.632ms returns FALSE
T7150 227:311.008 JLINK_IsHalted()
T7150 227:311.456 - 0.458ms returns FALSE
T7150 227:417.936 JLINK_IsHalted()
T7150 227:418.464 - 0.546ms returns FALSE
T7150 227:418.528 JLINK_IsHalted()
T7150 227:418.880 - 0.357ms returns FALSE
T7150 227:527.936 JLINK_IsHalted()
T7150 227:529.136 - 1.202ms returns FALSE
T7150 227:529.216 JLINK_IsHalted()
T7150 227:529.680 - 0.468ms returns FALSE
T7150 227:636.992 JLINK_IsHalted()
T7150 227:637.456 - 0.438ms returns FALSE
T7150 227:637.504 JLINK_IsHalted()
T7150 227:637.792 - 0.294ms returns FALSE
T7150 227:746.208 JLINK_IsHalted()
T7150 227:746.784 - 0.591ms returns FALSE
T7150 227:746.848 JLINK_IsHalted()
T7150 227:747.280 - 0.442ms returns FALSE
T7150 227:855.312 JLINK_IsHalted()
T7150 227:855.824 - 0.514ms returns FALSE
T7150 227:855.872 JLINK_IsHalted()
T7150 227:856.208 - 0.320ms returns FALSE
T7150 227:965.472 JLINK_IsHalted()
T7150 227:966.240 - 0.744ms returns FALSE
T7150 227:966.336 JLINK_IsHalted()
T7150 227:966.880 - 0.522ms returns FALSE
T7150 228:074.080 JLINK_IsHalted()
T7150 228:074.672 - 0.584ms returns FALSE
T7150 228:074.752 JLINK_IsHalted()
T7150 228:075.104 - 0.377ms returns FALSE
T9440 228:114.688 JLINK_IsHalted()
T9440 228:115.376 - 0.683ms returns FALSE
T9440 228:115.424 JLINK_IsHalted()
T9440 228:115.936 - 0.499ms returns FALSE
T7150 228:183.296 JLINK_IsHalted()
T7150 228:183.984 - 0.691ms returns FALSE
T7150 228:184.064 JLINK_IsHalted()
T7150 228:184.576 - 0.507ms returns FALSE
T7150 228:293.456 JLINK_IsHalted()
T7150 228:294.224 - 0.772ms returns FALSE
T7150 228:294.304 JLINK_IsHalted()
T7150 228:294.704 - 0.412ms returns FALSE
T7150 228:402.848 JLINK_IsHalted()
T7150 228:403.408 - 0.561ms returns FALSE
T7150 228:403.456 JLINK_IsHalted()
T7150 228:403.888 - 0.434ms returns FALSE
T7150 228:512.352 JLINK_IsHalted()
T7150 228:512.800 - 0.439ms returns FALSE
T7150 228:512.848 JLINK_IsHalted()
T7150 228:513.184 - 0.348ms returns FALSE
T7150 228:620.928 JLINK_IsHalted()
T7150 228:621.600 - 0.653ms returns FALSE
T7150 228:621.664 JLINK_IsHalted()
T7150 228:622.112 - 0.425ms returns FALSE
T7150 228:730.784 JLINK_IsHalted()
T7150 228:731.296 - 0.513ms returns FALSE
T7150 228:731.344 JLINK_IsHalted()
T7150 228:731.776 - 0.447ms returns FALSE
T7150 228:839.584 JLINK_IsHalted()
T7150 228:840.144 - 0.559ms returns FALSE
T7150 228:840.192 JLINK_IsHalted()
T7150 228:840.704 - 0.497ms returns FALSE
T7150 228:949.936 JLINK_IsHalted()
T7150 228:950.480 - 0.524ms returns FALSE
T7150 228:950.528 JLINK_IsHalted()
T7150 228:950.816 - 0.294ms returns FALSE
T7150 229:058.640 JLINK_IsHalted()
T7150 229:059.232 - 0.582ms returns FALSE
T7150 229:059.296 JLINK_IsHalted()
T7150 229:059.792 - 0.486ms returns FALSE
T9440 229:117.600 JLINK_IsHalted()
T9440 229:118.080 - 0.491ms returns FALSE
T9440 229:118.128 JLINK_IsHalted()
T9440 229:118.640 - 0.508ms returns FALSE
T7150 229:167.616 JLINK_IsHalted()
T7150 229:168.128 - 0.507ms returns FALSE
T7150 229:168.208 JLINK_IsHalted()
T7150 229:168.736 - 0.554ms returns FALSE
T7150 229:277.008 JLINK_IsHalted()
T7150 229:277.472 - 0.450ms returns FALSE
T7150 229:277.520 JLINK_IsHalted()
T7150 229:277.856 - 0.314ms returns FALSE
T7150 229:386.448 JLINK_IsHalted()
T7150 229:387.136 - 0.686ms returns FALSE
T7150 229:387.312 JLINK_IsHalted()
T7150 229:387.824 - 0.515ms returns FALSE
T7150 229:496.144 JLINK_IsHalted()
T7150 229:496.784 - 0.644ms returns FALSE
T7150 229:496.864 JLINK_IsHalted()
T7150 229:497.392 - 0.520ms returns FALSE
T7150 229:605.728 JLINK_IsHalted()
T7150 229:606.368 - 0.643ms returns FALSE
T7150 229:606.432 JLINK_IsHalted()
T7150 229:606.880 - 0.449ms returns FALSE
T7150 229:714.528 JLINK_IsHalted()
T7150 229:715.168 - 0.634ms returns FALSE
T7150 229:715.296 JLINK_IsHalted()
T7150 229:715.808 - 0.511ms returns FALSE
T7150 229:824.384 JLINK_IsHalted()
T7150 229:825.024 - 0.649ms returns FALSE
T7150 229:825.152 JLINK_IsHalted()
T7150 229:825.632 - 0.488ms returns FALSE
T7150 229:934.000 JLINK_IsHalted()
T7150 229:934.560 - 0.573ms returns FALSE
T7150 229:934.624 JLINK_IsHalted()
T7150 229:935.072 - 0.474ms returns FALSE
T7150 230:042.800 JLINK_IsHalted()
T7150 230:043.360 - 0.575ms returns FALSE
T7150 230:043.424 JLINK_IsHalted()
T7150 230:043.904 - 0.506ms returns FALSE
T9440 230:120.864 JLINK_IsHalted()
T9440 230:121.472 - 0.606ms returns FALSE
T9440 230:121.520 JLINK_IsHalted()
T9440 230:121.936 - 0.418ms returns FALSE
T7150 230:152.528 JLINK_IsHalted()
T7150 230:153.056 - 0.522ms returns FALSE
T7150 230:153.088 JLINK_IsHalted()
T7150 230:153.552 - 0.464ms returns FALSE
T7150 230:261.680 JLINK_IsHalted()
T7150 230:262.176 - 0.498ms returns FALSE
T7150 230:262.224 JLINK_IsHalted()
T7150 230:262.560 - 0.339ms returns FALSE
T7150 230:371.488 JLINK_IsHalted()
T7150 230:372.000 - 0.507ms returns FALSE
T7150 230:372.064 JLINK_IsHalted()
T7150 230:372.480 - 0.407ms returns FALSE
T7150 230:480.816 JLINK_IsHalted()
T7150 230:481.504 - 0.694ms returns FALSE
T7150 230:481.568 JLINK_IsHalted()
T7150 230:482.048 - 0.474ms returns FALSE
T7150 230:590.544 JLINK_IsHalted()
T7150 230:591.264 - 0.714ms returns FALSE
T7150 230:591.360 JLINK_IsHalted()
T7150 230:591.872 - 0.508ms returns FALSE
T7150 230:699.872 JLINK_IsHalted()
T7150 230:700.448 - 0.567ms returns FALSE
T7150 230:700.592 JLINK_IsHalted()
T7150 230:701.104 - 0.520ms returns FALSE
T7150 230:809.136 JLINK_IsHalted()
T7150 230:809.936 - 0.807ms returns FALSE
T7150 230:810.064 JLINK_IsHalted()
T7150 230:810.624 - 0.554ms returns FALSE
T7150 230:917.808 JLINK_IsHalted()
T7150 230:918.608 - 0.806ms returns FALSE
T7150 230:918.704 JLINK_IsHalted()
T7150 230:919.344 - 0.650ms returns FALSE
T7150 231:027.888 JLINK_IsHalted()
T7150 231:028.656 - 0.770ms returns FALSE
T7150 231:028.816 JLINK_IsHalted()
T7150 231:029.456 - 0.625ms returns FALSE
T9440 231:123.168 JLINK_IsHalted()
T9440 231:123.744 - 0.543ms returns FALSE
T9440 231:123.808 JLINK_IsHalted()
T9440 231:124.320 - 0.510ms returns FALSE
T7150 231:137.312 JLINK_IsHalted()
T7150 231:137.840 - 0.539ms returns FALSE
T7150 231:137.888 JLINK_IsHalted()
T7150 231:138.352 - 0.478ms returns FALSE
T7150 231:246.080 JLINK_IsHalted()
T7150 231:246.768 - 0.676ms returns FALSE
T7150 231:246.880 JLINK_IsHalted()
T7150 231:247.360 - 0.487ms returns FALSE
T7150 231:355.168 JLINK_IsHalted()
T7150 231:355.808 - 0.621ms returns FALSE
T7150 231:355.952 JLINK_IsHalted()
T7150 231:356.496 - 0.539ms returns FALSE
T7150 231:466.656 JLINK_IsHalted()
T7150 231:467.296 - 0.644ms returns FALSE
T7150 231:467.424 JLINK_IsHalted()
T7150 231:467.872 - 0.469ms returns FALSE
T7150 231:574.400 JLINK_IsHalted()
T7150 231:575.168 - 0.775ms returns FALSE
T7150 231:575.296 JLINK_IsHalted()
T7150 231:575.856 - 0.581ms returns FALSE
T7150 231:683.760 JLINK_IsHalted()
T7150 231:684.384 - 0.627ms returns FALSE
T7150 231:684.512 JLINK_IsHalted()
T7150 231:684.944 - 0.432ms returns FALSE
T7150 231:792.944 JLINK_IsHalted()
T7150 231:793.664 - 0.702ms returns FALSE
T7150 231:793.744 JLINK_IsHalted()
T7150 231:794.304 - 0.558ms returns FALSE
T7150 231:902.112 JLINK_IsHalted()
T7150 231:904.032 - 1.917ms returns FALSE
T7150 231:904.160 JLINK_IsHalted()
T7150 231:906.224 - 2.072ms returns FALSE
T7150 232:011.904 JLINK_IsHalted()
T7150 232:014.544 - 2.631ms returns FALSE
T7150 232:014.640 JLINK_IsHalted()
T7150 232:015.280 - 0.630ms returns FALSE
T7150 232:120.704 JLINK_IsHalted()
T7150 232:121.376 - 0.652ms returns FALSE
T7150 232:121.552 JLINK_IsHalted()
T7150 232:122.064 - 0.514ms returns FALSE
T9440 232:125.312 JLINK_IsHalted()
T9440 232:125.920 - 0.620ms returns FALSE
T9440 232:126.032 JLINK_IsHalted()
T9440 232:126.544 - 0.513ms returns FALSE
T7150 232:230.704 JLINK_IsHalted()
T7150 232:231.648 - 0.932ms returns FALSE
T7150 232:231.808 JLINK_IsHalted()
T7150 232:232.416 - 0.602ms returns FALSE
T7150 232:339.536 JLINK_IsHalted()
T7150 232:340.144 - 0.629ms returns FALSE
T7150 232:340.224 JLINK_IsHalted()
T7150 232:340.768 - 0.538ms returns FALSE
T7150 232:449.328 JLINK_IsHalted()
T7150 232:452.000 - 2.659ms returns FALSE
T7150 232:452.176 JLINK_IsHalted()
T7150 232:452.688 - 0.524ms returns FALSE
T7150 232:558.768 JLINK_IsHalted()
T7150 232:559.312 - 0.532ms returns FALSE
T7150 232:559.392 JLINK_IsHalted()
T7150 232:559.712 - 0.331ms returns FALSE
T7150 232:667.824 JLINK_IsHalted()
T7150 232:668.384 - 0.541ms returns FALSE
T7150 232:668.448 JLINK_IsHalted()
T7150 232:668.896 - 0.461ms returns FALSE
T7150 232:777.168 JLINK_IsHalted()
T7150 232:777.648 - 0.483ms returns FALSE
T7150 232:777.680 JLINK_IsHalted()
T7150 232:778.080 - 0.401ms returns FALSE
T7150 232:887.168 JLINK_IsHalted()
T7150 232:887.840 - 0.655ms returns FALSE
T7150 232:887.984 JLINK_IsHalted()
T7150 232:888.528 - 0.538ms returns FALSE
T7150 232:995.888 JLINK_IsHalted()
T7150 232:996.384 - 0.484ms returns FALSE
T7150 232:996.400 JLINK_IsHalted()
T7150 232:996.736 - 0.326ms returns FALSE
T7150 233:105.952 JLINK_IsHalted()
T7150 233:106.656 - 0.704ms returns FALSE
T7150 233:106.784 JLINK_IsHalted()
T7150 233:107.296 - 0.515ms returns FALSE
T9440 233:127.728 JLINK_IsHalted()
T9440 233:128.272 - 0.531ms returns FALSE
T9440 233:128.352 JLINK_IsHalted()
T9440 233:128.784 - 0.445ms returns FALSE
T7150 233:215.328 JLINK_IsHalted()
T7150 233:215.872 - 0.544ms returns FALSE
T7150 233:215.920 JLINK_IsHalted()
T7150 233:216.304 - 0.384ms returns FALSE
T7150 233:324.720 JLINK_IsHalted()
T7150 233:325.568 - 0.863ms returns FALSE
T7150 233:325.664 JLINK_IsHalted()
T7150 233:326.128 - 0.460ms returns FALSE
T7150 233:433.376 JLINK_IsHalted()
T7150 233:433.888 - 0.523ms returns FALSE
T7150 233:433.936 JLINK_IsHalted()
T7150 233:434.336 - 0.406ms returns FALSE
T7150 233:543.504 JLINK_IsHalted()
T7150 233:544.016 - 0.524ms returns FALSE
T7150 233:544.064 JLINK_IsHalted()
T7150 233:544.544 - 0.493ms returns FALSE
T7150 233:652.960 JLINK_IsHalted()
T7150 233:653.504 - 0.533ms returns FALSE
T7150 233:653.584 JLINK_IsHalted()
T7150 233:654.016 - 0.449ms returns FALSE
T7150 233:761.504 JLINK_IsHalted()
T7150 233:761.968 - 0.483ms returns FALSE
T7150 233:762.016 JLINK_IsHalted()
T7150 233:762.384 - 0.360ms returns FALSE
T7150 233:871.536 JLINK_IsHalted()
T7150 233:871.952 - 0.425ms returns FALSE
T7150 233:872.000 JLINK_IsHalted()
T7150 233:872.416 - 0.397ms returns FALSE
T7150 233:980.544 JLINK_IsHalted()
T7150 233:981.216 - 0.657ms returns FALSE
T7150 233:981.312 JLINK_IsHalted()
T7150 233:981.856 - 0.543ms returns FALSE
T7150 234:090.336 JLINK_IsHalted()
T7150 234:090.928 - 0.591ms returns FALSE
T7150 234:091.040 JLINK_IsHalted()
T7150 234:091.440 - 0.415ms returns FALSE
T9440 234:129.456 JLINK_IsHalted()
T9440 234:129.968 - 0.503ms returns FALSE
T9440 234:130.080 JLINK_IsHalted()
T9440 234:130.432 - 0.369ms returns FALSE
T7150 234:199.136 JLINK_IsHalted()
T7150 234:199.776 - 0.638ms returns FALSE
T7150 234:199.904 JLINK_IsHalted()
T7150 234:200.480 - 0.559ms returns FALSE
T7150 234:308.912 JLINK_IsHalted()
T7150 234:309.408 - 0.504ms returns FALSE
T7150 234:309.472 JLINK_IsHalted()
T7150 234:309.984 - 0.503ms returns FALSE
T7150 234:418.656 JLINK_IsHalted()
T7150 234:419.360 - 0.710ms returns FALSE
T7150 234:419.488 JLINK_IsHalted()
T7150 234:420.096 - 0.602ms returns FALSE
T7150 234:527.520 JLINK_IsHalted()
T7150 234:527.952 - 0.438ms returns FALSE
T7150 234:527.968 JLINK_IsHalted()
T7150 234:528.464 - 0.488ms returns FALSE
T7150 234:636.640 JLINK_IsHalted()
T7150 234:637.408 - 0.776ms returns FALSE
T7150 234:637.472 JLINK_IsHalted()
T7150 234:638.032 - 0.553ms returns FALSE
T7150 234:747.264 JLINK_IsHalted()
T7150 234:747.808 - 0.534ms returns FALSE
T7150 234:747.872 JLINK_IsHalted()
T7150 234:748.320 - 0.417ms returns FALSE
T7150 234:855.328 JLINK_IsHalted()
T7150 234:855.712 - 0.406ms returns FALSE
T7150 234:855.776 JLINK_IsHalted()
T7150 234:856.096 - 0.311ms returns FALSE
T7150 234:965.344 JLINK_IsHalted()
T7150 234:965.888 - 0.550ms returns FALSE
T7150 234:965.968 JLINK_IsHalted()
T7150 234:966.448 - 0.488ms returns FALSE
T7150 235:073.968 JLINK_IsHalted()
T7150 235:074.464 - 0.494ms returns FALSE
T7150 235:074.528 JLINK_IsHalted()
T7150 235:074.976 - 0.444ms returns FALSE
T9440 235:131.872 JLINK_IsHalted()
T9440 235:132.576 - 0.700ms returns FALSE
T9440 235:132.704 JLINK_IsHalted()
T9440 235:133.344 - 0.642ms returns FALSE
T7150 235:183.744 JLINK_IsHalted()
T7150 235:184.304 - 0.554ms returns FALSE
T7150 235:184.464 JLINK_IsHalted()
T7150 235:184.976 - 0.510ms returns FALSE
T7150 235:293.472 JLINK_IsHalted()
T7150 235:294.176 - 0.718ms returns FALSE
T7150 235:294.336 JLINK_IsHalted()
T7150 235:294.896 - 0.562ms returns FALSE
T7150 235:402.576 JLINK_IsHalted()
T7150 235:403.360 - 0.801ms returns FALSE
T7150 235:403.488 JLINK_IsHalted()
T7150 235:404.192 - 0.691ms returns FALSE
T7150 235:512.528 JLINK_IsHalted()
T7150 235:513.376 - 0.846ms returns FALSE
T7150 235:513.504 JLINK_IsHalted()
T7150 235:514.064 - 0.563ms returns FALSE
T7150 235:621.328 JLINK_IsHalted()
T7150 235:621.984 - 0.656ms returns FALSE
T7150 235:622.064 JLINK_IsHalted()
T7150 235:622.560 - 0.499ms returns FALSE
T7150 235:730.336 JLINK_IsHalted()
T7150 235:730.944 - 0.630ms returns FALSE
T7150 235:731.072 JLINK_IsHalted()
T7150 235:731.616 - 0.537ms returns FALSE
T7150 235:840.304 JLINK_IsHalted()
T7150 235:841.024 - 0.712ms returns FALSE
T7150 235:841.152 JLINK_IsHalted()
T7150 235:841.616 - 0.453ms returns FALSE
T7150 235:949.600 JLINK_IsHalted()
T7150 235:950.384 - 0.783ms returns FALSE
T7150 235:950.496 JLINK_IsHalted()
T7150 235:951.184 - 0.697ms returns FALSE
T7150 236:058.576 JLINK_IsHalted()
T7150 236:059.232 - 0.656ms returns FALSE
T7150 236:059.360 JLINK_IsHalted()
T7150 236:059.824 - 0.478ms returns FALSE
T9440 236:134.496 JLINK_IsHalted()
T9440 236:135.088 - 0.588ms returns FALSE
T9440 236:135.136 JLINK_IsHalted()
T9440 236:135.680 - 0.539ms returns FALSE
T7150 236:167.552 JLINK_IsHalted()
T7150 236:168.192 - 0.633ms returns FALSE
T7150 236:168.272 JLINK_IsHalted()
T7150 236:168.832 - 0.562ms returns FALSE
T7150 236:277.536 JLINK_IsHalted()
T7150 236:278.320 - 0.796ms returns FALSE
T7150 236:278.480 JLINK_IsHalted()
T7150 236:279.008 - 0.516ms returns FALSE
T7150 236:386.896 JLINK_IsHalted()
T7150 236:387.504 - 0.612ms returns FALSE
T7150 236:387.664 JLINK_IsHalted()
T7150 236:388.192 - 0.524ms returns FALSE
T7150 236:496.352 JLINK_IsHalted()
T7150 236:497.024 - 0.676ms returns FALSE
T7150 236:497.152 JLINK_IsHalted()
T7150 236:497.824 - 0.651ms returns FALSE
T7150 236:605.568 JLINK_IsHalted()
T7150 236:606.176 - 0.606ms returns FALSE
T7150 236:606.240 JLINK_IsHalted()
T7150 236:606.768 - 0.532ms returns FALSE
T7150 236:715.680 JLINK_IsHalted()
T7150 236:716.368 - 0.676ms returns FALSE
T7150 236:716.544 JLINK_IsHalted()
T7150 236:717.280 - 0.733ms returns FALSE
T7150 236:824.352 JLINK_IsHalted()
T7150 236:824.752 - 0.421ms returns FALSE
T7150 236:824.800 JLINK_IsHalted()
T7150 236:825.184 - 0.372ms returns FALSE
T7150 236:933.920 JLINK_IsHalted()
T7150 236:934.432 - 0.501ms returns FALSE
T7150 236:934.560 JLINK_IsHalted()
T7150 236:935.120 - 0.578ms returns FALSE
T7150 237:043.488 JLINK_IsHalted()
T7150 237:044.048 - 0.554ms returns FALSE
T7150 237:044.128 JLINK_IsHalted()
T7150 237:044.608 - 0.495ms returns FALSE
T9440 237:136.128 JLINK_IsHalted()
T9440 237:136.848 - 0.722ms returns FALSE
T9440 237:136.944 JLINK_IsHalted()
T9440 237:137.408 - 0.466ms returns FALSE
T7150 237:152.288 JLINK_IsHalted()
T7150 237:152.800 - 0.498ms returns FALSE
T7150 237:152.816 JLINK_IsHalted()
T7150 237:153.200 - 0.372ms returns FALSE
T7150 237:261.472 JLINK_IsHalted()
T7150 237:262.160 - 0.687ms returns FALSE
T7150 237:262.208 JLINK_IsHalted()
T7150 237:262.752 - 0.526ms returns FALSE
T7150 237:371.136 JLINK_IsHalted()
T7150 237:371.616 - 0.487ms returns FALSE
T7150 237:371.680 JLINK_IsHalted()
T7150 237:372.064 - 0.395ms returns FALSE
T7150 237:480.800 JLINK_IsHalted()
T7150 237:481.552 - 0.738ms returns FALSE
T7150 237:481.632 JLINK_IsHalted()
T7150 237:482.192 - 0.560ms returns FALSE
T7150 237:590.048 JLINK_IsHalted()
T7150 237:590.912 - 0.857ms returns FALSE
T7150 237:591.040 JLINK_IsHalted()
T7150 237:591.760 - 0.703ms returns FALSE
T7150 237:699.024 JLINK_IsHalted()
T7150 237:699.680 - 0.654ms returns FALSE
T7150 237:699.792 JLINK_IsHalted()
T7150 237:700.304 - 0.495ms returns FALSE
T7150 237:808.336 JLINK_IsHalted()
T7150 237:808.896 - 0.551ms returns FALSE
T7150 237:808.944 JLINK_IsHalted()
T7150 237:809.360 - 0.408ms returns FALSE
T7150 237:918.032 JLINK_IsHalted()
T7150 237:918.592 - 0.572ms returns FALSE
T7150 237:918.640 JLINK_IsHalted()
T7150 237:919.072 - 0.418ms returns FALSE
T7150 238:027.136 JLINK_IsHalted()
T7150 238:027.776 - 0.629ms returns FALSE
T7150 238:027.824 JLINK_IsHalted()
T7150 238:028.256 - 0.431ms returns FALSE
T7150 238:137.088 JLINK_IsHalted()
T7150 238:137.760 - 0.677ms returns FALSE
T7150 238:137.936 JLINK_IsHalted()
T7150 238:138.592 - 0.662ms returns FALSE
T9440 238:138.880 JLINK_IsHalted()
T9440 238:139.488 - 0.611ms returns FALSE
T9440 238:139.616 JLINK_IsHalted()
T9440 238:140.128 - 0.526ms returns FALSE
T7150 238:246.496 JLINK_IsHalted()
T7150 238:247.200 - 0.691ms returns FALSE
T7150 238:247.328 JLINK_IsHalted()
T7150 238:247.984 - 0.650ms returns FALSE
T7150 238:355.328 JLINK_IsHalted()
T7150 238:355.840 - 0.510ms returns FALSE
T7150 238:355.936 JLINK_IsHalted()
T7150 238:356.400 - 0.455ms returns FALSE
T7150 238:465.632 JLINK_IsHalted()
T7150 238:466.272 - 0.648ms returns FALSE
T7150 238:466.432 JLINK_IsHalted()
T7150 238:466.992 - 0.548ms returns FALSE
T7150 238:574.512 JLINK_IsHalted()
T7150 238:574.976 - 0.463ms returns FALSE
T7150 238:575.008 JLINK_IsHalted()
T7150 238:575.360 - 0.372ms returns FALSE
T7150 238:683.952 JLINK_IsHalted()
T7150 238:684.672 - 0.723ms returns FALSE
T7150 238:684.832 JLINK_IsHalted()
T7150 238:685.312 - 0.492ms returns FALSE
T7150 238:793.440 JLINK_IsHalted()
T7150 238:794.032 - 0.580ms returns FALSE
T7150 238:794.080 JLINK_IsHalted()
T7150 238:794.592 - 0.510ms returns FALSE
T7150 238:902.832 JLINK_IsHalted()
T7150 238:903.456 - 0.633ms returns FALSE
T7150 238:903.552 JLINK_IsHalted()
T7150 238:904.064 - 0.494ms returns FALSE
T7150 239:011.680 JLINK_IsHalted()
T7150 239:012.256 - 0.560ms returns FALSE
T7150 239:012.272 JLINK_IsHalted()
T7150 239:012.704 - 0.432ms returns FALSE
T7150 239:121.616 JLINK_IsHalted()
T7150 239:122.256 - 0.639ms returns FALSE
T7150 239:122.304 JLINK_IsHalted()
T7150 239:122.848 - 0.520ms returns FALSE
T9440 239:141.216 JLINK_IsHalted()
T9440 239:141.792 - 0.555ms returns FALSE
T9440 239:141.840 JLINK_IsHalted()
T9440 239:142.304 - 0.447ms returns FALSE
T7150 239:230.896 JLINK_IsHalted()
T7150 239:231.456 - 0.564ms returns FALSE
T7150 239:231.520 JLINK_IsHalted()
T7150 239:231.952 - 0.432ms returns FALSE
T7150 239:339.744 JLINK_IsHalted()
T7150 239:340.320 - 0.566ms returns FALSE
T7150 239:340.416 JLINK_IsHalted()
T7150 239:340.976 - 0.560ms returns FALSE
T7150 239:449.776 JLINK_IsHalted()
T7150 239:450.240 - 0.457ms returns FALSE
T7150 239:450.288 JLINK_IsHalted()
T7150 239:450.624 - 0.330ms returns FALSE
T7150 239:558.944 JLINK_IsHalted()
T7150 239:559.504 - 0.562ms returns FALSE
T7150 239:559.520 JLINK_IsHalted()
T7150 239:559.968 - 0.427ms returns FALSE
T7150 239:667.936 JLINK_IsHalted()
T7150 239:668.576 - 0.646ms returns FALSE
T7150 239:668.640 JLINK_IsHalted()
T7150 239:669.088 - 0.450ms returns FALSE
T7150 239:777.760 JLINK_IsHalted()
T7150 239:778.464 - 0.672ms returns FALSE
T7150 239:778.608 JLINK_IsHalted()
T7150 239:779.168 - 0.548ms returns FALSE
T7150 239:886.416 JLINK_IsHalted()
T7150 239:887.232 - 0.803ms returns FALSE
T7150 239:887.312 JLINK_IsHalted()
T7150 239:888.032 - 0.696ms returns FALSE
T7150 239:995.984 JLINK_IsHalted()
T7150 239:996.624 - 0.647ms returns FALSE
T7150 239:996.720 JLINK_IsHalted()
T7150 239:997.184 - 0.472ms returns FALSE
T7150 240:106.016 JLINK_IsHalted()
T7150 240:106.544 - 0.544ms returns FALSE
T7150 240:106.592 JLINK_IsHalted()
T7150 240:106.976 - 0.374ms returns FALSE
T9440 240:142.672 JLINK_IsHalted()
T9440 240:143.328 - 0.658ms returns FALSE
T9440 240:143.440 JLINK_IsHalted()
T9440 240:144.096 - 0.650ms returns FALSE
T7150 240:215.264 JLINK_IsHalted()
T7150 240:215.936 - 0.664ms returns FALSE
T7150 240:216.096 JLINK_IsHalted()
T7150 240:216.544 - 0.462ms returns FALSE
T7150 240:324.656 JLINK_IsHalted()
T7150 240:325.280 - 0.626ms returns FALSE
T7150 240:325.328 JLINK_IsHalted()
T7150 240:325.808 - 0.479ms returns FALSE
T7150 240:433.952 JLINK_IsHalted()
T7150 240:434.640 - 0.692ms returns FALSE
T7150 240:434.720 JLINK_IsHalted()
T7150 240:435.168 - 0.469ms returns FALSE
T7150 240:542.928 JLINK_IsHalted()
T7150 240:543.568 - 0.623ms returns FALSE
T7150 240:543.648 JLINK_IsHalted()
T7150 240:544.032 - 0.404ms returns FALSE
T7150 240:653.024 JLINK_IsHalted()
T7150 240:653.648 - 0.618ms returns FALSE
T7150 240:653.792 JLINK_IsHalted()
T7150 240:654.304 - 0.525ms returns FALSE
T7150 240:762.288 JLINK_IsHalted()
T7150 240:762.848 - 0.553ms returns FALSE
T7150 240:762.928 JLINK_IsHalted()
T7150 240:763.360 - 0.453ms returns FALSE
T7150 240:871.808 JLINK_IsHalted()
T7150 240:872.368 - 0.566ms returns FALSE
T7150 240:872.416 JLINK_IsHalted()
T7150 240:872.912 - 0.474ms returns FALSE
T7150 240:981.248 JLINK_IsHalted()
T7150 240:982.016 - 0.758ms returns FALSE
T7150 240:982.112 JLINK_IsHalted()
T7150 240:982.704 - 0.592ms returns FALSE
T7150 241:089.872 JLINK_IsHalted()
T7150 241:090.400 - 0.550ms returns FALSE
T7150 241:090.480 JLINK_IsHalted()
T7150 241:090.992 - 0.529ms returns FALSE
T9440 241:145.056 JLINK_IsHalted()
T9440 241:145.600 - 0.535ms returns FALSE
T9440 241:145.648 JLINK_IsHalted()
T9440 241:146.032 - 0.386ms returns FALSE
T7150 241:199.712 JLINK_IsHalted()
T7150 241:200.384 - 0.678ms returns FALSE
T7150 241:200.480 JLINK_IsHalted()
T7150 241:200.976 - 0.466ms returns FALSE
T7150 241:308.576 JLINK_IsHalted()
T7150 241:309.280 - 0.710ms returns FALSE
T7150 241:309.408 JLINK_IsHalted()
T7150 241:311.072 - 1.663ms returns FALSE
T7150 241:417.856 JLINK_IsHalted()
T7150 241:418.624 - 0.770ms returns FALSE
T7150 241:418.752 JLINK_IsHalted()
T7150 241:419.232 - 0.476ms returns FALSE
T7150 241:527.808 JLINK_IsHalted()
T7150 241:528.448 - 0.623ms returns FALSE
T7150 241:528.496 JLINK_IsHalted()
T7150 241:528.992 - 0.464ms returns FALSE
T7150 241:636.608 JLINK_IsHalted()
T7150 241:637.280 - 0.664ms returns FALSE
T7150 241:637.344 JLINK_IsHalted()
T7150 241:637.840 - 0.488ms returns FALSE
T7150 241:746.208 JLINK_IsHalted()
T7150 241:746.784 - 0.583ms returns FALSE
T7150 241:746.912 JLINK_IsHalted()
T7150 241:747.408 - 0.492ms returns FALSE
T7150 241:855.840 JLINK_IsHalted()
T7150 241:856.432 - 0.579ms returns FALSE
T7150 241:856.464 JLINK_IsHalted()
T7150 241:856.928 - 0.448ms returns FALSE
T7150 241:965.008 JLINK_IsHalted()
T7150 241:965.664 - 0.658ms returns FALSE
T7150 241:965.728 JLINK_IsHalted()
T7150 241:966.160 - 0.444ms returns FALSE
T7150 242:074.656 JLINK_IsHalted()
T7150 242:075.312 - 0.662ms returns FALSE
T7150 242:075.392 JLINK_IsHalted()
T7150 242:075.952 - 0.560ms returns FALSE
T9440 242:147.152 JLINK_IsHalted()
T9440 242:147.680 - 0.526ms returns FALSE
T9440 242:147.760 JLINK_IsHalted()
T9440 242:148.144 - 0.378ms returns FALSE
T7150 242:183.840 JLINK_IsHalted()
T7150 242:184.544 - 0.694ms returns FALSE
T7150 242:184.672 JLINK_IsHalted()
T7150 242:185.312 - 0.629ms returns FALSE
T7150 242:292.816 JLINK_IsHalted()
T7150 242:293.536 - 0.694ms returns FALSE
T7150 242:293.680 JLINK_IsHalted()
T7150 242:294.432 - 0.721ms returns FALSE
T7150 242:403.120 JLINK_IsHalted()
T7150 242:403.920 - 0.797ms returns FALSE
T7150 242:404.048 JLINK_IsHalted()
T7150 242:404.656 - 0.612ms returns FALSE
T7150 242:511.920 JLINK_IsHalted()
T7150 242:512.736 - 0.806ms returns FALSE
T7150 242:512.864 JLINK_IsHalted()
T7150 242:513.568 - 0.683ms returns FALSE
T7150 242:620.960 JLINK_IsHalted()
T7150 242:621.664 - 0.713ms returns FALSE
T7150 242:621.696 JLINK_IsHalted()
T7150 242:622.240 - 0.538ms returns FALSE
T7150 242:730.464 JLINK_IsHalted()
T7150 242:731.216 - 0.738ms returns FALSE
T7150 242:731.344 JLINK_IsHalted()
T7150 242:731.856 - 0.512ms returns FALSE
T7150 242:839.808 JLINK_IsHalted()
T7150 242:840.320 - 0.522ms returns FALSE
T7150 242:840.368 JLINK_IsHalted()
T7150 242:840.752 - 0.374ms returns FALSE
T7150 242:949.600 JLINK_IsHalted()
T7150 242:950.304 - 0.690ms returns FALSE
T7150 242:950.352 JLINK_IsHalted()
T7150 242:950.784 - 0.442ms returns FALSE
T7150 243:058.528 JLINK_IsHalted()
T7150 243:059.024 - 0.489ms returns FALSE
T7150 243:059.072 JLINK_IsHalted()
T7150 243:059.488 - 0.405ms returns FALSE
T9440 243:150.256 JLINK_IsHalted()
T9440 243:150.800 - 0.532ms returns FALSE
T9440 243:150.880 JLINK_IsHalted()
T9440 243:151.312 - 0.424ms returns FALSE
T7150 243:168.560 JLINK_IsHalted()
T7150 243:169.072 - 0.506ms returns FALSE
T7150 243:169.120 JLINK_IsHalted()
T7150 243:169.504 - 0.388ms returns FALSE
T7150 243:277.280 JLINK_IsHalted()
T7150 243:277.776 - 0.492ms returns FALSE
T7150 243:277.824 JLINK_IsHalted()
T7150 243:278.256 - 0.448ms returns FALSE
T7150 243:386.752 JLINK_IsHalted()
T7150 243:387.424 - 0.670ms returns FALSE
T7150 243:387.520 JLINK_IsHalted()
T7150 243:388.080 - 0.546ms returns FALSE
T7150 243:496.624 JLINK_IsHalted()
T7150 243:497.168 - 0.544ms returns FALSE
T7150 243:497.216 JLINK_IsHalted()
T7150 243:497.600 - 0.395ms returns FALSE
T7150 243:605.984 JLINK_IsHalted()
T7150 243:606.608 - 0.608ms returns FALSE
T7150 243:606.656 JLINK_IsHalted()
T7150 243:607.248 - 0.587ms returns FALSE
T7150 243:714.992 JLINK_IsHalted()
T7150 243:715.632 - 0.620ms returns FALSE
T7150 243:715.680 JLINK_IsHalted()
T7150 243:716.144 - 0.462ms returns FALSE
T7150 243:824.128 JLINK_IsHalted()
T7150 243:824.480 - 0.352ms returns FALSE
T7150 243:824.512 JLINK_IsHalted()
T7150 243:824.800 - 0.292ms returns FALSE
T7150 243:934.672 JLINK_IsHalted()
T7150 243:935.328 - 0.684ms returns FALSE
T7150 243:935.408 JLINK_IsHalted()
T7150 243:935.904 - 0.489ms returns FALSE
T7150 244:043.216 JLINK_IsHalted()
T7150 244:043.728 - 0.495ms returns FALSE
T7150 244:043.744 JLINK_IsHalted()
T7150 244:044.240 - 0.481ms returns FALSE
T7150 244:152.800 JLINK_IsHalted()
T7150 244:153.312 - 0.506ms returns FALSE
T7150 244:153.376 JLINK_IsHalted()
T7150 244:153.760 - 0.393ms returns FALSE
T9440 244:154.016 JLINK_IsHalted()
T9440 244:154.752 - 0.748ms returns FALSE
T9440 244:154.800 JLINK_IsHalted()
T9440 244:156.832 - 2.015ms returns FALSE
T7150 244:261.760 JLINK_IsHalted()
T7150 244:262.304 - 0.533ms returns FALSE
T7150 244:262.368 JLINK_IsHalted()
T7150 244:262.864 - 0.477ms returns FALSE
T7150 244:371.024 JLINK_IsHalted()
T7150 244:371.664 - 0.646ms returns FALSE
T7150 244:371.760 JLINK_IsHalted()
T7150 244:372.256 - 0.477ms returns FALSE
T7150 244:480.160 JLINK_IsHalted()
T7150 244:480.544 - 0.385ms returns FALSE
T7150 244:480.560 JLINK_IsHalted()
T7150 244:480.848 - 0.284ms returns FALSE
T7150 244:590.464 JLINK_IsHalted()
T7150 244:591.264 - 0.785ms returns FALSE
T7150 244:591.328 JLINK_IsHalted()
T7150 244:591.968 - 0.643ms returns FALSE
T7150 244:699.648 JLINK_IsHalted()
T7150 244:700.368 - 0.711ms returns FALSE
T7150 244:700.464 JLINK_IsHalted()
T7150 244:701.024 - 0.557ms returns FALSE
T7150 244:808.400 JLINK_IsHalted()
T7150 244:808.992 - 0.588ms returns FALSE
T7150 244:809.040 JLINK_IsHalted()
T7150 244:809.632 - 0.576ms returns FALSE
T7150 244:917.920 JLINK_IsHalted()
T7150 244:918.528 - 0.632ms returns FALSE
T7150 244:918.624 JLINK_IsHalted()
T7150 244:919.168 - 0.544ms returns FALSE
T7150 245:028.192 JLINK_IsHalted()
T7150 245:029.024 - 0.819ms returns FALSE
T7150 245:029.152 JLINK_IsHalted()
T7150 245:029.632 - 0.478ms returns FALSE
T7150 245:136.592 JLINK_IsHalted()
T7150 245:137.248 - 0.663ms returns FALSE
T7150 245:137.312 JLINK_IsHalted()
T7150 245:137.824 - 0.530ms returns FALSE
T9440 245:158.096 JLINK_IsHalted()
T9440 245:160.480 - 2.385ms returns FALSE
T9440 245:160.608 JLINK_IsHalted()
T9440 245:161.056 - 0.444ms returns FALSE
T7150 245:246.160 JLINK_IsHalted()
T7150 245:246.896 - 0.749ms returns FALSE
T7150 245:247.008 JLINK_IsHalted()
T7150 245:247.536 - 0.525ms returns FALSE
T7150 245:355.728 JLINK_IsHalted()
T7150 245:356.336 - 0.619ms returns FALSE
T7150 245:356.464 JLINK_IsHalted()
T7150 245:357.024 - 0.568ms returns FALSE
T7150 245:465.392 JLINK_IsHalted()
T7150 245:466.144 - 0.741ms returns FALSE
T7150 245:466.240 JLINK_IsHalted()
T7150 245:466.752 - 0.526ms returns FALSE
T7150 245:574.064 JLINK_IsHalted()
T7150 245:574.736 - 0.657ms returns FALSE
T7150 245:574.816 JLINK_IsHalted()
T7150 245:575.296 - 0.485ms returns FALSE
T7150 245:683.552 JLINK_IsHalted()
T7150 245:684.256 - 0.698ms returns FALSE
T7150 245:684.400 JLINK_IsHalted()
T7150 245:685.072 - 0.666ms returns FALSE
T7150 245:792.848 JLINK_IsHalted()
T7150 245:793.312 - 0.477ms returns FALSE
T7150 245:793.360 JLINK_IsHalted()
T7150 245:793.696 - 0.341ms returns FALSE
T7150 245:902.048 JLINK_IsHalted()
T7150 245:902.592 - 0.528ms returns FALSE
T7150 245:902.672 JLINK_IsHalted()
T7150 245:903.104 - 0.445ms returns FALSE
T7150 246:012.448 JLINK_IsHalted()
T7150 246:012.928 - 0.485ms returns FALSE
T7150 246:012.976 JLINK_IsHalted()
T7150 246:013.520 - 0.537ms returns FALSE
T7150 246:121.120 JLINK_IsHalted()
T7150 246:121.856 - 0.728ms returns FALSE
T7150 246:121.984 JLINK_IsHalted()
T7150 246:122.448 - 0.459ms returns FALSE
T9440 246:162.656 JLINK_IsHalted()
T9440 246:163.328 - 0.663ms returns FALSE
T9440 246:163.376 JLINK_IsHalted()
T9440 246:163.840 - 0.458ms returns FALSE
T7150 246:230.736 JLINK_IsHalted()
T7150 246:231.376 - 0.650ms returns FALSE
T7150 246:231.504 JLINK_IsHalted()
T7150 246:231.984 - 0.479ms returns FALSE
T7150 246:340.192 JLINK_IsHalted()
T7150 246:340.768 - 0.561ms returns FALSE
T7150 246:340.816 JLINK_IsHalted()
T7150 246:341.248 - 0.451ms returns FALSE
T7150 246:449.584 JLINK_IsHalted()
T7150 246:450.256 - 0.681ms returns FALSE
T7150 246:450.400 JLINK_IsHalted()
T7150 246:450.976 - 0.577ms returns FALSE
T7150 246:560.128 JLINK_IsHalted()
T7150 246:560.688 - 0.559ms returns FALSE
T7150 246:560.736 JLINK_IsHalted()
T7150 246:561.248 - 0.513ms returns FALSE
T7150 246:668.464 JLINK_IsHalted()
T7150 246:669.184 - 0.717ms returns FALSE
T7150 246:669.408 JLINK_IsHalted()
T7150 246:670.048 - 0.643ms returns FALSE
T7150 246:777.312 JLINK_IsHalted()
T7150 246:777.984 - 0.657ms returns FALSE
T7150 246:778.112 JLINK_IsHalted()
T7150 246:778.656 - 0.516ms returns FALSE
T7150 246:887.264 JLINK_IsHalted()
T7150 246:887.712 - 0.432ms returns FALSE
T7150 246:887.760 JLINK_IsHalted()
T7150 246:888.112 - 0.365ms returns FALSE
T7150 246:996.480 JLINK_IsHalted()
T7150 246:997.120 - 0.650ms returns FALSE
T7150 246:997.296 JLINK_IsHalted()
T7150 246:997.936 - 0.660ms returns FALSE
T7150 247:105.456 JLINK_IsHalted()
T7150 247:106.080 - 0.608ms returns FALSE
T7150 247:106.128 JLINK_IsHalted()
T7150 247:106.608 - 0.473ms returns FALSE
T9440 247:165.440 JLINK_IsHalted()
T9440 247:165.856 - 0.409ms returns FALSE
T9440 247:165.872 JLINK_IsHalted()
T9440 247:166.256 - 0.385ms returns FALSE
T7150 247:215.360 JLINK_IsHalted()
T7150 247:216.160 - 0.799ms returns FALSE
T7150 247:216.304 JLINK_IsHalted()
T7150 247:216.928 - 0.606ms returns FALSE
T7150 247:324.704 JLINK_IsHalted()
T7150 247:325.408 - 0.710ms returns FALSE
T7150 247:325.520 JLINK_IsHalted()
T7150 247:325.952 - 0.424ms returns FALSE
T7150 247:433.440 JLINK_IsHalted()
T7150 247:434.208 - 0.753ms returns FALSE
T7150 247:434.336 JLINK_IsHalted()
T7150 247:434.928 - 0.570ms returns FALSE
T7150 247:542.816 JLINK_IsHalted()
T7150 247:543.504 - 0.669ms returns FALSE
T7150 247:543.600 JLINK_IsHalted()
T7150 247:544.144 - 0.540ms returns FALSE
T7150 247:652.512 JLINK_IsHalted()
T7150 247:653.088 - 0.577ms returns FALSE
T7150 247:653.200 JLINK_IsHalted()
T7150 247:653.632 - 0.445ms returns FALSE
T7150 247:762.720 JLINK_IsHalted()
T7150 247:763.328 - 0.625ms returns FALSE
T7150 247:763.408 JLINK_IsHalted()
T7150 247:763.872 - 0.467ms returns FALSE
T7150 247:871.392 JLINK_IsHalted()
T7150 247:872.048 - 0.670ms returns FALSE
T7150 247:872.256 JLINK_IsHalted()
T7150 247:872.768 - 0.507ms returns FALSE
T7150 247:980.288 JLINK_IsHalted()
T7150 247:980.976 - 0.684ms returns FALSE
T7150 247:981.104 JLINK_IsHalted()
T7150 247:981.744 - 0.643ms returns FALSE
T7150 248:090.496 JLINK_IsHalted()
T7150 248:091.104 - 0.622ms returns FALSE
T7150 248:091.264 JLINK_IsHalted()
T7150 248:091.856 - 0.586ms returns FALSE
T9440 248:166.832 JLINK_IsHalted()
T9440 248:167.392 - 0.566ms returns FALSE
T9440 248:167.472 JLINK_IsHalted()
T9440 248:167.936 - 0.459ms returns FALSE
T7150 248:199.248 JLINK_IsHalted()
T7150 248:200.032 - 0.792ms returns FALSE
T7150 248:200.224 JLINK_IsHalted()
T7150 248:202.208 - 1.993ms returns FALSE
T7150 248:309.536 JLINK_IsHalted()
T7150 248:310.432 - 0.891ms returns FALSE
T7150 248:310.560 JLINK_IsHalted()
T7150 248:311.200 - 0.640ms returns FALSE
T7150 248:419.456 JLINK_IsHalted()
T7150 248:420.096 - 0.633ms returns FALSE
T7150 248:420.224 JLINK_IsHalted()
T7150 248:420.656 - 0.444ms returns FALSE
T7150 248:527.360 JLINK_IsHalted()
T7150 248:528.032 - 0.681ms returns FALSE
T7150 248:528.176 JLINK_IsHalted()
T7150 248:528.800 - 0.611ms returns FALSE
T7150 248:636.896 JLINK_IsHalted()
T7150 248:637.792 - 0.907ms returns FALSE
T7150 248:637.920 JLINK_IsHalted()
T7150 248:638.432 - 0.496ms returns FALSE
T7150 248:746.528 JLINK_IsHalted()
T7150 248:747.168 - 0.623ms returns FALSE
T7150 248:747.296 JLINK_IsHalted()
T7150 248:747.744 - 0.454ms returns FALSE
T7150 248:855.600 JLINK_IsHalted()
T7150 248:856.192 - 0.593ms returns FALSE
T7150 248:856.240 JLINK_IsHalted()
T7150 248:856.736 - 0.484ms returns FALSE
T7150 248:964.896 JLINK_IsHalted()
T7150 248:966.912 - 2.001ms returns FALSE
T7150 248:967.040 JLINK_IsHalted()
T7150 248:967.632 - 0.595ms returns FALSE
T7150 249:074.432 JLINK_IsHalted()
T7150 249:074.976 - 0.518ms returns FALSE
T7150 249:075.024 JLINK_IsHalted()
T7150 249:075.328 - 0.293ms returns FALSE
T9440 249:169.536 JLINK_IsHalted()
T9440 249:170.304 - 0.753ms returns FALSE
T9440 249:170.400 JLINK_IsHalted()
T9440 249:170.896 - 0.496ms returns FALSE
T7150 249:183.568 JLINK_IsHalted()
T7150 249:184.336 - 0.769ms returns FALSE
T7150 249:184.512 JLINK_IsHalted()
T7150 249:185.056 - 0.539ms returns FALSE
T7150 249:293.008 JLINK_IsHalted()
T7150 249:293.568 - 0.540ms returns FALSE
T7150 249:293.616 JLINK_IsHalted()
T7150 249:294.176 - 0.556ms returns FALSE
T7150 249:402.368 JLINK_IsHalted()
T7150 249:402.960 - 0.589ms returns FALSE
T7150 249:403.008 JLINK_IsHalted()
T7150 249:403.424 - 0.418ms returns FALSE
T7150 249:512.160 JLINK_IsHalted()
T7150 249:512.784 - 0.605ms returns FALSE
T7150 249:512.832 JLINK_IsHalted()
T7150 249:513.376 - 0.529ms returns FALSE
T7150 249:621.536 JLINK_IsHalted()
T7150 249:622.352 - 0.821ms returns FALSE
T7150 249:622.480 JLINK_IsHalted()
T7150 249:623.200 - 0.724ms returns FALSE
T7150 249:730.352 JLINK_IsHalted()
T7150 249:731.040 - 0.673ms returns FALSE
T7150 249:731.152 JLINK_IsHalted()
T7150 249:731.584 - 0.428ms returns FALSE
T7150 249:840.160 JLINK_IsHalted()
T7150 249:840.800 - 0.661ms returns FALSE
T7150 249:840.928 JLINK_IsHalted()
T7150 249:841.536 - 0.593ms returns FALSE
T7150 249:949.184 JLINK_IsHalted()
T7150 249:949.792 - 0.630ms returns FALSE
T7150 249:949.856 JLINK_IsHalted()
T7150 249:950.304 - 0.475ms returns FALSE
T7150 250:058.848 JLINK_IsHalted()
T7150 250:059.488 - 0.620ms returns FALSE
T7150 250:059.568 JLINK_IsHalted()
T7150 250:060.000 - 0.425ms returns FALSE
T7150 250:169.120 JLINK_IsHalted()
T7150 250:170.016 - 0.899ms returns FALSE
T7150 250:170.112 JLINK_IsHalted()
T7150 250:170.704 - 0.597ms returns FALSE
T9440 250:172.240 JLINK_IsHalted()
T9440 250:172.832 - 0.592ms returns FALSE
T9440 250:172.896 JLINK_IsHalted()
T9440 250:173.440 - 0.530ms returns FALSE
T7150 250:277.472 JLINK_IsHalted()
T7150 250:278.048 - 0.577ms returns FALSE
T7150 250:278.096 JLINK_IsHalted()
T7150 250:278.656 - 0.553ms returns FALSE
T7150 250:386.816 JLINK_IsHalted()
T7150 250:387.328 - 0.509ms returns FALSE
T7150 250:387.376 JLINK_IsHalted()
T7150 250:387.808 - 0.440ms returns FALSE
T7150 250:496.608 JLINK_IsHalted()
T7150 250:497.328 - 0.714ms returns FALSE
T7150 250:497.488 JLINK_IsHalted()
T7150 250:498.016 - 0.544ms returns FALSE
T7150 250:605.856 JLINK_IsHalted()
T7150 250:606.384 - 0.548ms returns FALSE
T7150 250:606.432 JLINK_IsHalted()
T7150 250:606.880 - 0.443ms returns FALSE
T7150 250:714.912 JLINK_IsHalted()
T7150 250:715.600 - 0.694ms returns FALSE
T7150 250:715.696 JLINK_IsHalted()
T7150 250:716.256 - 0.569ms returns FALSE
T7150 250:824.784 JLINK_IsHalted()
T7150 250:825.600 - 0.811ms returns FALSE
T7150 250:825.728 JLINK_IsHalted()
T7150 250:826.272 - 0.523ms returns FALSE
T7150 250:933.280 JLINK_IsHalted()
T7150 250:933.936 - 0.655ms returns FALSE
T7150 250:933.984 JLINK_IsHalted()
T7150 250:934.560 - 0.568ms returns FALSE
T7150 251:043.024 JLINK_IsHalted()
T7150 251:043.744 - 0.711ms returns FALSE
T7150 251:043.936 JLINK_IsHalted()
T7150 251:044.432 - 0.498ms returns FALSE
T7150 251:152.208 JLINK_IsHalted()
T7150 251:152.720 - 0.512ms returns FALSE
T7150 251:152.848 JLINK_IsHalted()
T7150 251:153.440 - 0.592ms returns FALSE
T9440 251:174.560 JLINK_IsHalted()
T9440 251:175.392 - 0.842ms returns FALSE
T9440 251:175.552 JLINK_IsHalted()
T9440 251:176.112 - 0.581ms returns FALSE
T7150 251:263.920 JLINK_IsHalted()
T7150 251:264.384 - 0.454ms returns FALSE
T7150 251:264.464 JLINK_IsHalted()
T7150 251:264.896 - 0.445ms returns FALSE
T7150 251:371.312 JLINK_IsHalted()
T7150 251:371.936 - 0.605ms returns FALSE
T7150 251:372.000 JLINK_IsHalted()
T7150 251:372.368 - 0.356ms returns FALSE
T7150 251:481.056 JLINK_IsHalted()
T7150 251:481.632 - 0.554ms returns FALSE
T7150 251:481.680 JLINK_IsHalted()
T7150 251:482.192 - 0.522ms returns FALSE
T7150 251:590.048 JLINK_IsHalted()
T7150 251:590.560 - 0.515ms returns FALSE
T7150 251:590.688 JLINK_IsHalted()
T7150 251:591.216 - 0.519ms returns FALSE
T7150 251:699.792 JLINK_IsHalted()
T7150 251:700.640 - 0.832ms returns FALSE
T7150 251:700.768 JLINK_IsHalted()
T7150 251:701.408 - 0.630ms returns FALSE
T7150 251:810.352 JLINK_IsHalted()
T7150 251:811.072 - 0.720ms returns FALSE
T7150 251:811.200 JLINK_IsHalted()
T7150 251:811.792 - 0.596ms returns FALSE
T7150 251:918.080 JLINK_IsHalted()
T7150 251:918.720 - 0.618ms returns FALSE
T7150 251:918.800 JLINK_IsHalted()
T7150 251:919.440 - 0.633ms returns FALSE
T7150 252:027.520 JLINK_IsHalted()
T7150 252:028.240 - 0.710ms returns FALSE
T7150 252:028.384 JLINK_IsHalted()
T7150 252:028.976 - 0.602ms returns FALSE
T7150 252:136.928 JLINK_IsHalted()
T7150 252:137.568 - 0.620ms returns FALSE
T7150 252:137.632 JLINK_IsHalted()
T7150 252:138.112 - 0.482ms returns FALSE
T9440 252:178.128 JLINK_IsHalted()
T9440 252:178.608 - 0.480ms returns FALSE
T9440 252:178.688 JLINK_IsHalted()
T9440 252:179.104 - 0.416ms returns FALSE
T7150 252:246.016 JLINK_IsHalted()
T7150 252:246.736 - 0.706ms returns FALSE
T7150 252:246.816 JLINK_IsHalted()
T7150 252:247.344 - 0.537ms returns FALSE
T7150 252:356.016 JLINK_IsHalted()
T7150 252:356.736 - 0.725ms returns FALSE
T7150 252:356.864 JLINK_IsHalted()
T7150 252:358.048 - 1.188ms returns FALSE
T7150 252:465.888 JLINK_IsHalted()
T7150 252:466.528 - 0.644ms returns FALSE
T7150 252:466.560 JLINK_IsHalted()
T7150 252:466.976 - 0.417ms returns FALSE
T7150 252:574.080 JLINK_IsHalted()
T7150 252:574.624 - 0.543ms returns FALSE
T7150 252:574.688 JLINK_IsHalted()
T7150 252:575.136 - 0.426ms returns FALSE
T7150 252:683.488 JLINK_IsHalted()
T7150 252:684.256 - 0.770ms returns FALSE
T7150 252:684.336 JLINK_IsHalted()
T7150 252:684.848 - 0.500ms returns FALSE
T7150 252:793.168 JLINK_IsHalted()
T7150 252:793.808 - 0.654ms returns FALSE
T7150 252:793.952 JLINK_IsHalted()
T7150 252:794.464 - 0.508ms returns FALSE
T7150 252:902.496 JLINK_IsHalted()
T7150 252:903.120 - 0.619ms returns FALSE
T7150 252:903.168 JLINK_IsHalted()
T7150 252:903.648 - 0.491ms returns FALSE
T7150 253:011.888 JLINK_IsHalted()
T7150 253:012.528 - 0.658ms returns FALSE
T7150 253:012.608 JLINK_IsHalted()
T7150 253:013.152 - 0.521ms returns FALSE
T7150 253:121.072 JLINK_IsHalted()
T7150 253:121.712 - 0.621ms returns FALSE
T7150 253:121.760 JLINK_IsHalted()
T7150 253:122.272 - 0.504ms returns FALSE
T9440 253:179.776 JLINK_IsHalted()
T9440 253:180.384 - 0.600ms returns FALSE
T9440 253:180.464 JLINK_IsHalted()
T9440 253:180.832 - 0.359ms returns FALSE
T7150 253:231.056 JLINK_IsHalted()
T7150 253:231.840 - 0.794ms returns FALSE
T7150 253:231.968 JLINK_IsHalted()
T7150 253:232.480 - 0.516ms returns FALSE
T7150 253:340.368 JLINK_IsHalted()
T7150 253:341.008 - 0.644ms returns FALSE
T7150 253:341.056 JLINK_IsHalted()
T7150 253:341.408 - 0.347ms returns FALSE
T7150 253:449.904 JLINK_IsHalted()
T7150 253:450.528 - 0.610ms returns FALSE
T7150 253:450.704 JLINK_IsHalted()
T7150 253:451.216 - 0.512ms returns FALSE
T7150 253:558.880 JLINK_IsHalted()
T7150 253:559.552 - 0.674ms returns FALSE
T7150 253:559.680 JLINK_IsHalted()
T7150 253:560.160 - 0.473ms returns FALSE
T7150 253:668.528 JLINK_IsHalted()
T7150 253:669.152 - 0.619ms returns FALSE
T7150 253:669.200 JLINK_IsHalted()
T7150 253:669.680 - 0.473ms returns FALSE
T7150 253:777.200 JLINK_IsHalted()
T7150 253:777.664 - 0.475ms returns FALSE
T7150 253:777.712 JLINK_IsHalted()
T7150 253:778.144 - 0.420ms returns FALSE
T7150 253:887.488 JLINK_IsHalted()
T7150 253:888.256 - 0.772ms returns FALSE
T7150 253:888.384 JLINK_IsHalted()
T7150 253:889.952 - 1.565ms returns FALSE
T7150 253:996.640 JLINK_IsHalted()
T7150 253:997.232 - 0.589ms returns FALSE
T7150 253:997.392 JLINK_IsHalted()
T7150 253:997.824 - 0.428ms returns FALSE
T7150 254:105.696 JLINK_IsHalted()
T7150 254:106.288 - 0.568ms returns FALSE
T7150 254:106.320 JLINK_IsHalted()
T7150 254:106.848 - 0.515ms returns FALSE
T9440 254:182.176 JLINK_IsHalted()
T9440 254:183.040 - 0.891ms returns FALSE
T9440 254:183.344 JLINK_IsHalted()
T9440 254:184.224 - 0.855ms returns FALSE
T7150 254:214.960 JLINK_IsHalted()
T7150 254:215.760 - 0.806ms returns FALSE
T7150 254:215.936 JLINK_IsHalted()
T7150 254:216.528 - 0.589ms returns FALSE
T7150 254:325.200 JLINK_IsHalted()
T7150 254:325.728 - 0.528ms returns FALSE
T7150 254:325.792 JLINK_IsHalted()
T7150 254:326.224 - 0.427ms returns FALSE
T7150 254:433.712 JLINK_IsHalted()
T7150 254:434.256 - 0.529ms returns FALSE
T7150 254:434.336 JLINK_IsHalted()
T7150 254:434.768 - 0.438ms returns FALSE
T7150 254:543.104 JLINK_IsHalted()
T7150 254:543.904 - 0.792ms returns FALSE
T7150 254:543.968 JLINK_IsHalted()
T7150 254:544.560 - 0.593ms returns FALSE
T7150 254:652.544 JLINK_IsHalted()
T7150 254:653.184 - 0.633ms returns FALSE
T7150 254:653.264 JLINK_IsHalted()
T7150 254:653.664 - 0.427ms returns FALSE
T7150 254:761.696 JLINK_IsHalted()
T7150 254:762.240 - 0.554ms returns FALSE
T7150 254:762.288 JLINK_IsHalted()
T7150 254:762.672 - 0.375ms returns FALSE
T7150 254:871.472 JLINK_IsHalted()
T7150 254:872.112 - 0.633ms returns FALSE
T7150 254:872.160 JLINK_IsHalted()
T7150 254:872.544 - 0.399ms returns FALSE
T7150 254:980.864 JLINK_IsHalted()
T7150 254:981.584 - 0.717ms returns FALSE
T7150 254:981.664 JLINK_IsHalted()
T7150 254:982.192 - 0.546ms returns FALSE
T7150 255:089.664 JLINK_IsHalted()
T7150 255:090.432 - 0.763ms returns FALSE
T7150 255:090.512 JLINK_IsHalted()
T7150 255:091.120 - 0.608ms returns FALSE
T9440 255:186.080 JLINK_IsHalted()
T9440 255:186.608 - 0.528ms returns FALSE
T9440 255:186.640 JLINK_IsHalted()
T9440 255:187.040 - 0.401ms returns FALSE
T7150 255:198.944 JLINK_IsHalted()
T7150 255:200.432 - 1.465ms returns FALSE
T7150 255:200.480 JLINK_IsHalted()
T7150 255:200.864 - 0.368ms returns FALSE
T7150 255:308.624 JLINK_IsHalted()
T7150 255:310.624 - 2.005ms returns FALSE
T7150 255:310.688 JLINK_IsHalted()
T7150 255:311.072 - 0.377ms returns FALSE
T7150 255:418.400 JLINK_IsHalted()
T7150 255:418.960 - 0.567ms returns FALSE
T7150 255:419.040 JLINK_IsHalted()
T7150 255:419.424 - 0.378ms returns FALSE
T7150 255:527.200 JLINK_IsHalted()
T7150 255:527.680 - 0.489ms returns FALSE
T7150 255:527.728 JLINK_IsHalted()
T7150 255:528.160 - 0.435ms returns FALSE
T7150 255:637.088 JLINK_IsHalted()
T7150 255:637.792 - 0.698ms returns FALSE
T7150 255:637.920 JLINK_IsHalted()
T7150 255:638.400 - 0.503ms returns FALSE
T7150 255:745.824 JLINK_IsHalted()
T7150 255:746.464 - 0.651ms returns FALSE
T7150 255:746.560 JLINK_IsHalted()
T7150 255:747.120 - 0.557ms returns FALSE
T7150 255:855.664 JLINK_IsHalted()
T7150 255:856.256 - 0.603ms returns FALSE
T7150 255:856.336 JLINK_IsHalted()
T7150 255:856.976 - 0.645ms returns FALSE
T7150 255:964.640 JLINK_IsHalted()
T7150 255:965.360 - 0.706ms returns FALSE
T7150 255:965.520 JLINK_IsHalted()
T7150 255:966.160 - 0.656ms returns FALSE
T7150 256:074.880 JLINK_IsHalted()
T7150 256:075.520 - 0.659ms returns FALSE
T7150 256:075.568 JLINK_IsHalted()
T7150 256:076.128 - 0.554ms returns FALSE
T7150 256:183.472 JLINK_IsHalted()
T7150 256:184.016 - 0.520ms returns FALSE
T7150 256:184.032 JLINK_IsHalted()
T7150 256:186.576 - 2.508ms returns FALSE
T9440 256:187.936 JLINK_IsHalted()
T9440 256:188.624 - 0.699ms returns FALSE
T9440 256:188.752 JLINK_IsHalted()
T9440 256:189.312 - 0.551ms returns FALSE
T7150 256:293.248 JLINK_IsHalted()
T7150 256:296.032 - 2.795ms returns FALSE
T7150 256:296.272 JLINK_IsHalted()
T7150 256:296.832 - 0.573ms returns FALSE
T7150 256:402.912 JLINK_IsHalted()
T7150 256:403.616 - 0.686ms returns FALSE
T7150 256:403.680 JLINK_IsHalted()
T7150 256:404.224 - 0.528ms returns FALSE
T7150 256:512.080 JLINK_IsHalted()
T7150 256:512.672 - 0.587ms returns FALSE
T7150 256:512.768 JLINK_IsHalted()
T7150 256:513.312 - 0.535ms returns FALSE
T7150 256:620.880 JLINK_IsHalted()
T7150 256:621.360 - 0.475ms returns FALSE
T7150 256:621.408 JLINK_IsHalted()
T7150 256:621.824 - 0.402ms returns FALSE
T7150 256:730.848 JLINK_IsHalted()
T7150 256:731.488 - 0.650ms returns FALSE
T7150 256:731.552 JLINK_IsHalted()
T7150 256:732.032 - 0.497ms returns FALSE
T7150 256:839.936 JLINK_IsHalted()
T7150 256:840.784 - 0.851ms returns FALSE
T7150 256:840.880 JLINK_IsHalted()
T7150 256:842.928 - 2.045ms returns FALSE
T7150 256:949.504 JLINK_IsHalted()
T7150 256:950.320 - 0.823ms returns FALSE
T7150 256:950.448 JLINK_IsHalted()
T7150 256:951.120 - 0.657ms returns FALSE
T7150 257:058.592 JLINK_IsHalted()
T7150 257:059.296 - 0.736ms returns FALSE
T7150 257:059.376 JLINK_IsHalted()
T7150 257:059.872 - 0.501ms returns FALSE
T7150 257:168.416 JLINK_IsHalted()
T7150 257:169.152 - 0.763ms returns FALSE
T7150 257:169.248 JLINK_IsHalted()
T7150 257:169.888 - 0.626ms returns FALSE
T9440 257:190.272 JLINK_IsHalted()
T9440 257:190.880 - 0.618ms returns FALSE
T9440 257:191.008 JLINK_IsHalted()
T9440 257:191.552 - 0.544ms returns FALSE
T7150 257:277.600 JLINK_IsHalted()
T7150 257:279.744 - 2.128ms returns FALSE
T7150 257:280.000 JLINK_IsHalted()
T7150 257:280.720 - 0.704ms returns FALSE
T7150 257:387.040 JLINK_IsHalted()
T7150 257:387.728 - 0.669ms returns FALSE
T7150 257:387.856 JLINK_IsHalted()
T7150 257:388.384 - 0.540ms returns FALSE
T7150 257:495.968 JLINK_IsHalted()
T7150 257:496.480 - 0.496ms returns FALSE
T7150 257:496.528 JLINK_IsHalted()
T7150 257:496.992 - 0.451ms returns FALSE
T7150 257:606.064 JLINK_IsHalted()
T7150 257:606.816 - 0.728ms returns FALSE
T7150 257:606.944 JLINK_IsHalted()
T7150 257:607.456 - 0.516ms returns FALSE
T7150 257:714.656 JLINK_IsHalted()
T7150 257:715.280 - 0.638ms returns FALSE
T7150 257:715.360 JLINK_IsHalted()
T7150 257:715.808 - 0.463ms returns FALSE
T7150 257:824.512 JLINK_IsHalted()
T7150 257:825.312 - 0.793ms returns FALSE
T7150 257:825.456 JLINK_IsHalted()
T7150 257:826.128 - 0.665ms returns FALSE
T7150 257:933.984 JLINK_IsHalted()
T7150 257:934.544 - 0.577ms returns FALSE
T7150 257:934.624 JLINK_IsHalted()
T7150 257:935.056 - 0.444ms returns FALSE
T7150 258:042.720 JLINK_IsHalted()
T7150 258:043.184 - 0.449ms returns FALSE
T7150 258:043.232 JLINK_IsHalted()
T7150 258:043.648 - 0.420ms returns FALSE
T7150 258:152.368 JLINK_IsHalted()
T7150 258:152.736 - 0.378ms returns FALSE
T7150 258:152.800 JLINK_IsHalted()
T7150 258:153.120 - 0.303ms returns FALSE
T9440 258:193.056 JLINK_IsHalted()
T9440 258:193.440 - 0.384ms returns FALSE
T9440 258:193.504 JLINK_IsHalted()
T9440 258:193.872 - 0.374ms returns FALSE
T7150 258:262.272 JLINK_IsHalted()
T7150 258:263.120 - 0.843ms returns FALSE
T7150 258:263.248 JLINK_IsHalted()
T7150 258:263.936 - 0.670ms returns FALSE
T7150 258:371.280 JLINK_IsHalted()
T7150 258:372.048 - 0.767ms returns FALSE
T7150 258:372.256 JLINK_IsHalted()
T7150 258:372.944 - 0.694ms returns FALSE
T7150 258:480.640 JLINK_IsHalted()
T7150 258:481.152 - 0.520ms returns FALSE
T7150 258:481.200 JLINK_IsHalted()
T7150 258:483.536 - 2.325ms returns FALSE
T7150 258:592.304 JLINK_IsHalted()
T7150 258:592.944 - 0.632ms returns FALSE
T7150 258:593.072 JLINK_IsHalted()
T7150 258:595.200 - 2.135ms returns FALSE
T7150 258:699.440 JLINK_IsHalted()
T7150 258:700.064 - 0.611ms returns FALSE
T7150 258:700.112 JLINK_IsHalted()
T7150 258:700.624 - 0.536ms returns FALSE
T7150 258:809.424 JLINK_IsHalted()
T7150 258:810.032 - 0.619ms returns FALSE
T7150 258:810.160 JLINK_IsHalted()
T7150 258:810.784 - 0.624ms returns FALSE
T7150 258:918.576 JLINK_IsHalted()
T7150 258:919.376 - 0.800ms returns FALSE
T7150 258:919.504 JLINK_IsHalted()
T7150 258:920.144 - 0.639ms returns FALSE
T7150 259:027.024 JLINK_IsHalted()
T7150 259:027.888 - 0.877ms returns FALSE
T7150 259:028.016 JLINK_IsHalted()
T7150 259:028.512 - 0.490ms returns FALSE
T7150 259:136.512 JLINK_IsHalted()
T7150 259:137.072 - 0.559ms returns FALSE
T7150 259:137.120 JLINK_IsHalted()
T7150 259:137.584 - 0.462ms returns FALSE
T9440 259:195.648 JLINK_IsHalted()
T9440 259:196.416 - 0.770ms returns FALSE
T9440 259:196.544 JLINK_IsHalted()
T9440 259:197.136 - 0.564ms returns FALSE
T7150 259:245.952 JLINK_IsHalted()
T7150 259:247.328 - 1.390ms returns FALSE
T7150 259:247.392 JLINK_IsHalted()
T7150 259:248.032 - 0.611ms returns FALSE
T7150 259:355.424 JLINK_IsHalted()
T7150 259:356.032 - 0.622ms returns FALSE
T7150 259:356.160 JLINK_IsHalted()
T7150 259:356.640 - 0.477ms returns FALSE
T7150 259:464.864 JLINK_IsHalted()
T7150 259:465.472 - 0.623ms returns FALSE
T7150 259:465.520 JLINK_IsHalted()
T7150 259:465.936 - 0.417ms returns FALSE
T7150 259:574.400 JLINK_IsHalted()
T7150 259:575.136 - 0.745ms returns FALSE
T7150 259:575.296 JLINK_IsHalted()
T7150 259:575.888 - 0.596ms returns FALSE
T7150 259:683.408 JLINK_IsHalted()
T7150 259:685.424 - 2.035ms returns FALSE
T7150 259:685.552 JLINK_IsHalted()
T7150 259:686.192 - 0.620ms returns FALSE
T7150 259:793.120 JLINK_IsHalted()
T7150 259:793.872 - 0.734ms returns FALSE
T7150 259:793.920 JLINK_IsHalted()
T7150 259:794.272 - 0.373ms returns FALSE
T7150 259:902.416 JLINK_IsHalted()
T7150 259:903.104 - 0.684ms returns FALSE
T7150 259:903.136 JLINK_IsHalted()
T7150 259:903.616 - 0.499ms returns FALSE
T7150 260:012.064 JLINK_IsHalted()
T7150 260:012.720 - 0.678ms returns FALSE
T7150 260:012.832 JLINK_IsHalted()
T7150 260:013.312 - 0.476ms returns FALSE
T7150 260:121.264 JLINK_IsHalted()
T7150 260:121.904 - 0.661ms returns FALSE
T7150 260:121.984 JLINK_IsHalted()
T7150 260:122.592 - 0.595ms returns FALSE
T9440 260:197.664 JLINK_IsHalted()
T9440 260:198.496 - 0.843ms returns FALSE
T9440 260:198.656 JLINK_IsHalted()
T9440 260:199.136 - 0.491ms returns FALSE
T7150 260:230.192 JLINK_IsHalted()
T7150 260:230.736 - 0.537ms returns FALSE
T7150 260:230.832 JLINK_IsHalted()
T7150 260:231.328 - 0.471ms returns FALSE
T7150 260:340.480 JLINK_IsHalted()
T7150 260:341.072 - 0.569ms returns FALSE
T7150 260:341.120 JLINK_IsHalted()
T7150 260:341.808 - 0.689ms returns FALSE
T7150 260:449.824 JLINK_IsHalted()
T7150 260:450.592 - 0.748ms returns FALSE
T7150 260:450.720 JLINK_IsHalted()
T7150 260:451.296 - 0.588ms returns FALSE
T7150 260:559.136 JLINK_IsHalted()
T7150 260:559.648 - 0.527ms returns FALSE
T7150 260:559.696 JLINK_IsHalted()
T7150 260:560.080 - 0.388ms returns FALSE
T7150 260:668.192 JLINK_IsHalted()
T7150 260:670.240 - 2.041ms returns FALSE
T7150 260:670.304 JLINK_IsHalted()
T7150 260:670.880 - 0.546ms returns FALSE
T7150 260:777.088 JLINK_IsHalted()
T7150 260:777.936 - 0.841ms returns FALSE
T7150 260:778.080 JLINK_IsHalted()
T7150 260:778.912 - 0.830ms returns FALSE
T7150 260:887.296 JLINK_IsHalted()
T7150 260:887.888 - 0.590ms returns FALSE
T7150 260:887.968 JLINK_IsHalted()
T7150 260:888.416 - 0.476ms returns FALSE
T7150 260:996.320 JLINK_IsHalted()
T7150 260:997.072 - 0.717ms returns FALSE
T7150 260:997.216 JLINK_IsHalted()
T7150 260:997.680 - 0.461ms returns FALSE
T7150 261:106.096 JLINK_IsHalted()
T7150 261:106.816 - 0.713ms returns FALSE
T7150 261:106.976 JLINK_IsHalted()
T7150 261:107.664 - 0.696ms returns FALSE
T9440 261:200.208 JLINK_IsHalted()
T9440 261:200.928 - 0.701ms returns FALSE
T9440 261:201.104 JLINK_IsHalted()
T9440 261:201.744 - 0.651ms returns FALSE
T7150 261:215.648 JLINK_IsHalted()
T7150 261:216.304 - 0.670ms returns FALSE
T7150 261:216.416 JLINK_IsHalted()
T7150 261:216.992 - 0.582ms returns FALSE
T7150 261:324.000 JLINK_IsHalted()
T7150 261:324.464 - 0.453ms returns FALSE
T7150 261:324.512 JLINK_IsHalted()
T7150 261:324.848 - 0.349ms returns FALSE
T7150 261:433.520 JLINK_IsHalted()
T7150 261:434.144 - 0.623ms returns FALSE
T7150 261:434.208 JLINK_IsHalted()
T7150 261:434.704 - 0.477ms returns FALSE
T7150 261:543.088 JLINK_IsHalted()
T7150 261:543.840 - 0.759ms returns FALSE
T7150 261:543.984 JLINK_IsHalted()
T7150 261:544.528 - 0.534ms returns FALSE
T7150 261:652.192 JLINK_IsHalted()
T7150 261:652.992 - 0.800ms returns FALSE
T7150 261:653.040 JLINK_IsHalted()
T7150 261:653.456 - 0.410ms returns FALSE
T7150 261:762.384 JLINK_IsHalted()
T7150 261:763.104 - 0.706ms returns FALSE
T7150 261:763.280 JLINK_IsHalted()
T7150 261:763.760 - 0.481ms returns FALSE
T7150 261:871.056 JLINK_IsHalted()
T7150 261:871.616 - 0.549ms returns FALSE
T7150 261:871.648 JLINK_IsHalted()
T7150 261:872.128 - 0.464ms returns FALSE
T7150 261:980.544 JLINK_IsHalted()
T7150 261:981.184 - 0.637ms returns FALSE
T7150 261:981.264 JLINK_IsHalted()
T7150 261:981.792 - 0.545ms returns FALSE
T7150 262:090.160 JLINK_IsHalted()
T7150 262:090.848 - 0.685ms returns FALSE
T7150 262:090.976 JLINK_IsHalted()
T7150 262:091.440 - 0.471ms returns FALSE
T7150 262:199.840 JLINK_IsHalted()
T7150 262:200.448 - 0.605ms returns FALSE
T7150 262:200.496 JLINK_IsHalted()
T7150 262:200.880 - 0.403ms returns FALSE
T9440 262:202.240 JLINK_IsHalted()
T9440 262:202.672 - 0.439ms returns FALSE
T9440 262:202.720 JLINK_IsHalted()
T9440 262:203.136 - 0.397ms returns FALSE
T7150 262:309.088 JLINK_IsHalted()
T7150 262:309.712 - 0.615ms returns FALSE
T7150 262:309.760 JLINK_IsHalted()
T7150 262:310.368 - 0.613ms returns FALSE
T7150 262:417.792 JLINK_IsHalted()
T7150 262:418.400 - 0.610ms returns FALSE
T7150 262:418.480 JLINK_IsHalted()
T7150 262:418.976 - 0.490ms returns FALSE
T7150 262:528.336 JLINK_IsHalted()
T7150 262:529.024 - 0.687ms returns FALSE
T7150 262:529.120 JLINK_IsHalted()
T7150 262:529.744 - 0.624ms returns FALSE
T7150 262:637.728 JLINK_IsHalted()
T7150 262:638.304 - 0.582ms returns FALSE
T7150 262:638.336 JLINK_IsHalted()
T7150 262:638.800 - 0.455ms returns FALSE
T7150 262:746.752 JLINK_IsHalted()
T7150 262:747.424 - 0.644ms returns FALSE
T7150 262:747.488 JLINK_IsHalted()
T7150 262:747.952 - 0.453ms returns FALSE
T7150 262:855.856 JLINK_IsHalted()
T7150 262:856.368 - 0.517ms returns FALSE
T7150 262:856.448 JLINK_IsHalted()
T7150 262:856.800 - 0.363ms returns FALSE
T7150 262:965.120 JLINK_IsHalted()
T7150 262:965.840 - 0.707ms returns FALSE
T7150 262:965.968 JLINK_IsHalted()
T7150 262:966.496 - 0.538ms returns FALSE
T7150 263:074.224 JLINK_IsHalted()
T7150 263:074.784 - 0.558ms returns FALSE
T7150 263:074.848 JLINK_IsHalted()
T7150 263:075.328 - 0.490ms returns FALSE
T7150 263:183.360 JLINK_IsHalted()
T7150 263:183.952 - 0.581ms returns FALSE
T7150 263:184.000 JLINK_IsHalted()
T7150 263:184.512 - 0.511ms returns FALSE
T9440 263:203.488 JLINK_IsHalted()
T9440 263:204.048 - 0.563ms returns FALSE
T9440 263:204.128 JLINK_IsHalted()
T9440 263:204.576 - 0.466ms returns FALSE
T7150 263:292.928 JLINK_IsHalted()
T7150 263:293.536 - 0.594ms returns FALSE
T7150 263:293.600 JLINK_IsHalted()
T7150 263:294.032 - 0.454ms returns FALSE
T7150 263:402.720 JLINK_IsHalted()
T7150 263:403.312 - 0.587ms returns FALSE
T7150 263:403.360 JLINK_IsHalted()
T7150 263:403.696 - 0.334ms returns FALSE
T7150 263:512.272 JLINK_IsHalted()
T7150 263:512.880 - 0.609ms returns FALSE
T7150 263:512.912 JLINK_IsHalted()
T7150 263:513.392 - 0.469ms returns FALSE
T7150 263:620.912 JLINK_IsHalted()
T7150 263:621.600 - 0.683ms returns FALSE
T7150 263:621.712 JLINK_IsHalted()
T7150 263:622.192 - 0.477ms returns FALSE
T7150 263:730.480 JLINK_IsHalted()
T7150 263:731.248 - 0.778ms returns FALSE
T7150 263:731.376 JLINK_IsHalted()
T7150 263:731.872 - 0.486ms returns FALSE
T7150 263:839.968 JLINK_IsHalted()
T7150 263:840.512 - 0.537ms returns FALSE
T7150 263:840.560 JLINK_IsHalted()
T7150 263:841.024 - 0.466ms returns FALSE
T7150 263:951.200 JLINK_IsHalted()
T7150 263:951.664 - 0.465ms returns FALSE
T7150 263:951.744 JLINK_IsHalted()
T7150 263:952.176 - 0.429ms returns FALSE
T7150 264:058.208 JLINK_IsHalted()
T7150 264:058.880 - 0.675ms returns FALSE
T7150 264:058.928 JLINK_IsHalted()
T7150 264:059.440 - 0.512ms returns FALSE
T7150 264:167.888 JLINK_IsHalted()
T7150 264:168.528 - 0.629ms returns FALSE
T7150 264:168.704 JLINK_IsHalted()
T7150 264:169.312 - 0.610ms returns FALSE
T9440 264:205.408 JLINK_IsHalted()
T9440 264:206.128 - 0.730ms returns FALSE
T9440 264:206.256 JLINK_IsHalted()
T9440 264:206.800 - 0.529ms returns FALSE
T7150 264:277.840 JLINK_IsHalted()
T7150 264:280.736 - 2.890ms returns FALSE
T7150 264:280.880 JLINK_IsHalted()
T7150 264:281.472 - 0.586ms returns FALSE
T7150 264:387.840 JLINK_IsHalted()
T7150 264:388.528 - 0.676ms returns FALSE
T7150 264:388.656 JLINK_IsHalted()
T7150 264:389.088 - 0.447ms returns FALSE
T7150 264:496.688 JLINK_IsHalted()
T7150 264:497.360 - 0.681ms returns FALSE
T7150 264:497.504 JLINK_IsHalted()
T7150 264:498.016 - 0.533ms returns FALSE
T7150 264:606.112 JLINK_IsHalted()
T7150 264:606.720 - 0.609ms returns FALSE
T7150 264:606.800 JLINK_IsHalted()
T7150 264:607.328 - 0.537ms returns FALSE
T7150 264:714.848 JLINK_IsHalted()
T7150 264:715.568 - 0.720ms returns FALSE
T7150 264:715.872 JLINK_IsHalted()
T7150 264:716.336 - 0.467ms returns FALSE
T7150 264:824.528 JLINK_IsHalted()
T7150 264:825.312 - 0.787ms returns FALSE
T7150 264:825.424 JLINK_IsHalted()
T7150 264:825.936 - 0.523ms returns FALSE
T7150 264:933.632 JLINK_IsHalted()
T7150 264:934.432 - 0.788ms returns FALSE
T7150 264:934.560 JLINK_IsHalted()
T7150 264:935.216 - 0.656ms returns FALSE
T7150 265:043.248 JLINK_IsHalted()
T7150 265:043.744 - 0.483ms returns FALSE
T7150 265:043.792 JLINK_IsHalted()
T7150 265:045.424 - 1.643ms returns FALSE
T7150 265:152.256 JLINK_IsHalted()
T7150 265:152.736 - 0.482ms returns FALSE
T7150 265:152.768 JLINK_IsHalted()
T7150 265:153.248 - 0.432ms returns FALSE
T9440 265:208.672 JLINK_IsHalted()
T9440 265:209.440 - 0.747ms returns FALSE
T9440 265:209.568 JLINK_IsHalted()
T9440 265:209.984 - 0.407ms returns FALSE
T7150 265:262.240 JLINK_IsHalted()
T7150 265:262.848 - 0.611ms returns FALSE
T7150 265:262.896 JLINK_IsHalted()
T7150 265:263.408 - 0.494ms returns FALSE
T7150 265:371.312 JLINK_IsHalted()
T7150 265:372.080 - 0.767ms returns FALSE
T7150 265:372.240 JLINK_IsHalted()
T7150 265:372.832 - 0.598ms returns FALSE
T7150 265:480.928 JLINK_IsHalted()
T7150 265:481.440 - 0.521ms returns FALSE
T7150 265:481.568 JLINK_IsHalted()
T7150 265:481.984 - 0.425ms returns FALSE
T7150 265:590.624 JLINK_IsHalted()
T7150 265:591.328 - 0.702ms returns FALSE
T7150 265:591.456 JLINK_IsHalted()
T7150 265:591.936 - 0.471ms returns FALSE
T7150 265:699.072 JLINK_IsHalted()
T7150 265:699.632 - 0.567ms returns FALSE
T7150 265:699.712 JLINK_IsHalted()
T7150 265:700.192 - 0.471ms returns FALSE
T7150 265:809.024 JLINK_IsHalted()
T7150 265:809.888 - 0.860ms returns FALSE
T7150 265:810.048 JLINK_IsHalted()
T7150 265:810.592 - 0.535ms returns FALSE
T7150 265:918.112 JLINK_IsHalted()
T7150 265:918.848 - 0.739ms returns FALSE
T7150 265:918.896 JLINK_IsHalted()
T7150 265:921.232 - 2.326ms returns FALSE
T7150 266:027.904 JLINK_IsHalted()
T7150 266:028.752 - 0.835ms returns FALSE
T7150 266:028.896 JLINK_IsHalted()
T7150 266:029.488 - 0.584ms returns FALSE
T7150 266:137.952 JLINK_IsHalted()
T7150 266:138.704 - 0.727ms returns FALSE
T7150 266:138.832 JLINK_IsHalted()
T7150 266:139.472 - 0.640ms returns FALSE
T9440 266:210.352 JLINK_IsHalted()
T9440 266:211.024 - 0.654ms returns FALSE
T9440 266:211.120 JLINK_IsHalted()
T9440 266:211.632 - 0.518ms returns FALSE
T7150 266:246.096 JLINK_IsHalted()
T7150 266:246.816 - 0.704ms returns FALSE
T7150 266:246.944 JLINK_IsHalted()
T7150 266:247.504 - 0.557ms returns FALSE
T7150 266:355.104 JLINK_IsHalted()
T7150 266:357.856 - 2.749ms returns FALSE
T7150 266:357.968 JLINK_IsHalted()
T7150 266:358.432 - 0.454ms returns FALSE
T7150 266:465.408 JLINK_IsHalted()
T7150 266:467.872 - 2.460ms returns FALSE
T7150 266:468.096 JLINK_IsHalted()
T7150 266:470.832 - 2.732ms returns FALSE
T7150 266:574.384 JLINK_IsHalted()
T7150 266:575.136 - 0.729ms returns FALSE
T7150 266:575.264 JLINK_IsHalted()
T7150 266:575.776 - 0.522ms returns FALSE
T7150 266:684.032 JLINK_IsHalted()
T7150 266:684.576 - 0.561ms returns FALSE
T7150 266:684.640 JLINK_IsHalted()
T7150 266:685.280 - 0.618ms returns FALSE
T7150 266:793.312 JLINK_IsHalted()
T7150 266:793.952 - 0.632ms returns FALSE
T7150 266:794.016 JLINK_IsHalted()
T7150 266:794.576 - 0.550ms returns FALSE
T7150 266:903.040 JLINK_IsHalted()
T7150 266:903.840 - 0.782ms returns FALSE
T7150 266:903.936 JLINK_IsHalted()
T7150 266:904.528 - 0.573ms returns FALSE
T7150 267:011.712 JLINK_IsHalted()
T7150 267:012.528 - 0.814ms returns FALSE
T7150 267:012.656 JLINK_IsHalted()
T7150 267:013.344 - 0.690ms returns FALSE
T7150 267:121.744 JLINK_IsHalted()
T7150 267:122.720 - 0.954ms returns FALSE
T7150 267:122.816 JLINK_IsHalted()
T7150 267:123.376 - 0.564ms returns FALSE
T9440 267:213.216 JLINK_IsHalted()
T9440 267:213.792 - 0.594ms returns FALSE
T9440 267:213.904 JLINK_IsHalted()
T9440 267:214.384 - 0.484ms returns FALSE
T7150 267:230.976 JLINK_IsHalted()
T7150 267:233.104 - 2.131ms returns FALSE
T7150 267:233.200 JLINK_IsHalted()
T7150 267:233.664 - 0.451ms returns FALSE
T7150 267:339.728 JLINK_IsHalted()
T7150 267:340.368 - 0.632ms returns FALSE
T7150 267:340.416 JLINK_IsHalted()
T7150 267:340.848 - 0.431ms returns FALSE
T7150 267:448.912 JLINK_IsHalted()
T7150 267:449.648 - 0.760ms returns FALSE
T7150 267:449.776 JLINK_IsHalted()
T7150 267:451.728 - 1.945ms returns FALSE
T7150 267:559.072 JLINK_IsHalted()
T7150 267:559.680 - 0.623ms returns FALSE
T7150 267:559.776 JLINK_IsHalted()
T7150 267:560.368 - 0.595ms returns FALSE
T7150 267:667.808 JLINK_IsHalted()
T7150 267:668.608 - 0.776ms returns FALSE
T7150 267:668.704 JLINK_IsHalted()
T7150 267:669.808 - 1.123ms returns FALSE
T7150 267:777.568 JLINK_IsHalted()
T7150 267:778.432 - 0.871ms returns FALSE
T7150 267:778.640 JLINK_IsHalted()
T7150 267:779.232 - 0.605ms returns FALSE
T7150 267:887.584 JLINK_IsHalted()
T7150 267:888.352 - 0.759ms returns FALSE
T7150 267:888.432 JLINK_IsHalted()
T7150 267:888.976 - 0.517ms returns FALSE
T7150 267:996.368 JLINK_IsHalted()
T7150 267:997.104 - 0.733ms returns FALSE
T7150 267:997.264 JLINK_IsHalted()
T7150 267:997.824 - 0.566ms returns FALSE
T7150 268:106.160 JLINK_IsHalted()
T7150 268:106.832 - 0.669ms returns FALSE
T7150 268:106.928 JLINK_IsHalted()
T7150 268:107.600 - 0.659ms returns FALSE
T7150 268:215.008 JLINK_IsHalted()
T7150 268:215.552 - 0.531ms returns FALSE
T7150 268:215.600 JLINK_IsHalted()
T7150 268:215.936 - 0.337ms returns FALSE
T9440 268:216.064 JLINK_IsHalted()
T9440 268:216.576 - 0.512ms returns FALSE
T9440 268:216.608 JLINK_IsHalted()
T9440 268:218.656 - 2.030ms returns FALSE
T7150 268:324.768 JLINK_IsHalted()
T7150 268:325.456 - 0.689ms returns FALSE
T7150 268:325.552 JLINK_IsHalted()
T7150 268:326.064 - 0.496ms returns FALSE
T7150 268:433.744 JLINK_IsHalted()
T7150 268:434.272 - 0.554ms returns FALSE
T7150 268:434.336 JLINK_IsHalted()
T7150 268:434.784 - 0.450ms returns FALSE
T7150 268:542.784 JLINK_IsHalted()
T7150 268:543.424 - 0.644ms returns FALSE
T7150 268:543.552 JLINK_IsHalted()
T7150 268:544.192 - 0.613ms returns FALSE
T7150 268:652.224 JLINK_IsHalted()
T7150 268:652.832 - 0.604ms returns FALSE
T7150 268:652.896 JLINK_IsHalted()
T7150 268:653.344 - 0.432ms returns FALSE
T7150 268:761.920 JLINK_IsHalted()
T7150 268:763.840 - 1.909ms returns FALSE
T7150 268:763.968 JLINK_IsHalted()
T7150 268:764.480 - 0.519ms returns FALSE
T7150 268:871.648 JLINK_IsHalted()
T7150 268:872.320 - 0.664ms returns FALSE
T7150 268:872.480 JLINK_IsHalted()
T7150 268:873.056 - 0.586ms returns FALSE
T7150 268:980.640 JLINK_IsHalted()
T7150 268:981.504 - 0.878ms returns FALSE
T7150 268:981.696 JLINK_IsHalted()
T7150 268:982.272 - 0.586ms returns FALSE
T7150 269:089.600 JLINK_IsHalted()
T7150 269:091.744 - 2.111ms returns FALSE
T7150 269:091.808 JLINK_IsHalted()
T7150 269:092.416 - 0.596ms returns FALSE
T7150 269:199.008 JLINK_IsHalted()
T7150 269:199.744 - 0.745ms returns FALSE
T7150 269:199.904 JLINK_IsHalted()
T7150 269:200.416 - 0.515ms returns FALSE
T9440 269:220.032 JLINK_IsHalted()
T9440 269:220.768 - 0.747ms returns FALSE
T9440 269:220.896 JLINK_IsHalted()
T9440 269:221.440 - 0.541ms returns FALSE
T7150 269:309.472 JLINK_IsHalted()
T7150 269:311.456 - 2.013ms returns FALSE
T7150 269:311.552 JLINK_IsHalted()
T7150 269:312.064 - 0.540ms returns FALSE
T7150 269:418.816 JLINK_IsHalted()
T7150 269:419.520 - 0.712ms returns FALSE
T7150 269:419.680 JLINK_IsHalted()
T7150 269:420.096 - 0.433ms returns FALSE
T7150 269:527.552 JLINK_IsHalted()
T7150 269:528.256 - 0.688ms returns FALSE
T7150 269:528.384 JLINK_IsHalted()
T7150 269:530.720 - 2.330ms returns FALSE
T7150 269:636.672 JLINK_IsHalted()
T7150 269:637.312 - 0.666ms returns FALSE
T7150 269:637.376 JLINK_IsHalted()
T7150 269:638.080 - 0.700ms returns FALSE
T7150 269:747.264 JLINK_IsHalted()
T7150 269:748.288 - 1.006ms returns FALSE
T7150 269:748.416 JLINK_IsHalted()
T7150 269:748.992 - 0.578ms returns FALSE
T7150 269:855.936 JLINK_IsHalted()
T7150 269:856.832 - 0.879ms returns FALSE
T7150 269:856.960 JLINK_IsHalted()
T7150 269:857.536 - 0.579ms returns FALSE
T7150 269:965.184 JLINK_IsHalted()
T7150 269:966.048 - 0.869ms returns FALSE
T7150 269:966.272 JLINK_IsHalted()
T7150 269:966.848 - 0.541ms returns FALSE
T7150 270:074.560 JLINK_IsHalted()
T7150 270:075.232 - 0.698ms returns FALSE
T7150 270:075.328 JLINK_IsHalted()
T7150 270:075.744 - 0.437ms returns FALSE
T7150 270:183.840 JLINK_IsHalted()
T7150 270:184.608 - 0.781ms returns FALSE
T7150 270:184.736 JLINK_IsHalted()
T7150 270:185.312 - 0.591ms returns FALSE
T9440 270:222.592 JLINK_IsHalted()
T9440 270:223.040 - 0.429ms returns FALSE
T9440 270:223.072 JLINK_IsHalted()
T9440 270:223.424 - 0.355ms returns FALSE
T7150 270:293.568 JLINK_IsHalted()
T7150 270:294.336 - 0.755ms returns FALSE
T7150 270:294.464 JLINK_IsHalted()
T7150 270:294.976 - 0.467ms returns FALSE
T7150 270:403.008 JLINK_IsHalted()
T7150 270:405.952 - 2.945ms returns FALSE
T7150 270:406.208 JLINK_IsHalted()
T7150 270:406.784 - 0.590ms returns FALSE
T7150 270:511.648 JLINK_IsHalted()
T7150 270:512.416 - 0.762ms returns FALSE
T7150 270:512.576 JLINK_IsHalted()
T7150 270:513.184 - 0.616ms returns FALSE
T7150 270:621.632 JLINK_IsHalted()
T7150 270:622.272 - 0.672ms returns FALSE
T7150 270:622.432 JLINK_IsHalted()
T7150 270:623.072 - 0.645ms returns FALSE
T7150 270:731.072 JLINK_IsHalted()
T7150 270:731.744 - 0.653ms returns FALSE
T7150 270:731.840 JLINK_IsHalted()
T7150 270:732.480 - 0.624ms returns FALSE
T7150 270:842.144 JLINK_IsHalted()
T7150 270:842.944 - 0.783ms returns FALSE
T7150 270:843.072 JLINK_IsHalted()
T7150 270:843.808 - 0.726ms returns FALSE
T7150 270:949.952 JLINK_IsHalted()
T7150 270:952.096 - 2.102ms returns FALSE
T7150 270:952.256 JLINK_IsHalted()
T7150 270:952.896 - 0.648ms returns FALSE
T7150 271:058.976 JLINK_IsHalted()
T7150 271:059.488 - 0.523ms returns FALSE
T7150 271:059.552 JLINK_IsHalted()
T7150 271:059.904 - 0.358ms returns FALSE
T7150 271:167.552 JLINK_IsHalted()
T7150 271:168.320 - 0.726ms returns FALSE
T7150 271:168.416 JLINK_IsHalted()
T7150 271:169.024 - 0.622ms returns FALSE
T9440 271:224.384 JLINK_IsHalted()
T9440 271:226.912 - 2.541ms returns FALSE
T9440 271:227.040 JLINK_IsHalted()
T9440 271:227.712 - 0.662ms returns FALSE
T7150 271:277.280 JLINK_IsHalted()
T7150 271:277.920 - 0.647ms returns FALSE
T7150 271:277.984 JLINK_IsHalted()
T7150 271:278.400 - 0.447ms returns FALSE
T7150 271:387.488 JLINK_IsHalted()
T7150 271:388.352 - 0.884ms returns FALSE
T7150 271:388.480 JLINK_IsHalted()
T7150 271:388.992 - 0.483ms returns FALSE
T7150 271:497.472 JLINK_IsHalted()
T7150 271:498.144 - 0.662ms returns FALSE
T7150 271:498.240 JLINK_IsHalted()
T7150 271:498.848 - 0.629ms returns FALSE
T7150 271:605.376 JLINK_IsHalted()
T7150 271:606.016 - 0.620ms returns FALSE
T7150 271:606.112 JLINK_IsHalted()
T7150 271:606.688 - 0.545ms returns FALSE
T7150 271:714.944 JLINK_IsHalted()
T7150 271:715.680 - 0.741ms returns FALSE
T7150 271:715.840 JLINK_IsHalted()
T7150 271:717.408 - 1.551ms returns FALSE
T7150 271:824.704 JLINK_IsHalted()
T7150 271:825.504 - 0.782ms returns FALSE
T7150 271:825.664 JLINK_IsHalted()
T7150 271:826.240 - 0.578ms returns FALSE
T7150 271:933.504 JLINK_IsHalted()
T7150 271:934.208 - 0.707ms returns FALSE
T7150 271:934.368 JLINK_IsHalted()
T7150 271:934.912 - 0.565ms returns FALSE
T7150 272:043.296 JLINK_IsHalted()
T7150 272:043.936 - 0.614ms returns FALSE
T7150 272:044.064 JLINK_IsHalted()
T7150 272:044.544 - 0.477ms returns FALSE
T7150 272:152.640 JLINK_IsHalted()
T7150 272:153.408 - 0.759ms returns FALSE
T7150 272:153.536 JLINK_IsHalted()
T7150 272:154.016 - 0.482ms returns FALSE
T9440 272:229.376 JLINK_IsHalted()
T9440 272:230.176 - 0.800ms returns FALSE
T9440 272:230.336 JLINK_IsHalted()
T9440 272:230.848 - 0.540ms returns FALSE
T7150 272:262.432 JLINK_IsHalted()
T7150 272:263.072 - 0.652ms returns FALSE
T7150 272:263.200 JLINK_IsHalted()
T7150 272:263.712 - 0.499ms returns FALSE
T7150 272:371.328 JLINK_IsHalted()
T7150 272:371.904 - 0.591ms returns FALSE
T7150 272:372.032 JLINK_IsHalted()
T7150 272:372.576 - 0.553ms returns FALSE
T7150 272:481.056 JLINK_IsHalted()
T7150 272:481.696 - 0.636ms returns FALSE
T7150 272:481.792 JLINK_IsHalted()
T7150 272:482.368 - 0.543ms returns FALSE
T7150 272:590.432 JLINK_IsHalted()
T7150 272:590.944 - 0.520ms returns FALSE
T7150 272:591.008 JLINK_IsHalted()
T7150 272:591.424 - 0.438ms returns FALSE
T7150 272:699.552 JLINK_IsHalted()
T7150 272:700.352 - 0.807ms returns FALSE
T7150 272:700.480 JLINK_IsHalted()
T7150 272:700.992 - 0.531ms returns FALSE
T7150 272:809.152 JLINK_IsHalted()
T7150 272:809.888 - 0.701ms returns FALSE
T7150 272:810.048 JLINK_IsHalted()
T7150 272:810.624 - 0.587ms returns FALSE
T7150 272:918.464 JLINK_IsHalted()
T7150 272:919.200 - 0.699ms returns FALSE
T7150 272:919.296 JLINK_IsHalted()
T7150 272:919.744 - 0.473ms returns FALSE
T7150 273:027.072 JLINK_IsHalted()
T7150 273:028.000 - 0.923ms returns FALSE
T7150 273:028.096 JLINK_IsHalted()
T7150 273:028.704 - 0.595ms returns FALSE
T7150 273:137.472 JLINK_IsHalted()
T7150 273:138.080 - 0.594ms returns FALSE
T7150 273:138.208 JLINK_IsHalted()
T7150 273:138.752 - 0.549ms returns FALSE
T9440 273:232.736 JLINK_IsHalted()
T9440 273:233.344 - 0.604ms returns FALSE
T9440 273:233.440 JLINK_IsHalted()
T9440 273:235.392 - 1.929ms returns FALSE
T7150 273:245.920 JLINK_IsHalted()
T7150 273:249.280 - 3.329ms returns FALSE
T7150 273:249.440 JLINK_IsHalted()
T7150 273:250.048 - 0.627ms returns FALSE
T7150 273:355.808 JLINK_IsHalted()
T7150 273:356.608 - 0.789ms returns FALSE
T7150 273:356.736 JLINK_IsHalted()
T7150 273:357.248 - 0.540ms returns FALSE
T7150 273:465.280 JLINK_IsHalted()
T7150 273:465.888 - 0.619ms returns FALSE
T7150 273:465.952 JLINK_IsHalted()
T7150 273:466.496 - 0.535ms returns FALSE
T7150 273:574.240 JLINK_IsHalted()
T7150 273:575.104 - 0.864ms returns FALSE
T7150 273:575.232 JLINK_IsHalted()
T7150 273:575.840 - 0.589ms returns FALSE
T7150 273:684.096 JLINK_IsHalted()
T7150 273:684.800 - 0.700ms returns FALSE
T7150 273:684.896 JLINK_IsHalted()
T7150 273:685.504 - 0.625ms returns FALSE
T7150 273:792.928 JLINK_IsHalted()
T7150 273:793.440 - 0.508ms returns FALSE
T7150 273:793.472 JLINK_IsHalted()
T7150 273:793.984 - 0.485ms returns FALSE
T7150 273:902.144 JLINK_IsHalted()
T7150 273:902.784 - 0.669ms returns FALSE
T7150 273:902.944 JLINK_IsHalted()
T7150 273:903.552 - 0.626ms returns FALSE
T7150 274:011.456 JLINK_IsHalted()
T7150 274:012.192 - 0.746ms returns FALSE
T7150 274:012.352 JLINK_IsHalted()
T7150 274:012.864 - 0.504ms returns FALSE
T7150 274:121.056 JLINK_IsHalted()
T7150 274:121.792 - 0.723ms returns FALSE
T7150 274:122.016 JLINK_IsHalted()
T7150 274:122.624 - 0.612ms returns FALSE
T7150 274:230.368 JLINK_IsHalted()
T7150 274:231.264 - 0.894ms returns FALSE
T7150 274:231.392 JLINK_IsHalted()
T7150 274:232.000 - 0.601ms returns FALSE
T9440 274:236.224 JLINK_IsHalted()
T9440 274:236.992 - 0.752ms returns FALSE
T9440 274:237.152 JLINK_IsHalted()
T9440 274:237.920 - 0.777ms returns FALSE
T7150 274:340.288 JLINK_IsHalted()
T7150 274:340.896 - 0.597ms returns FALSE
T7150 274:340.960 JLINK_IsHalted()
T7150 274:341.408 - 0.457ms returns FALSE
T7150 274:450.752 JLINK_IsHalted()
T7150 274:452.832 - 2.106ms returns FALSE
T7150 274:452.928 JLINK_IsHalted()
T7150 274:453.440 - 0.529ms returns FALSE
T7150 274:559.296 JLINK_IsHalted()
T7150 274:559.968 - 0.687ms returns FALSE
T7150 274:560.128 JLINK_IsHalted()
T7150 274:560.608 - 0.488ms returns FALSE
T7150 274:668.736 JLINK_IsHalted()
T7150 274:669.504 - 0.757ms returns FALSE
T7150 274:669.632 JLINK_IsHalted()
T7150 274:670.176 - 0.543ms returns FALSE
T7150 274:777.056 JLINK_IsHalted()
T7150 274:777.888 - 0.819ms returns FALSE
T7150 274:778.016 JLINK_IsHalted()
T7150 274:778.592 - 0.576ms returns FALSE
T7150 274:886.784 JLINK_IsHalted()
T7150 274:887.712 - 0.923ms returns FALSE
T7150 274:887.808 JLINK_IsHalted()
T7150 274:888.448 - 0.631ms returns FALSE
T7150 274:997.344 JLINK_IsHalted()
T7150 274:997.952 - 0.613ms returns FALSE
T7150 274:998.080 JLINK_IsHalted()
T7150 274:998.592 - 0.509ms returns FALSE
T7150 275:106.112 JLINK_IsHalted()
T7150 275:108.160 - 2.094ms returns FALSE
T7150 275:108.352 JLINK_IsHalted()
T7150 275:108.960 - 0.608ms returns FALSE
T7150 275:216.064 JLINK_IsHalted()
T7150 275:216.608 - 0.555ms returns FALSE
T7150 275:216.640 JLINK_IsHalted()
T7150 275:217.216 - 0.554ms returns FALSE
T9440 275:239.840 JLINK_IsHalted()
T9440 275:240.544 - 0.727ms returns FALSE
T9440 275:240.640 JLINK_IsHalted()
T9440 275:241.440 - 0.770ms returns FALSE
T7150 275:324.224 JLINK_IsHalted()
T7150 275:324.864 - 0.654ms returns FALSE
T7150 275:324.992 JLINK_IsHalted()
T7150 275:325.632 - 0.654ms returns FALSE
T7150 275:433.792 JLINK_IsHalted()
T7150 275:434.464 - 0.670ms returns FALSE
T7150 275:434.560 JLINK_IsHalted()
T7150 275:435.072 - 0.554ms returns FALSE
T7150 275:543.456 JLINK_IsHalted()
T7150 275:545.280 - 1.845ms returns FALSE
T7150 275:545.408 JLINK_IsHalted()
T7150 275:547.968 - 2.545ms returns FALSE
T7150 275:652.544 JLINK_IsHalted()
T7150 275:654.208 - 1.673ms returns FALSE
T7150 275:654.272 JLINK_IsHalted()
T7150 275:654.752 - 0.495ms returns FALSE
T7150 275:762.368 JLINK_IsHalted()
T7150 275:763.008 - 0.635ms returns FALSE
T7150 275:763.136 JLINK_IsHalted()
T7150 275:763.744 - 0.581ms returns FALSE
T7150 275:870.912 JLINK_IsHalted()
T7150 275:871.520 - 0.612ms returns FALSE
T7150 275:871.648 JLINK_IsHalted()
T7150 275:872.192 - 0.533ms returns FALSE
T7150 275:980.320 JLINK_IsHalted()
T7150 275:981.088 - 0.747ms returns FALSE
T7150 275:981.248 JLINK_IsHalted()
T7150 275:981.920 - 0.668ms returns FALSE
T7150 276:090.304 JLINK_IsHalted()
T7150 276:090.912 - 0.574ms returns FALSE
T7150 276:091.040 JLINK_IsHalted()
T7150 276:091.488 - 0.470ms returns FALSE
T7150 276:199.104 JLINK_IsHalted()
T7150 276:199.808 - 0.695ms returns FALSE
T7150 276:199.904 JLINK_IsHalted()
T7150 276:200.384 - 0.483ms returns FALSE
T9440 276:242.496 JLINK_IsHalted()
T9440 276:243.168 - 0.656ms returns FALSE
T9440 276:243.264 JLINK_IsHalted()
T9440 276:243.840 - 0.570ms returns FALSE
T7150 276:309.248 JLINK_IsHalted()
T7150 276:309.952 - 0.701ms returns FALSE
T7150 276:310.080 JLINK_IsHalted()
T7150 276:310.592 - 0.514ms returns FALSE
T7150 276:418.240 JLINK_IsHalted()
T7150 276:419.008 - 0.766ms returns FALSE
T7150 276:419.136 JLINK_IsHalted()
T7150 276:419.616 - 0.467ms returns FALSE
T7150 276:527.104 JLINK_IsHalted()
T7150 276:527.680 - 0.596ms returns FALSE
T7150 276:527.776 JLINK_IsHalted()
T7150 276:528.224 - 0.442ms returns FALSE
T7150 276:636.736 JLINK_IsHalted()
T7150 276:637.504 - 0.729ms returns FALSE
T7150 276:637.664 JLINK_IsHalted()
T7150 276:638.176 - 0.494ms returns FALSE
T7150 276:746.944 JLINK_IsHalted()
T7150 276:747.712 - 0.734ms returns FALSE
T7150 276:747.840 JLINK_IsHalted()
T7150 276:748.480 - 0.611ms returns FALSE
T7150 276:855.456 JLINK_IsHalted()
T7150 276:856.000 - 0.566ms returns FALSE
T7150 276:856.064 JLINK_IsHalted()
T7150 276:858.048 - 1.997ms returns FALSE
T7150 276:964.768 JLINK_IsHalted()
T7150 276:965.440 - 0.698ms returns FALSE
T7150 276:965.600 JLINK_IsHalted()
T7150 276:966.304 - 0.692ms returns FALSE
T7150 277:073.984 JLINK_IsHalted()
T7150 277:074.688 - 0.694ms returns FALSE
T7150 277:074.720 JLINK_IsHalted()
T7150 277:075.200 - 0.483ms returns FALSE
T7150 277:184.320 JLINK_IsHalted()
T7150 277:185.024 - 0.698ms returns FALSE
T7150 277:185.088 JLINK_IsHalted()
T7150 277:185.632 - 0.551ms returns FALSE
T9440 277:245.600 JLINK_IsHalted()
T9440 277:246.272 - 0.681ms returns FALSE
T9440 277:246.496 JLINK_IsHalted()
T9440 277:246.944 - 0.455ms returns FALSE
T7150 277:293.312 JLINK_IsHalted()
T7150 277:294.208 - 0.891ms returns FALSE
T7150 277:294.336 JLINK_IsHalted()
T7150 277:294.944 - 0.612ms returns FALSE
T7150 277:402.080 JLINK_IsHalted()
T7150 277:402.720 - 0.637ms returns FALSE
T7150 277:402.848 JLINK_IsHalted()
T7150 277:403.328 - 0.474ms returns FALSE
T7150 277:512.224 JLINK_IsHalted()
T7150 277:513.056 - 0.836ms returns FALSE
T7150 277:513.184 JLINK_IsHalted()
T7150 277:513.824 - 0.627ms returns FALSE
T7150 277:621.472 JLINK_IsHalted()
T7150 277:622.144 - 0.681ms returns FALSE
T7150 277:622.208 JLINK_IsHalted()
T7150 277:622.688 - 0.437ms returns FALSE
T7150 277:731.328 JLINK_IsHalted()
T7150 277:732.032 - 0.711ms returns FALSE
T7150 277:732.288 JLINK_IsHalted()
T7150 277:732.704 - 0.408ms returns FALSE
T7150 277:840.096 JLINK_IsHalted()
T7150 277:840.832 - 0.746ms returns FALSE
T7150 277:840.960 JLINK_IsHalted()
T7150 277:841.600 - 0.602ms returns FALSE
T7150 277:949.056 JLINK_IsHalted()
T7150 277:949.632 - 0.599ms returns FALSE
T7150 277:949.728 JLINK_IsHalted()
T7150 277:950.368 - 0.632ms returns FALSE
T7150 278:058.400 JLINK_IsHalted()
T7150 278:059.008 - 0.602ms returns FALSE
T7150 278:059.072 JLINK_IsHalted()
T7150 278:059.456 - 0.370ms returns FALSE
T7150 278:167.840 JLINK_IsHalted()
T7150 278:168.448 - 0.612ms returns FALSE
T7150 278:168.544 JLINK_IsHalted()
T7150 278:169.088 - 0.540ms returns FALSE
T9440 278:247.840 JLINK_IsHalted()
T9440 278:248.384 - 0.529ms returns FALSE
T9440 278:248.416 JLINK_IsHalted()
T9440 278:248.864 - 0.449ms returns FALSE
T7150 278:278.208 JLINK_IsHalted()
T7150 278:278.752 - 0.554ms returns FALSE
T7150 278:278.816 JLINK_IsHalted()
T7150 278:279.232 - 0.428ms returns FALSE
T7150 278:386.688 JLINK_IsHalted()
T7150 278:387.296 - 0.629ms returns FALSE
T7150 278:387.456 JLINK_IsHalted()
T7150 278:387.808 - 0.368ms returns FALSE
T7150 278:498.112 JLINK_IsHalted()
T7150 278:500.128 - 2.024ms returns FALSE
T7150 278:500.224 JLINK_IsHalted()
T7150 278:500.800 - 0.603ms returns FALSE
T7150 278:605.760 JLINK_IsHalted()
T7150 278:606.240 - 0.495ms returns FALSE
T7150 278:606.304 JLINK_IsHalted()
T7150 278:606.784 - 0.489ms returns FALSE
T7150 278:715.008 JLINK_IsHalted()
T7150 278:715.616 - 0.620ms returns FALSE
T7150 278:715.680 JLINK_IsHalted()
T7150 278:716.192 - 0.535ms returns FALSE
T7150 278:824.672 JLINK_IsHalted()
T7150 278:825.408 - 0.755ms returns FALSE
T7150 278:825.568 JLINK_IsHalted()
T7150 278:826.144 - 0.576ms returns FALSE
T7150 278:933.568 JLINK_IsHalted()
T7150 278:934.304 - 0.738ms returns FALSE
T7150 278:934.432 JLINK_IsHalted()
T7150 278:934.880 - 0.438ms returns FALSE
T7150 279:042.816 JLINK_IsHalted()
T7150 279:043.360 - 0.541ms returns FALSE
T7150 279:043.424 JLINK_IsHalted()
T7150 279:043.776 - 0.350ms returns FALSE
T7150 279:152.128 JLINK_IsHalted()
T7150 279:152.864 - 0.724ms returns FALSE
T7150 279:152.992 JLINK_IsHalted()
T7150 279:153.600 - 0.587ms returns FALSE
T9440 279:249.376 JLINK_IsHalted()
T9440 279:249.984 - 0.587ms returns FALSE
T9440 279:250.112 JLINK_IsHalted()
T9440 279:250.528 - 0.447ms returns FALSE
T7150 279:261.824 JLINK_IsHalted()
T7150 279:262.240 - 0.424ms returns FALSE
T7150 279:262.304 JLINK_IsHalted()
T7150 279:262.656 - 0.338ms returns FALSE
T7150 279:370.976 JLINK_IsHalted()
T7150 279:371.648 - 0.675ms returns FALSE
T7150 279:371.776 JLINK_IsHalted()
T7150 279:372.320 - 0.524ms returns FALSE
T7150 279:480.256 JLINK_IsHalted()
T7150 279:480.800 - 0.544ms returns FALSE
T7150 279:480.896 JLINK_IsHalted()
T7150 279:481.344 - 0.452ms returns FALSE
T7150 279:590.240 JLINK_IsHalted()
T7150 279:590.848 - 0.625ms returns FALSE
T7150 279:590.944 JLINK_IsHalted()
T7150 279:591.360 - 0.404ms returns FALSE
T7150 279:699.136 JLINK_IsHalted()
T7150 279:699.648 - 0.530ms returns FALSE
T7150 279:699.680 JLINK_IsHalted()
T7150 279:700.064 - 0.375ms returns FALSE
T7150 279:808.672 JLINK_IsHalted()
T7150 279:809.536 - 0.854ms returns FALSE
T7150 279:809.664 JLINK_IsHalted()
T7150 279:810.336 - 0.674ms returns FALSE
T7150 279:917.664 JLINK_IsHalted()
T7150 279:918.272 - 0.604ms returns FALSE
T7150 279:918.304 JLINK_IsHalted()
T7150 279:920.832 - 2.531ms returns FALSE
T7150 280:027.488 JLINK_IsHalted()
T7150 280:028.224 - 0.709ms returns FALSE
T7150 280:028.320 JLINK_IsHalted()
T7150 280:028.992 - 0.687ms returns FALSE
T7150 280:138.336 JLINK_IsHalted()
T7150 280:138.944 - 0.634ms returns FALSE
T7150 280:139.072 JLINK_IsHalted()
T7150 280:139.680 - 0.591ms returns FALSE
T7150 280:246.112 JLINK_IsHalted()
T7150 280:246.656 - 0.543ms returns FALSE
T7150 280:246.720 JLINK_IsHalted()
T7150 280:247.264 - 0.562ms returns FALSE
T9440 280:251.840 JLINK_IsHalted()
T9440 280:253.280 - 1.476ms returns FALSE
T9440 280:253.344 JLINK_IsHalted()
T9440 280:253.856 - 0.505ms returns FALSE
T7150 280:355.552 JLINK_IsHalted()
T7150 280:357.440 - 1.875ms returns FALSE
T7150 280:357.568 JLINK_IsHalted()
T7150 280:357.952 - 0.394ms returns FALSE
T7150 280:464.864 JLINK_IsHalted()
T7150 280:465.600 - 0.718ms returns FALSE
T7150 280:465.696 JLINK_IsHalted()
T7150 280:466.176 - 0.473ms returns FALSE
T7150 280:574.560 JLINK_IsHalted()
T7150 280:575.232 - 0.673ms returns FALSE
T7150 280:575.296 JLINK_IsHalted()
T7150 280:575.808 - 0.519ms returns FALSE
T7150 280:683.904 JLINK_IsHalted()
T7150 280:684.640 - 0.731ms returns FALSE
T7150 280:684.800 JLINK_IsHalted()
T7150 280:685.408 - 0.611ms returns FALSE
T7150 280:792.960 JLINK_IsHalted()
T7150 280:793.504 - 0.547ms returns FALSE
T7150 280:793.600 JLINK_IsHalted()
T7150 280:794.080 - 0.499ms returns FALSE
T7150 280:902.880 JLINK_IsHalted()
T7150 280:903.520 - 0.631ms returns FALSE
T7150 280:903.648 JLINK_IsHalted()
T7150 280:904.128 - 0.494ms returns FALSE
T7150 281:011.680 JLINK_IsHalted()
T7150 281:012.256 - 0.583ms returns FALSE
T7150 281:012.352 JLINK_IsHalted()
T7150 281:012.928 - 0.561ms returns FALSE
T7150 281:120.736 JLINK_IsHalted()
T7150 281:121.312 - 0.545ms returns FALSE
T7150 281:121.344 JLINK_IsHalted()
T7150 281:121.888 - 0.524ms returns FALSE
T7150 281:230.432 JLINK_IsHalted()
T7150 281:230.944 - 0.496ms returns FALSE
T7150 281:230.976 JLINK_IsHalted()
T7150 281:231.296 - 0.334ms returns FALSE
T9440 281:254.880 JLINK_IsHalted()
T9440 281:255.360 - 0.470ms returns FALSE
T9440 281:255.392 JLINK_IsHalted()
T9440 281:255.712 - 0.307ms returns FALSE
T7150 281:339.968 JLINK_IsHalted()
T7150 281:340.448 - 0.458ms returns FALSE
T7150 281:340.480 JLINK_IsHalted()
T7150 281:340.960 - 0.479ms returns FALSE
T7150 281:448.960 JLINK_IsHalted()
T7150 281:449.536 - 0.543ms returns FALSE
T7150 281:449.536 JLINK_IsHalted()
T7150 281:449.920 - 0.362ms returns FALSE
T7150 281:558.944 JLINK_IsHalted()
T7150 281:559.584 - 0.652ms returns FALSE
T7150 281:559.744 JLINK_IsHalted()
T7150 281:560.160 - 0.439ms returns FALSE
T7150 281:667.648 JLINK_IsHalted()
T7150 281:668.288 - 0.649ms returns FALSE
T7150 281:668.384 JLINK_IsHalted()
T7150 281:668.832 - 0.478ms returns FALSE
T7150 281:777.280 JLINK_IsHalted()
T7150 281:778.016 - 0.733ms returns FALSE
T7150 281:778.112 JLINK_IsHalted()
T7150 281:778.624 - 0.478ms returns FALSE
T7150 281:887.040 JLINK_IsHalted()
T7150 281:887.712 - 0.687ms returns FALSE
T7150 281:887.776 JLINK_IsHalted()
T7150 281:888.224 - 0.476ms returns FALSE
T7150 281:996.352 JLINK_IsHalted()
T7150 281:996.928 - 0.561ms returns FALSE
T7150 281:996.992 JLINK_IsHalted()
T7150 281:997.504 - 0.486ms returns FALSE
T7150 282:106.336 JLINK_IsHalted()
T7150 282:107.104 - 0.785ms returns FALSE
T7150 282:107.232 JLINK_IsHalted()
T7150 282:107.712 - 0.496ms returns FALSE
T7150 282:215.328 JLINK_IsHalted()
T7150 282:215.968 - 0.636ms returns FALSE
T7150 282:216.032 JLINK_IsHalted()
T7150 282:216.512 - 0.455ms returns FALSE
T9440 282:257.152 JLINK_IsHalted()
T9440 282:257.664 - 0.516ms returns FALSE
T9440 282:257.728 JLINK_IsHalted()
T9440 282:258.112 - 0.388ms returns FALSE
T7150 282:324.096 JLINK_IsHalted()
T7150 282:324.672 - 0.575ms returns FALSE
T7150 282:324.704 JLINK_IsHalted()
T7150 282:325.184 - 0.471ms returns FALSE
T7150 282:434.176 JLINK_IsHalted()
T7150 282:436.192 - 2.024ms returns FALSE
T7150 282:436.256 JLINK_IsHalted()
T7150 282:436.672 - 0.404ms returns FALSE
T7150 282:543.296 JLINK_IsHalted()
T7150 282:545.248 - 1.959ms returns FALSE
T7150 282:547.008 JLINK_IsHalted()
T7150 282:547.680 - 0.656ms returns FALSE
T7150 282:652.544 JLINK_IsHalted()
T7150 282:653.024 - 0.487ms returns FALSE
T7150 282:653.088 JLINK_IsHalted()
T7150 282:653.472 - 0.405ms returns FALSE
T7150 282:762.048 JLINK_IsHalted()
T7150 282:762.528 - 0.455ms returns FALSE
T7150 282:762.560 JLINK_IsHalted()
T7150 282:762.944 - 0.381ms returns FALSE
T7150 282:871.360 JLINK_IsHalted()
T7150 282:872.128 - 0.757ms returns FALSE
T7150 282:872.256 JLINK_IsHalted()
T7150 282:872.768 - 0.527ms returns FALSE
T7150 282:980.800 JLINK_IsHalted()
T7150 282:981.312 - 0.501ms returns FALSE
T7150 282:981.344 JLINK_IsHalted()
T7150 282:981.792 - 0.444ms returns FALSE
T7150 283:090.144 JLINK_IsHalted()
T7150 283:090.592 - 0.442ms returns FALSE
T7150 283:090.624 JLINK_IsHalted()
T7150 283:091.008 - 0.376ms returns FALSE
T7150 283:199.584 JLINK_IsHalted()
T7150 283:200.160 - 0.568ms returns FALSE
T7150 283:200.224 JLINK_IsHalted()
T7150 283:200.704 - 0.494ms returns FALSE
T9440 283:259.360 JLINK_IsHalted()
T9440 283:260.000 - 0.642ms returns FALSE
T9440 283:260.096 JLINK_IsHalted()
T9440 283:260.704 - 0.611ms returns FALSE
T7150 283:309.152 JLINK_IsHalted()
T7150 283:309.760 - 0.602ms returns FALSE
T7150 283:309.824 JLINK_IsHalted()
T7150 283:310.272 - 0.414ms returns FALSE
T7150 283:418.656 JLINK_IsHalted()
T7150 283:419.264 - 0.613ms returns FALSE
T7150 283:419.328 JLINK_IsHalted()
T7150 283:419.840 - 0.504ms returns FALSE
T7150 283:527.584 JLINK_IsHalted()
T7150 283:528.128 - 0.559ms returns FALSE
T7150 283:528.256 JLINK_IsHalted()
T7150 283:528.640 - 0.401ms returns FALSE
T7150 283:636.672 JLINK_IsHalted()
T7150 283:637.248 - 0.572ms returns FALSE
T7150 283:637.312 JLINK_IsHalted()
T7150 283:637.824 - 0.528ms returns FALSE
T7150 283:746.400 JLINK_IsHalted()
T7150 283:748.480 - 2.088ms returns FALSE
T7150 283:748.544 JLINK_IsHalted()
T7150 283:748.928 - 0.369ms returns FALSE
T7150 283:855.936 JLINK_IsHalted()
T7150 283:856.416 - 0.466ms returns FALSE
T7150 283:856.448 JLINK_IsHalted()
T7150 283:856.928 - 0.461ms returns FALSE
T7150 283:966.048 JLINK_IsHalted()
T7150 283:966.752 - 0.696ms returns FALSE
T7150 283:966.816 JLINK_IsHalted()
T7150 283:967.264 - 0.423ms returns FALSE
T7150 284:074.144 JLINK_IsHalted()
T7150 284:074.688 - 0.559ms returns FALSE
T7150 284:074.880 JLINK_IsHalted()
T7150 284:075.424 - 0.538ms returns FALSE
T7150 284:183.264 JLINK_IsHalted()
T7150 284:183.808 - 0.546ms returns FALSE
T7150 284:183.872 JLINK_IsHalted()
T7150 284:184.384 - 0.481ms returns FALSE
T9440 284:261.920 JLINK_IsHalted()
T9440 284:262.688 - 0.770ms returns FALSE
T9440 284:262.848 JLINK_IsHalted()
T9440 284:263.392 - 0.549ms returns FALSE
T7150 284:293.536 JLINK_IsHalted()
T7150 284:294.304 - 0.785ms returns FALSE
T7150 284:294.496 JLINK_IsHalted()
T7150 284:295.104 - 0.636ms returns FALSE
T7150 284:402.432 JLINK_IsHalted()
T7150 284:402.976 - 0.540ms returns FALSE
T7150 284:403.008 JLINK_IsHalted()
T7150 284:403.424 - 0.416ms returns FALSE
T7150 284:511.872 JLINK_IsHalted()
T7150 284:512.544 - 0.665ms returns FALSE
T7150 284:512.640 JLINK_IsHalted()
T7150 284:513.280 - 0.641ms returns FALSE
T7150 284:620.992 JLINK_IsHalted()
T7150 284:621.376 - 0.410ms returns FALSE
T7150 284:621.408 JLINK_IsHalted()
T7150 284:621.760 - 0.361ms returns FALSE
T7150 284:730.144 JLINK_IsHalted()
T7150 284:730.688 - 0.565ms returns FALSE
T7150 284:730.752 JLINK_IsHalted()
T7150 284:731.232 - 0.490ms returns FALSE
T7150 284:840.224 JLINK_IsHalted()
T7150 284:840.768 - 0.568ms returns FALSE
T7150 284:840.832 JLINK_IsHalted()
T7150 284:841.376 - 0.550ms returns FALSE
T7150 284:949.696 JLINK_IsHalted()
T7150 284:950.432 - 0.714ms returns FALSE
T7150 284:950.560 JLINK_IsHalted()
T7150 284:951.104 - 0.562ms returns FALSE
T7150 285:058.720 JLINK_IsHalted()
T7150 285:059.264 - 0.554ms returns FALSE
T7150 285:059.296 JLINK_IsHalted()
T7150 285:059.744 - 0.429ms returns FALSE
T7150 285:168.480 JLINK_IsHalted()
T7150 285:168.960 - 0.490ms returns FALSE
T7150 285:169.024 JLINK_IsHalted()
T7150 285:169.408 - 0.378ms returns FALSE
T9440 285:264.608 JLINK_IsHalted()
T9440 285:265.312 - 0.687ms returns FALSE
T9440 285:265.440 JLINK_IsHalted()
T9440 285:265.984 - 0.533ms returns FALSE
T7150 285:278.016 JLINK_IsHalted()
T7150 285:278.560 - 0.574ms returns FALSE
T7150 285:278.656 JLINK_IsHalted()
T7150 285:279.136 - 0.468ms returns FALSE
T7150 285:386.784 JLINK_IsHalted()
T7150 285:387.520 - 0.735ms returns FALSE
T7150 285:387.712 JLINK_IsHalted()
T7150 285:388.416 - 0.706ms returns FALSE
T7150 285:496.000 JLINK_IsHalted()
T7150 285:496.640 - 0.630ms returns FALSE
T7150 285:496.672 JLINK_IsHalted()
T7150 285:497.152 - 0.452ms returns FALSE
T7150 285:606.080 JLINK_IsHalted()
T7150 285:606.784 - 0.691ms returns FALSE
T7150 285:606.944 JLINK_IsHalted()
T7150 285:607.552 - 0.600ms returns FALSE
T7150 285:715.008 JLINK_IsHalted()
T7150 285:715.424 - 0.444ms returns FALSE
T7150 285:715.520 JLINK_IsHalted()
T7150 285:715.840 - 0.346ms returns FALSE
T7150 285:824.320 JLINK_IsHalted()
T7150 285:825.056 - 0.713ms returns FALSE
T7150 285:825.184 JLINK_IsHalted()
T7150 285:825.728 - 0.567ms returns FALSE
T7150 285:933.632 JLINK_IsHalted()
T7150 285:934.144 - 0.498ms returns FALSE
T7150 285:934.208 JLINK_IsHalted()
T7150 285:934.592 - 0.374ms returns FALSE
T7150 286:043.072 JLINK_IsHalted()
T7150 286:043.520 - 0.458ms returns FALSE
T7150 286:043.552 JLINK_IsHalted()
T7150 286:043.840 - 0.275ms returns FALSE
T7150 286:153.024 JLINK_IsHalted()
T7150 286:153.536 - 0.493ms returns FALSE
T7150 286:153.600 JLINK_IsHalted()
T7150 286:154.112 - 0.509ms returns FALSE
T7150 286:262.240 JLINK_IsHalted()
T7150 286:262.752 - 0.513ms returns FALSE
T7150 286:262.816 JLINK_IsHalted()
T7150 286:263.232 - 0.408ms returns FALSE
T9440 286:267.040 JLINK_IsHalted()
T9440 286:267.488 - 0.472ms returns FALSE
T9440 286:267.552 JLINK_IsHalted()
T9440 286:267.872 - 0.346ms returns FALSE
T7150 286:371.008 JLINK_IsHalted()
T7150 286:371.552 - 0.534ms returns FALSE
T7150 286:371.616 JLINK_IsHalted()
T7150 286:372.032 - 0.415ms returns FALSE
T7150 286:480.544 JLINK_IsHalted()
T7150 286:481.216 - 0.641ms returns FALSE
T7150 286:481.216 JLINK_IsHalted()
T7150 286:481.632 - 0.402ms returns FALSE
T7150 286:590.048 JLINK_IsHalted()
T7150 286:590.752 - 0.700ms returns FALSE
T7150 286:590.816 JLINK_IsHalted()
T7150 286:591.296 - 0.486ms returns FALSE
T7150 286:699.456 JLINK_IsHalted()
T7150 286:700.288 - 0.849ms returns FALSE
T7150 286:700.352 JLINK_IsHalted()
T7150 286:700.864 - 0.495ms returns FALSE
T7150 286:808.896 JLINK_IsHalted()
T7150 286:809.536 - 0.663ms returns FALSE
T7150 286:809.632 JLINK_IsHalted()
T7150 286:810.144 - 0.518ms returns FALSE
T7150 286:917.696 JLINK_IsHalted()
T7150 286:918.592 - 0.901ms returns FALSE
T7150 286:918.688 JLINK_IsHalted()
T7150 286:919.136 - 0.472ms returns FALSE
T7150 287:027.360 JLINK_IsHalted()
T7150 287:027.904 - 0.565ms returns FALSE
T7150 287:027.968 JLINK_IsHalted()
T7150 287:028.448 - 0.496ms returns FALSE
T7150 287:137.120 JLINK_IsHalted()
T7150 287:137.664 - 0.542ms returns FALSE
T7150 287:137.728 JLINK_IsHalted()
T7150 287:138.080 - 0.359ms returns FALSE
T7150 287:245.856 JLINK_IsHalted()
T7150 287:246.464 - 0.601ms returns FALSE
T7150 287:246.496 JLINK_IsHalted()
T7150 287:246.848 - 0.348ms returns FALSE
T9440 287:268.160 JLINK_IsHalted()
T9440 287:268.768 - 0.586ms returns FALSE
T9440 287:268.832 JLINK_IsHalted()
T9440 287:269.248 - 0.418ms returns FALSE
T7150 287:355.520 JLINK_IsHalted()
T7150 287:356.096 - 0.591ms returns FALSE
T7150 287:356.224 JLINK_IsHalted()
T7150 287:356.608 - 0.390ms returns FALSE
T7150 287:465.920 JLINK_IsHalted()
T7150 287:466.560 - 0.651ms returns FALSE
T7150 287:466.624 JLINK_IsHalted()
T7150 287:467.072 - 0.451ms returns FALSE
T7150 287:574.528 JLINK_IsHalted()
T7150 287:575.136 - 0.627ms returns FALSE
T7150 287:575.264 JLINK_IsHalted()
T7150 287:575.744 - 0.476ms returns FALSE
T7150 287:683.488 JLINK_IsHalted()
T7150 287:684.064 - 0.597ms returns FALSE
T7150 287:684.224 JLINK_IsHalted()
T7150 287:684.832 - 0.604ms returns FALSE
T7150 287:792.704 JLINK_IsHalted()
T7150 287:794.784 - 2.117ms returns FALSE
T7150 287:794.880 JLINK_IsHalted()
T7150 287:795.520 - 0.603ms returns FALSE
T7150 287:902.240 JLINK_IsHalted()
T7150 287:902.912 - 0.674ms returns FALSE
T7150 287:904.768 JLINK_IsHalted()
T7150 287:905.376 - 0.593ms returns FALSE
T7150 288:012.256 JLINK_IsHalted()
T7150 288:013.056 - 0.799ms returns FALSE
T7150 288:013.216 JLINK_IsHalted()
T7150 288:013.696 - 0.484ms returns FALSE
T7150 288:121.280 JLINK_IsHalted()
T7150 288:121.920 - 0.655ms returns FALSE
T7150 288:122.048 JLINK_IsHalted()
T7150 288:122.560 - 0.486ms returns FALSE
T7150 288:230.464 JLINK_IsHalted()
T7150 288:231.072 - 0.612ms returns FALSE
T7150 288:231.200 JLINK_IsHalted()
T7150 288:231.584 - 0.364ms returns FALSE
T9440 288:271.008 JLINK_IsHalted()
T9440 288:271.424 - 0.417ms returns FALSE
T9440 288:271.424 JLINK_IsHalted()
T9440 288:271.840 - 0.398ms returns FALSE
T7150 288:340.480 JLINK_IsHalted()
T7150 288:341.184 - 0.720ms returns FALSE
T7150 288:341.280 JLINK_IsHalted()
T7150 288:341.952 - 0.665ms returns FALSE
T7150 288:449.728 JLINK_IsHalted()
T7150 288:450.368 - 0.642ms returns FALSE
T7150 288:450.496 JLINK_IsHalted()
T7150 288:450.944 - 0.457ms returns FALSE
T7150 288:558.752 JLINK_IsHalted()
T7150 288:559.520 - 0.769ms returns FALSE
T7150 288:559.808 JLINK_IsHalted()
T7150 288:560.320 - 0.539ms returns FALSE
T7150 288:668.000 JLINK_IsHalted()
T7150 288:668.512 - 0.511ms returns FALSE
T7150 288:668.576 JLINK_IsHalted()
T7150 288:668.928 - 0.349ms returns FALSE
T7150 288:777.664 JLINK_IsHalted()
T7150 288:778.304 - 0.656ms returns FALSE
T7150 288:778.432 JLINK_IsHalted()
T7150 288:778.912 - 0.467ms returns FALSE
T7150 288:886.848 JLINK_IsHalted()
T7150 288:887.264 - 0.451ms returns FALSE
T7150 288:887.328 JLINK_IsHalted()
T7150 288:887.616 - 0.318ms returns FALSE
T7150 288:995.776 JLINK_IsHalted()
T7150 288:996.352 - 0.578ms returns FALSE
T7150 288:996.384 JLINK_IsHalted()
T7150 288:996.704 - 0.319ms returns FALSE
T7150 289:105.504 JLINK_IsHalted()
T7150 289:106.112 - 0.604ms returns FALSE
T7150 289:106.240 JLINK_IsHalted()
T7150 289:106.848 - 0.588ms returns FALSE
T7150 289:214.848 JLINK_IsHalted()
T7150 289:215.488 - 0.652ms returns FALSE
T7150 289:215.648 JLINK_IsHalted()
T7150 289:216.224 - 0.590ms returns FALSE
T9440 289:272.800 JLINK_IsHalted()
T9440 289:273.600 - 0.786ms returns FALSE
T9440 289:273.728 JLINK_IsHalted()
T9440 289:274.304 - 0.565ms returns FALSE
T7150 289:324.128 JLINK_IsHalted()
T7150 289:324.832 - 0.693ms returns FALSE
T7150 289:324.992 JLINK_IsHalted()
T7150 289:325.504 - 0.504ms returns FALSE
T7150 289:433.792 JLINK_IsHalted()
T7150 289:434.304 - 0.498ms returns FALSE
T7150 289:434.304 JLINK_IsHalted()
T7150 289:434.720 - 0.411ms returns FALSE
T7150 289:542.976 JLINK_IsHalted()
T7150 289:543.520 - 0.570ms returns FALSE
T7150 289:543.648 JLINK_IsHalted()
T7150 289:544.096 - 0.443ms returns FALSE
T7150 289:652.096 JLINK_IsHalted()
T7150 289:652.672 - 0.560ms returns FALSE
T7150 289:652.768 JLINK_IsHalted()
T7150 289:653.152 - 0.384ms returns FALSE
T7150 289:761.472 JLINK_IsHalted()
T7150 289:762.016 - 0.535ms returns FALSE
T7150 289:762.112 JLINK_IsHalted()
T7150 289:762.464 - 0.371ms returns FALSE
T7150 289:870.880 JLINK_IsHalted()
T7150 289:871.552 - 0.703ms returns FALSE
T7150 289:871.680 JLINK_IsHalted()
T7150 289:872.288 - 0.607ms returns FALSE
T7150 289:980.416 JLINK_IsHalted()
T7150 289:981.024 - 0.620ms returns FALSE
T7150 289:981.120 JLINK_IsHalted()
T7150 289:981.632 - 0.537ms returns FALSE
T7150 290:090.560 JLINK_IsHalted()
T7150 290:091.360 - 0.783ms returns FALSE
T7150 290:091.520 JLINK_IsHalted()
T7150 290:092.096 - 0.557ms returns FALSE
T7150 290:199.168 JLINK_IsHalted()
T7150 290:199.744 - 0.581ms returns FALSE
T7150 290:199.808 JLINK_IsHalted()
T7150 290:200.288 - 0.498ms returns FALSE
T9440 290:275.584 JLINK_IsHalted()
T9440 290:276.160 - 0.552ms returns FALSE
T9440 290:276.192 JLINK_IsHalted()
T9440 290:276.544 - 0.348ms returns FALSE
T7150 290:308.544 JLINK_IsHalted()
T7150 290:310.528 - 1.971ms returns FALSE
T7150 290:310.688 JLINK_IsHalted()
T7150 290:311.264 - 0.588ms returns FALSE
T7150 290:418.400 JLINK_IsHalted()
T7150 290:418.816 - 0.408ms returns FALSE
T7150 290:418.880 JLINK_IsHalted()
T7150 290:419.264 - 0.418ms returns FALSE
T7150 290:527.808 JLINK_IsHalted()
T7150 290:528.608 - 0.810ms returns FALSE
T7150 290:528.704 JLINK_IsHalted()
T7150 290:529.312 - 0.594ms returns FALSE
T7150 290:637.760 JLINK_IsHalted()
T7150 290:638.368 - 0.587ms returns FALSE
T7150 290:638.400 JLINK_IsHalted()
T7150 290:638.848 - 0.418ms returns FALSE
T7150 290:745.792 JLINK_IsHalted()
T7150 290:746.432 - 0.652ms returns FALSE
T7150 290:746.560 JLINK_IsHalted()
T7150 290:747.072 - 0.514ms returns FALSE
T7150 290:855.616 JLINK_IsHalted()
T7150 290:856.352 - 0.726ms returns FALSE
T7150 290:856.416 JLINK_IsHalted()
T7150 290:856.864 - 0.440ms returns FALSE
T7150 290:965.472 JLINK_IsHalted()
T7150 290:966.080 - 0.629ms returns FALSE
T7150 290:966.176 JLINK_IsHalted()
T7150 290:966.560 - 0.367ms returns FALSE
T7150 291:074.368 JLINK_IsHalted()
T7150 291:075.008 - 0.611ms returns FALSE
T7150 291:075.040 JLINK_IsHalted()
T7150 291:075.584 - 0.517ms returns FALSE
T7150 291:183.840 JLINK_IsHalted()
T7150 291:184.320 - 0.478ms returns FALSE
T7150 291:184.384 JLINK_IsHalted()
T7150 291:184.768 - 0.388ms returns FALSE
T9440 291:277.088 JLINK_IsHalted()
T9440 291:277.504 - 0.425ms returns FALSE
T9440 291:277.536 JLINK_IsHalted()
T9440 291:277.888 - 0.333ms returns FALSE
T7150 291:293.504 JLINK_IsHalted()
T7150 291:294.016 - 0.512ms returns FALSE
T7150 291:294.080 JLINK_IsHalted()
T7150 291:294.592 - 0.531ms returns FALSE
T7150 291:402.400 JLINK_IsHalted()
T7150 291:402.944 - 0.564ms returns FALSE
T7150 291:402.976 JLINK_IsHalted()
T7150 291:403.360 - 0.371ms returns FALSE
T7150 291:512.032 JLINK_IsHalted()
T7150 291:512.512 - 0.468ms returns FALSE
T7150 291:512.544 JLINK_IsHalted()
T7150 291:513.056 - 0.515ms returns FALSE
T7150 291:621.312 JLINK_IsHalted()
T7150 291:621.952 - 0.626ms returns FALSE
T7150 291:622.048 JLINK_IsHalted()
T7150 291:622.432 - 0.382ms returns FALSE
T7150 291:730.720 JLINK_IsHalted()
T7150 291:731.168 - 0.459ms returns FALSE
T7150 291:731.232 JLINK_IsHalted()
T7150 291:731.648 - 0.442ms returns FALSE
T7150 291:839.904 JLINK_IsHalted()
T7150 291:840.448 - 0.563ms returns FALSE
T7150 291:840.480 JLINK_IsHalted()
T7150 291:840.928 - 0.442ms returns FALSE
T7150 291:949.664 JLINK_IsHalted()
T7150 291:950.336 - 0.665ms returns FALSE
T7150 291:950.400 JLINK_IsHalted()
T7150 291:950.912 - 0.553ms returns FALSE
T7150 292:058.656 JLINK_IsHalted()
T7150 292:059.168 - 0.515ms returns FALSE
T7150 292:059.200 JLINK_IsHalted()
T7150 292:059.616 - 0.427ms returns FALSE
T7150 292:168.256 JLINK_IsHalted()
T7150 292:168.992 - 0.701ms returns FALSE
T7150 292:169.056 JLINK_IsHalted()
T7150 292:169.504 - 0.440ms returns FALSE
T7150 292:277.536 JLINK_IsHalted()
T7150 292:278.272 - 0.734ms returns FALSE
T7150 292:278.432 JLINK_IsHalted()
T7150 292:278.944 - 0.525ms returns FALSE
T9440 292:279.168 JLINK_IsHalted()
T9440 292:279.648 - 0.495ms returns FALSE
T9440 292:279.744 JLINK_IsHalted()
T9440 292:280.384 - 0.591ms returns FALSE
T7150 292:387.392 JLINK_IsHalted()
T7150 292:388.128 - 0.739ms returns FALSE
T7150 292:388.256 JLINK_IsHalted()
T7150 292:388.992 - 0.729ms returns FALSE
T7150 292:496.832 JLINK_IsHalted()
T7150 292:497.472 - 0.661ms returns FALSE
T7150 292:497.536 JLINK_IsHalted()
T7150 292:498.112 - 0.581ms returns FALSE
T7150 292:605.472 JLINK_IsHalted()
T7150 292:606.240 - 0.773ms returns FALSE
T7150 292:606.304 JLINK_IsHalted()
T7150 292:606.816 - 0.510ms returns FALSE
T7150 292:715.552 JLINK_IsHalted()
T7150 292:716.448 - 0.898ms returns FALSE
T7150 292:716.576 JLINK_IsHalted()
T7150 292:717.120 - 0.564ms returns FALSE
T7150 292:824.864 JLINK_IsHalted()
T7150 292:825.632 - 0.746ms returns FALSE
T7150 292:825.760 JLINK_IsHalted()
T7150 292:826.432 - 0.682ms returns FALSE
T7150 292:933.280 JLINK_IsHalted()
T7150 292:933.824 - 0.555ms returns FALSE
T7150 292:933.856 JLINK_IsHalted()
T7150 292:934.240 - 0.367ms returns FALSE
T7150 293:042.752 JLINK_IsHalted()
T7150 293:043.360 - 0.589ms returns FALSE
T7150 293:043.424 JLINK_IsHalted()
T7150 293:043.776 - 0.346ms returns FALSE
T7150 293:152.160 JLINK_IsHalted()
T7150 293:152.800 - 0.634ms returns FALSE
T7150 293:152.960 JLINK_IsHalted()
T7150 293:153.472 - 0.529ms returns FALSE
T7150 293:261.376 JLINK_IsHalted()
T7150 293:262.048 - 0.676ms returns FALSE
T7150 293:262.144 JLINK_IsHalted()
T7150 293:262.720 - 0.572ms returns FALSE
T9440 293:281.760 JLINK_IsHalted()
T9440 293:284.416 - 2.644ms returns FALSE
T9440 293:284.608 JLINK_IsHalted()
T9440 293:285.216 - 0.617ms returns FALSE
T7150 293:370.944 JLINK_IsHalted()
T7150 293:371.680 - 0.736ms returns FALSE
T7150 293:371.872 JLINK_IsHalted()
T7150 293:372.480 - 0.580ms returns FALSE
T7150 293:480.384 JLINK_IsHalted()
T7150 293:480.864 - 0.457ms returns FALSE
T7150 293:480.896 JLINK_IsHalted()
T7150 293:481.312 - 0.401ms returns FALSE
T7150 293:590.464 JLINK_IsHalted()
T7150 293:591.040 - 0.552ms returns FALSE
T7150 293:591.072 JLINK_IsHalted()
T7150 293:591.680 - 0.608ms returns FALSE
T7150 293:699.200 JLINK_IsHalted()
T7150 293:699.712 - 0.490ms returns FALSE
T7150 293:699.776 JLINK_IsHalted()
T7150 293:700.128 - 0.368ms returns FALSE
T7150 293:808.448 JLINK_IsHalted()
T7150 293:808.992 - 0.551ms returns FALSE
T7150 293:809.024 JLINK_IsHalted()
T7150 293:809.344 - 0.327ms returns FALSE
T7150 293:918.272 JLINK_IsHalted()
T7150 293:918.880 - 0.616ms returns FALSE
T7150 293:918.912 JLINK_IsHalted()
T7150 293:919.296 - 0.350ms returns FALSE
T7150 294:027.936 JLINK_IsHalted()
T7150 294:028.512 - 0.566ms returns FALSE
T7150 294:028.576 JLINK_IsHalted()
T7150 294:029.120 - 0.521ms returns FALSE
T7150 294:137.056 JLINK_IsHalted()
T7150 294:137.664 - 0.623ms returns FALSE
T7150 294:137.728 JLINK_IsHalted()
T7150 294:138.240 - 0.496ms returns FALSE
T7150 294:246.528 JLINK_IsHalted()
T7150 294:247.104 - 0.568ms returns FALSE
T7150 294:247.136 JLINK_IsHalted()
T7150 294:247.616 - 0.468ms returns FALSE
T9440 294:286.496 JLINK_IsHalted()
T9440 294:287.040 - 0.550ms returns FALSE
T9440 294:287.072 JLINK_IsHalted()
T9440 294:287.520 - 0.427ms returns FALSE
T7150 294:355.488 JLINK_IsHalted()
T7150 294:356.032 - 0.528ms returns FALSE
T7150 294:356.160 JLINK_IsHalted()
T7150 294:356.640 - 0.471ms returns FALSE
T7150 294:465.248 JLINK_IsHalted()
T7150 294:465.856 - 0.605ms returns FALSE
T7150 294:465.952 JLINK_IsHalted()
T7150 294:466.496 - 0.537ms returns FALSE
T7150 294:576.320 JLINK_IsHalted()
T7150 294:576.832 - 0.527ms returns FALSE
T7150 294:576.928 JLINK_IsHalted()
T7150 294:577.312 - 0.404ms returns FALSE
T7150 294:683.328 JLINK_IsHalted()
T7150 294:683.968 - 0.677ms returns FALSE
T7150 294:684.064 JLINK_IsHalted()
T7150 294:684.544 - 0.493ms returns FALSE
T7150 294:793.312 JLINK_IsHalted()
T7150 294:794.080 - 0.773ms returns FALSE
T7150 294:794.208 JLINK_IsHalted()
T7150 294:794.944 - 0.729ms returns FALSE
T7150 294:902.400 JLINK_IsHalted()
T7150 294:902.848 - 0.436ms returns FALSE
T7150 294:902.848 JLINK_IsHalted()
T7150 294:903.296 - 0.437ms returns FALSE
T7150 295:011.616 JLINK_IsHalted()
T7150 295:012.288 - 0.662ms returns FALSE
T7150 295:012.352 JLINK_IsHalted()
T7150 295:012.800 - 0.466ms returns FALSE
T7150 295:121.024 JLINK_IsHalted()
T7150 295:121.664 - 0.634ms returns FALSE
T7150 295:121.728 JLINK_IsHalted()
T7150 295:122.400 - 0.657ms returns FALSE
T7150 295:230.144 JLINK_IsHalted()
T7150 295:230.784 - 0.614ms returns FALSE
T7150 295:230.912 JLINK_IsHalted()
T7150 295:231.424 - 0.542ms returns FALSE
T9440 295:287.840 JLINK_IsHalted()
T9440 295:288.448 - 0.618ms returns FALSE
T9440 295:288.576 JLINK_IsHalted()
T9440 295:289.088 - 0.500ms returns FALSE
T7150 295:339.840 JLINK_IsHalted()
T7150 295:340.576 - 0.758ms returns FALSE
T7150 295:340.672 JLINK_IsHalted()
T7150 295:341.312 - 0.626ms returns FALSE
T7150 295:449.536 JLINK_IsHalted()
T7150 295:450.144 - 0.590ms returns FALSE
T7150 295:450.176 JLINK_IsHalted()
T7150 295:450.688 - 0.504ms returns FALSE
T7150 295:558.976 JLINK_IsHalted()
T7150 295:559.616 - 0.617ms returns FALSE
T7150 295:559.648 JLINK_IsHalted()
T7150 295:560.128 - 0.471ms returns FALSE
T7150 295:668.224 JLINK_IsHalted()
T7150 295:668.864 - 0.653ms returns FALSE
T7150 295:668.928 JLINK_IsHalted()
T7150 295:669.440 - 0.528ms returns FALSE
T7150 295:777.312 JLINK_IsHalted()
T7150 295:777.856 - 0.538ms returns FALSE
T7150 295:777.888 JLINK_IsHalted()
T7150 295:778.368 - 0.478ms returns FALSE
T7150 295:887.296 JLINK_IsHalted()
T7150 295:887.936 - 0.638ms returns FALSE
T7150 295:888.000 JLINK_IsHalted()
T7150 295:888.448 - 0.456ms returns FALSE
T7150 295:996.672 JLINK_IsHalted()
T7150 295:997.248 - 0.562ms returns FALSE
T7150 295:997.312 JLINK_IsHalted()
T7150 295:997.920 - 0.597ms returns FALSE
T7150 296:106.240 JLINK_IsHalted()
T7150 296:106.976 - 0.759ms returns FALSE
T7150 296:107.072 JLINK_IsHalted()
T7150 296:107.584 - 0.467ms returns FALSE
T7150 296:215.168 JLINK_IsHalted()
T7150 296:215.840 - 0.650ms returns FALSE
T7150 296:215.872 JLINK_IsHalted()
T7150 296:216.288 - 0.425ms returns FALSE
T9440 296:290.464 JLINK_IsHalted()
T9440 296:290.944 - 0.491ms returns FALSE
T9440 296:291.008 JLINK_IsHalted()
T9440 296:291.392 - 0.401ms returns FALSE
T7150 296:324.480 JLINK_IsHalted()
T7150 296:325.056 - 0.574ms returns FALSE
T7150 296:325.120 JLINK_IsHalted()
T7150 296:325.600 - 0.477ms returns FALSE
T7150 296:433.824 JLINK_IsHalted()
T7150 296:434.688 - 0.869ms returns FALSE
T7150 296:434.880 JLINK_IsHalted()
T7150 296:435.520 - 0.669ms returns FALSE
T7150 296:543.168 JLINK_IsHalted()
T7150 296:543.712 - 0.544ms returns FALSE
T7150 296:543.808 JLINK_IsHalted()
T7150 296:544.320 - 0.518ms returns FALSE
T7150 296:652.480 JLINK_IsHalted()
T7150 296:652.992 - 0.529ms returns FALSE
T7150 296:653.120 JLINK_IsHalted()
T7150 296:653.504 - 0.424ms returns FALSE
T7150 296:761.568 JLINK_IsHalted()
T7150 296:762.240 - 0.655ms returns FALSE
T7150 296:762.368 JLINK_IsHalted()
T7150 296:762.944 - 0.570ms returns FALSE
T7150 296:872.256 JLINK_IsHalted()
T7150 296:872.992 - 0.744ms returns FALSE
T7150 296:873.152 JLINK_IsHalted()
T7150 296:875.360 - 2.239ms returns FALSE
T7150 296:980.672 JLINK_IsHalted()
T7150 296:981.312 - 0.618ms returns FALSE
T7150 296:981.376 JLINK_IsHalted()
T7150 296:981.824 - 0.480ms returns FALSE
T7150 297:090.112 JLINK_IsHalted()
T7150 297:090.656 - 0.575ms returns FALSE
T7150 297:090.752 JLINK_IsHalted()
T7150 297:091.200 - 0.438ms returns FALSE
T7150 297:199.072 JLINK_IsHalted()
T7150 297:199.712 - 0.647ms returns FALSE
T7150 297:199.776 JLINK_IsHalted()
T7150 297:200.448 - 0.688ms returns FALSE
T9440 297:291.456 JLINK_IsHalted()
T9440 297:292.224 - 0.741ms returns FALSE
T9440 297:292.320 JLINK_IsHalted()
T9440 297:292.864 - 0.546ms returns FALSE
T7150 297:309.056 JLINK_IsHalted()
T7150 297:309.856 - 0.784ms returns FALSE
T7150 297:309.984 JLINK_IsHalted()
T7150 297:310.432 - 0.467ms returns FALSE
T7150 297:418.048 JLINK_IsHalted()
T7150 297:420.096 - 2.031ms returns FALSE
T7150 297:420.320 JLINK_IsHalted()
T7150 297:421.088 - 0.773ms returns FALSE
T7150 297:527.680 JLINK_IsHalted()
T7150 297:528.128 - 0.475ms returns FALSE
T7150 297:528.192 JLINK_IsHalted()
T7150 297:528.704 - 0.509ms returns FALSE
T7150 297:637.376 JLINK_IsHalted()
T7150 297:638.048 - 0.680ms returns FALSE
T7150 297:638.176 JLINK_IsHalted()
T7150 297:638.720 - 0.549ms returns FALSE
T7150 297:746.336 JLINK_IsHalted()
T7150 297:746.880 - 0.557ms returns FALSE
T7150 297:746.912 JLINK_IsHalted()
T7150 297:749.408 - 2.463ms returns FALSE
T7150 297:855.776 JLINK_IsHalted()
T7150 297:856.480 - 0.711ms returns FALSE
T7150 297:856.608 JLINK_IsHalted()
T7150 297:857.120 - 0.525ms returns FALSE
T7150 297:964.736 JLINK_IsHalted()
T7150 297:965.408 - 0.681ms returns FALSE
T7150 297:965.504 JLINK_IsHalted()
T7150 297:966.112 - 0.609ms returns FALSE
T7150 298:073.920 JLINK_IsHalted()
T7150 298:074.560 - 0.635ms returns FALSE
T7150 298:074.592 JLINK_IsHalted()
T7150 298:075.168 - 0.567ms returns FALSE
T7150 298:183.744 JLINK_IsHalted()
T7150 298:184.384 - 0.653ms returns FALSE
T7150 298:184.416 JLINK_IsHalted()
T7150 298:184.896 - 0.467ms returns FALSE
T7150 298:292.736 JLINK_IsHalted()
T7150 298:293.536 - 0.808ms returns FALSE
T7150 298:293.664 JLINK_IsHalted()
T7150 298:294.208 - 0.521ms returns FALSE
T9440 298:294.400 JLINK_IsHalted()
T9440 298:295.008 - 0.606ms returns FALSE
T9440 298:295.104 JLINK_IsHalted()
T9440 298:295.872 - 0.752ms returns FALSE
T7150 298:402.624 JLINK_IsHalted()
T7150 298:403.104 - 0.492ms returns FALSE
T7150 298:403.168 JLINK_IsHalted()
T7150 298:403.648 - 0.503ms returns FALSE
T7150 298:512.288 JLINK_IsHalted()
T7150 298:513.120 - 0.839ms returns FALSE
T7150 298:513.216 JLINK_IsHalted()
T7150 298:513.824 - 0.583ms returns FALSE
T7150 298:620.832 JLINK_IsHalted()
T7150 298:621.504 - 0.680ms returns FALSE
T7150 298:621.536 JLINK_IsHalted()
T7150 298:622.016 - 0.478ms returns FALSE
T7150 298:731.008 JLINK_IsHalted()
T7150 298:731.744 - 0.724ms returns FALSE
T7150 298:731.776 JLINK_IsHalted()
T7150 298:732.320 - 0.520ms returns FALSE
T7150 298:840.640 JLINK_IsHalted()
T7150 298:843.488 - 2.823ms returns FALSE
T7150 298:843.648 JLINK_IsHalted()
T7150 298:844.224 - 0.595ms returns FALSE
T7150 298:949.312 JLINK_IsHalted()
T7150 298:949.856 - 0.534ms returns FALSE
T7150 298:949.920 JLINK_IsHalted()
T7150 298:950.368 - 0.460ms returns FALSE
T7150 299:059.008 JLINK_IsHalted()
T7150 299:059.616 - 0.569ms returns FALSE
T7150 299:059.648 JLINK_IsHalted()
T7150 299:060.128 - 0.471ms returns FALSE
T7150 299:168.352 JLINK_IsHalted()
T7150 299:168.896 - 0.557ms returns FALSE
T7150 299:168.960 JLINK_IsHalted()
T7150 299:169.440 - 0.477ms returns FALSE
T7150 299:277.024 JLINK_IsHalted()
T7150 299:277.696 - 0.663ms returns FALSE
T7150 299:277.760 JLINK_IsHalted()
T7150 299:280.064 - 2.291ms returns FALSE
T9440 299:297.056 JLINK_IsHalted()
T9440 299:297.792 - 0.749ms returns FALSE
T9440 299:297.920 JLINK_IsHalted()
T9440 299:298.496 - 0.571ms returns FALSE
T7150 299:386.944 JLINK_IsHalted()
T7150 299:387.360 - 0.417ms returns FALSE
T7150 299:387.456 JLINK_IsHalted()
T7150 299:387.840 - 0.400ms returns FALSE
T7150 299:495.936 JLINK_IsHalted()
T7150 299:496.544 - 0.611ms returns FALSE
T7150 299:496.640 JLINK_IsHalted()
T7150 299:497.184 - 0.536ms returns FALSE
T7150 299:605.248 JLINK_IsHalted()
T7150 299:605.856 - 0.618ms returns FALSE
T7150 299:605.920 JLINK_IsHalted()
T7150 299:606.304 - 0.381ms returns FALSE
T7150 299:714.624 JLINK_IsHalted()
T7150 299:715.360 - 0.728ms returns FALSE
T7150 299:715.520 JLINK_IsHalted()
T7150 299:716.064 - 0.554ms returns FALSE
T7150 299:824.672 JLINK_IsHalted()
T7150 299:825.376 - 0.715ms returns FALSE
T7150 299:825.472 JLINK_IsHalted()
T7150 299:826.016 - 0.541ms returns FALSE
T7150 299:933.920 JLINK_IsHalted()
T7150 299:934.560 - 0.646ms returns FALSE
T7150 299:934.720 JLINK_IsHalted()
T7150 299:935.200 - 0.486ms returns FALSE
T7150 300:043.296 JLINK_IsHalted()
T7150 300:043.872 - 0.588ms returns FALSE
T7150 300:043.968 JLINK_IsHalted()
T7150 300:044.480 - 0.502ms returns FALSE
T7150 300:152.640 JLINK_IsHalted()
T7150 300:153.216 - 0.594ms returns FALSE
T7150 300:153.248 JLINK_IsHalted()
T7150 300:153.728 - 0.485ms returns FALSE
T7150 300:262.016 JLINK_IsHalted()
T7150 300:262.592 - 0.586ms returns FALSE
T7150 300:262.720 JLINK_IsHalted()
T7150 300:263.168 - 0.446ms returns FALSE
T9440 300:300.096 JLINK_IsHalted()
T9440 300:300.928 - 0.826ms returns FALSE
T9440 300:301.120 JLINK_IsHalted()
T9440 300:301.632 - 0.528ms returns FALSE
T7150 300:371.392 JLINK_IsHalted()
T7150 300:372.096 - 0.710ms returns FALSE
T7150 300:372.160 JLINK_IsHalted()
T7150 300:372.832 - 0.643ms returns FALSE
T7150 300:480.448 JLINK_IsHalted()
T7150 300:481.184 - 0.750ms returns FALSE
T7150 300:481.344 JLINK_IsHalted()
T7150 300:481.792 - 0.465ms returns FALSE
T7150 300:590.144 JLINK_IsHalted()
T7150 300:590.880 - 0.719ms returns FALSE
T7150 300:590.976 JLINK_IsHalted()
T7150 300:591.552 - 0.563ms returns FALSE
T7150 300:698.816 JLINK_IsHalted()
T7150 300:699.232 - 0.419ms returns FALSE
T7150 300:699.296 JLINK_IsHalted()
T7150 300:699.584 - 0.268ms returns FALSE
T7150 300:808.672 JLINK_IsHalted()
T7150 300:809.280 - 0.587ms returns FALSE
T7150 300:809.344 JLINK_IsHalted()
T7150 300:809.760 - 0.396ms returns FALSE
T7150 300:918.464 JLINK_IsHalted()
T7150 300:919.104 - 0.657ms returns FALSE
T7150 300:919.264 JLINK_IsHalted()
T7150 300:919.776 - 0.504ms returns FALSE
T7150 301:027.808 JLINK_IsHalted()
T7150 301:029.600 - 1.797ms returns FALSE
T7150 301:029.696 JLINK_IsHalted()
T7150 301:030.144 - 0.431ms returns FALSE
T7150 301:137.536 JLINK_IsHalted()
T7150 301:138.080 - 0.535ms returns FALSE
T7150 301:138.112 JLINK_IsHalted()
T7150 301:138.624 - 0.479ms returns FALSE
T7150 301:245.888 JLINK_IsHalted()
T7150 301:246.592 - 0.704ms returns FALSE
T7150 301:246.656 JLINK_IsHalted()
T7150 301:247.200 - 0.524ms returns FALSE
T9440 301:302.560 JLINK_IsHalted()
T9440 301:303.328 - 0.758ms returns FALSE
T9440 301:303.488 JLINK_IsHalted()
T9440 301:304.032 - 0.580ms returns FALSE
T7150 301:355.712 JLINK_IsHalted()
T7150 301:356.384 - 0.688ms returns FALSE
T7150 301:356.544 JLINK_IsHalted()
T7150 301:358.624 - 2.079ms returns FALSE
T7150 301:464.736 JLINK_IsHalted()
T7150 301:465.408 - 0.705ms returns FALSE
T7150 301:465.536 JLINK_IsHalted()
T7150 301:466.144 - 0.572ms returns FALSE
T7150 301:574.720 JLINK_IsHalted()
T7150 301:575.488 - 0.792ms returns FALSE
T7150 301:575.616 JLINK_IsHalted()
T7150 301:576.192 - 0.570ms returns FALSE
T7150 301:683.808 JLINK_IsHalted()
T7150 301:684.544 - 0.737ms returns FALSE
T7150 301:684.736 JLINK_IsHalted()
T7150 301:685.440 - 0.712ms returns FALSE
T7150 301:794.016 JLINK_IsHalted()
T7150 301:794.624 - 0.619ms returns FALSE
T7150 301:794.720 JLINK_IsHalted()
T7150 301:795.360 - 0.625ms returns FALSE
T7150 301:903.072 JLINK_IsHalted()
T7150 301:903.808 - 0.747ms returns FALSE
T7150 301:903.936 JLINK_IsHalted()
T7150 301:904.544 - 0.615ms returns FALSE
T7150 302:011.776 JLINK_IsHalted()
T7150 302:012.576 - 0.785ms returns FALSE
T7150 302:012.704 JLINK_IsHalted()
T7150 302:013.248 - 0.536ms returns FALSE
T7150 302:121.152 JLINK_IsHalted()
T7150 302:121.696 - 0.583ms returns FALSE
T7150 302:121.824 JLINK_IsHalted()
T7150 302:122.176 - 0.336ms returns FALSE
T7150 302:230.848 JLINK_IsHalted()
T7150 302:231.552 - 0.695ms returns FALSE
T7150 302:231.680 JLINK_IsHalted()
T7150 302:232.128 - 0.446ms returns FALSE
T9440 302:304.928 JLINK_IsHalted()
T9440 302:305.440 - 0.506ms returns FALSE
T9440 302:305.504 JLINK_IsHalted()
T9440 302:306.080 - 0.565ms returns FALSE
T7150 302:339.808 JLINK_IsHalted()
T7150 302:340.576 - 0.758ms returns FALSE
T7150 302:340.736 JLINK_IsHalted()
T7150 302:341.280 - 0.535ms returns FALSE
T7150 302:449.696 JLINK_IsHalted()
T7150 302:450.464 - 0.779ms returns FALSE
T7150 302:450.592 JLINK_IsHalted()
T7150 302:451.200 - 0.600ms returns FALSE
T7150 302:559.680 JLINK_IsHalted()
T7150 302:560.320 - 0.680ms returns FALSE
T7150 302:560.448 JLINK_IsHalted()
T7150 302:560.992 - 0.526ms returns FALSE
T7150 302:667.872 JLINK_IsHalted()
T7150 302:668.448 - 0.571ms returns FALSE
T7150 302:668.480 JLINK_IsHalted()
T7150 302:668.992 - 0.496ms returns FALSE
T7150 302:778.208 JLINK_IsHalted()
T7150 302:778.752 - 0.550ms returns FALSE
T7150 302:778.816 JLINK_IsHalted()
T7150 302:779.296 - 0.488ms returns FALSE
T7150 302:887.136 JLINK_IsHalted()
T7150 302:887.872 - 0.734ms returns FALSE
T7150 302:888.000 JLINK_IsHalted()
T7150 302:889.664 - 1.653ms returns FALSE
T7150 302:996.800 JLINK_IsHalted()
T7150 302:997.536 - 0.730ms returns FALSE
T7150 302:997.696 JLINK_IsHalted()
T7150 302:998.208 - 0.498ms returns FALSE
T7150 303:106.048 JLINK_IsHalted()
T7150 303:106.816 - 0.748ms returns FALSE
T7150 303:106.944 JLINK_IsHalted()
T7150 303:107.488 - 0.538ms returns FALSE
T7150 303:215.584 JLINK_IsHalted()
T7150 303:216.224 - 0.615ms returns FALSE
T7150 303:216.320 JLINK_IsHalted()
T7150 303:216.832 - 0.511ms returns FALSE
T9440 303:307.328 JLINK_IsHalted()
T9440 303:308.160 - 0.830ms returns FALSE
T9440 303:308.288 JLINK_IsHalted()
T9440 303:308.864 - 0.583ms returns FALSE
T7150 303:326.400 JLINK_IsHalted()
T7150 303:327.040 - 0.647ms returns FALSE
T7150 303:327.200 JLINK_IsHalted()
T7150 303:327.776 - 0.568ms returns FALSE
T7150 303:434.432 JLINK_IsHalted()
T7150 303:435.104 - 0.655ms returns FALSE
T7150 303:435.232 JLINK_IsHalted()
T7150 303:435.968 - 0.707ms returns FALSE
T7150 303:543.648 JLINK_IsHalted()
T7150 303:544.512 - 0.849ms returns FALSE
T7150 303:544.640 JLINK_IsHalted()
T7150 303:545.280 - 0.646ms returns FALSE
T7150 303:652.576 JLINK_IsHalted()
T7150 303:653.152 - 0.549ms returns FALSE
T7150 303:653.184 JLINK_IsHalted()
T7150 303:653.632 - 0.450ms returns FALSE
T7150 303:761.856 JLINK_IsHalted()
T7150 303:762.432 - 0.553ms returns FALSE
T7150 303:762.496 JLINK_IsHalted()
T7150 303:762.880 - 0.409ms returns FALSE
T7150 303:871.296 JLINK_IsHalted()
T7150 303:871.968 - 0.684ms returns FALSE
T7150 303:872.096 JLINK_IsHalted()
T7150 303:872.608 - 0.522ms returns FALSE
T7150 303:980.640 JLINK_IsHalted()
T7150 303:981.504 - 0.852ms returns FALSE
T7150 303:981.632 JLINK_IsHalted()
T7150 303:982.336 - 0.703ms returns FALSE
T7150 304:090.560 JLINK_IsHalted()
T7150 304:091.200 - 0.620ms returns FALSE
T7150 304:091.264 JLINK_IsHalted()
T7150 304:091.776 - 0.515ms returns FALSE
T7150 304:199.232 JLINK_IsHalted()
T7150 304:199.904 - 0.698ms returns FALSE
T7150 304:199.968 JLINK_IsHalted()
T7150 304:200.544 - 0.572ms returns FALSE
T7150 304:308.608 JLINK_IsHalted()
T7150 304:309.312 - 0.680ms returns FALSE
T7150 304:309.344 JLINK_IsHalted()
T7150 304:309.824 - 0.496ms returns FALSE
T9440 304:310.976 JLINK_IsHalted()
T9440 304:311.488 - 0.467ms returns FALSE
T9440 304:311.552 JLINK_IsHalted()
T9440 304:312.000 - 0.425ms returns FALSE
T7150 304:417.760 JLINK_IsHalted()
T7150 304:418.496 - 0.749ms returns FALSE
T7150 304:418.624 JLINK_IsHalted()
T7150 304:419.200 - 0.586ms returns FALSE
T7150 304:528.384 JLINK_IsHalted()
T7150 304:529.152 - 0.752ms returns FALSE
T7150 304:529.248 JLINK_IsHalted()
T7150 304:529.696 - 0.429ms returns FALSE
T7150 304:636.608 JLINK_IsHalted()
T7150 304:637.280 - 0.700ms returns FALSE
T7150 304:637.376 JLINK_IsHalted()
T7150 304:637.952 - 0.557ms returns FALSE
T7150 304:746.592 JLINK_IsHalted()
T7150 304:747.232 - 0.644ms returns FALSE
T7150 304:747.328 JLINK_IsHalted()
T7150 304:747.904 - 0.565ms returns FALSE
T7150 304:857.504 JLINK_IsHalted()
T7150 304:858.272 - 0.769ms returns FALSE
T7150 304:858.400 JLINK_IsHalted()
T7150 304:858.944 - 0.568ms returns FALSE
T7150 304:965.440 JLINK_IsHalted()
T7150 304:966.144 - 0.705ms returns FALSE
T7150 304:966.304 JLINK_IsHalted()
T7150 304:966.976 - 0.684ms returns FALSE
T7150 305:074.400 JLINK_IsHalted()
T7150 305:075.072 - 0.670ms returns FALSE
T7150 305:075.136 JLINK_IsHalted()
T7150 305:075.520 - 0.376ms returns FALSE
T7150 305:183.392 JLINK_IsHalted()
T7150 305:184.064 - 0.669ms returns FALSE
T7150 305:184.128 JLINK_IsHalted()
T7150 305:184.640 - 0.499ms returns FALSE
T7150 305:294.400 JLINK_IsHalted()
T7150 305:295.264 - 0.861ms returns FALSE
T7150 305:295.392 JLINK_IsHalted()
T7150 305:295.936 - 0.537ms returns FALSE
T9440 305:313.568 JLINK_IsHalted()
T9440 305:314.240 - 0.676ms returns FALSE
T9440 305:314.336 JLINK_IsHalted()
T9440 305:314.944 - 0.605ms returns FALSE
T7150 305:402.688 JLINK_IsHalted()
T7150 305:403.520 - 0.808ms returns FALSE
T7150 305:403.648 JLINK_IsHalted()
T7150 305:404.256 - 0.619ms returns FALSE
T7150 305:511.744 JLINK_IsHalted()
T7150 305:512.416 - 0.678ms returns FALSE
T7150 305:512.544 JLINK_IsHalted()
T7150 305:513.024 - 0.473ms returns FALSE
T7150 305:621.952 JLINK_IsHalted()
T7150 305:622.848 - 0.885ms returns FALSE
T7150 305:622.944 JLINK_IsHalted()
T7150 305:623.616 - 0.665ms returns FALSE
T7150 305:730.976 JLINK_IsHalted()
T7150 305:731.520 - 0.553ms returns FALSE
T7150 305:731.552 JLINK_IsHalted()
T7150 305:732.064 - 0.490ms returns FALSE
T7150 305:840.256 JLINK_IsHalted()
T7150 305:840.960 - 0.701ms returns FALSE
T7150 305:841.088 JLINK_IsHalted()
T7150 305:841.504 - 0.433ms returns FALSE
T7150 305:949.696 JLINK_IsHalted()
T7150 305:950.400 - 0.719ms returns FALSE
T7150 305:950.496 JLINK_IsHalted()
T7150 305:951.104 - 0.604ms returns FALSE
T7150 306:058.464 JLINK_IsHalted()
T7150 306:059.072 - 0.597ms returns FALSE
T7150 306:059.104 JLINK_IsHalted()
T7150 306:059.616 - 0.498ms returns FALSE
T7150 306:167.968 JLINK_IsHalted()
T7150 306:168.512 - 0.553ms returns FALSE
T7150 306:168.544 JLINK_IsHalted()
T7150 306:168.992 - 0.421ms returns FALSE
T7150 306:277.888 JLINK_IsHalted()
T7150 306:278.592 - 0.692ms returns FALSE
T7150 306:278.656 JLINK_IsHalted()
T7150 306:279.136 - 0.491ms returns FALSE
T9440 306:316.704 JLINK_IsHalted()
T9440 306:317.376 - 0.714ms returns FALSE
T9440 306:317.504 JLINK_IsHalted()
T9440 306:317.920 - 0.444ms returns FALSE
T7150 306:388.160 JLINK_IsHalted()
T7150 306:388.896 - 0.747ms returns FALSE
T7150 306:388.992 JLINK_IsHalted()
T7150 306:389.536 - 0.531ms returns FALSE
T7150 306:496.608 JLINK_IsHalted()
T7150 306:497.280 - 0.676ms returns FALSE
T7150 306:497.408 JLINK_IsHalted()
T7150 306:498.048 - 0.639ms returns FALSE
T7150 306:605.152 JLINK_IsHalted()
T7150 306:605.760 - 0.594ms returns FALSE
T7150 306:605.824 JLINK_IsHalted()
T7150 306:606.304 - 0.487ms returns FALSE
T7150 306:715.200 JLINK_IsHalted()
T7150 306:715.808 - 0.591ms returns FALSE
T7150 306:715.872 JLINK_IsHalted()
T7150 306:716.352 - 0.468ms returns FALSE
T7150 306:824.064 JLINK_IsHalted()
T7150 306:824.832 - 0.762ms returns FALSE
T7150 306:824.960 JLINK_IsHalted()
T7150 306:825.600 - 0.629ms returns FALSE
T7150 306:934.080 JLINK_IsHalted()
T7150 306:934.944 - 0.877ms returns FALSE
T7150 306:935.104 JLINK_IsHalted()
T7150 306:935.744 - 0.627ms returns FALSE
T7150 307:043.360 JLINK_IsHalted()
T7150 307:044.032 - 0.680ms returns FALSE
T7150 307:044.128 JLINK_IsHalted()
T7150 307:044.576 - 0.461ms returns FALSE
T7150 307:153.472 JLINK_IsHalted()
T7150 307:154.112 - 0.636ms returns FALSE
T7150 307:154.240 JLINK_IsHalted()
T7150 307:154.880 - 0.646ms returns FALSE
T7150 307:261.440 JLINK_IsHalted()
T7150 307:262.272 - 0.800ms returns FALSE
T7150 307:262.400 JLINK_IsHalted()
T7150 307:262.944 - 0.565ms returns FALSE
T9440 307:318.720 JLINK_IsHalted()
T9440 307:319.360 - 0.632ms returns FALSE
T9440 307:319.488 JLINK_IsHalted()
T9440 307:319.968 - 0.470ms returns FALSE
T7150 307:371.264 JLINK_IsHalted()
T7150 307:371.968 - 0.672ms returns FALSE
T7150 307:372.096 JLINK_IsHalted()
T7150 307:372.736 - 0.632ms returns FALSE
T7150 307:480.256 JLINK_IsHalted()
T7150 307:481.152 - 0.764ms returns FALSE
T7150 307:481.312 JLINK_IsHalted()
T7150 307:481.824 - 0.509ms returns FALSE
T7150 307:589.696 JLINK_IsHalted()
T7150 307:590.400 - 0.695ms returns FALSE
T7150 307:590.624 JLINK_IsHalted()
T7150 307:591.296 - 0.644ms returns FALSE
T7150 307:699.424 JLINK_IsHalted()
T7150 307:700.160 - 0.705ms returns FALSE
T7150 307:700.288 JLINK_IsHalted()
T7150 307:700.960 - 0.665ms returns FALSE
T7150 307:809.920 JLINK_IsHalted()
T7150 307:810.688 - 0.751ms returns FALSE
T7150 307:810.816 JLINK_IsHalted()
T7150 307:811.328 - 0.521ms returns FALSE
T7150 307:918.528 JLINK_IsHalted()
T7150 307:919.200 - 0.697ms returns FALSE
T7150 307:919.360 JLINK_IsHalted()
T7150 307:919.904 - 0.530ms returns FALSE
T7150 308:027.296 JLINK_IsHalted()
T7150 308:028.192 - 0.894ms returns FALSE
T7150 308:028.352 JLINK_IsHalted()
T7150 308:028.864 - 0.500ms returns FALSE
T7150 308:137.536 JLINK_IsHalted()
T7150 308:138.240 - 0.693ms returns FALSE
T7150 308:138.368 JLINK_IsHalted()
T7150 308:138.848 - 0.482ms returns FALSE
T7150 308:246.848 JLINK_IsHalted()
T7150 308:247.744 - 0.885ms returns FALSE
T7150 308:247.904 JLINK_IsHalted()
T7150 308:248.512 - 0.594ms returns FALSE
T9440 308:321.632 JLINK_IsHalted()
T9440 308:322.560 - 0.922ms returns FALSE
T9440 308:322.720 JLINK_IsHalted()
T9440 308:323.232 - 0.529ms returns FALSE
T7150 308:356.000 JLINK_IsHalted()
T7150 308:356.672 - 0.654ms returns FALSE
T7150 308:356.768 JLINK_IsHalted()
T7150 308:357.408 - 0.638ms returns FALSE
T7150 308:465.344 JLINK_IsHalted()
T7150 308:465.984 - 0.667ms returns FALSE
T7150 308:466.112 JLINK_IsHalted()
T7150 308:466.752 - 0.610ms returns FALSE
T7150 308:574.272 JLINK_IsHalted()
T7150 308:574.976 - 0.690ms returns FALSE
T7150 308:575.072 JLINK_IsHalted()
T7150 308:575.680 - 0.621ms returns FALSE
T7150 308:684.224 JLINK_IsHalted()
T7150 308:684.992 - 0.802ms returns FALSE
T7150 308:685.152 JLINK_IsHalted()
T7150 308:685.856 - 0.703ms returns FALSE
T7150 308:795.584 JLINK_IsHalted()
T7150 308:796.256 - 0.669ms returns FALSE
T7150 308:796.416 JLINK_IsHalted()
T7150 308:797.024 - 0.597ms returns FALSE
T7150 308:902.400 JLINK_IsHalted()
T7150 308:903.136 - 0.737ms returns FALSE
T7150 308:903.264 JLINK_IsHalted()
T7150 308:903.712 - 0.431ms returns FALSE
T7150 309:012.096 JLINK_IsHalted()
T7150 309:012.800 - 0.730ms returns FALSE
T7150 309:012.928 JLINK_IsHalted()
T7150 309:013.440 - 0.548ms returns FALSE
T7150 309:121.344 JLINK_IsHalted()
T7150 309:122.048 - 0.725ms returns FALSE
T7150 309:122.240 JLINK_IsHalted()
T7150 309:122.720 - 0.485ms returns FALSE
T7150 309:230.912 JLINK_IsHalted()
T7150 309:231.648 - 0.734ms returns FALSE
T7150 309:231.808 JLINK_IsHalted()
T7150 309:232.320 - 0.489ms returns FALSE
T9440 309:325.248 JLINK_IsHalted()
T9440 309:325.824 - 0.581ms returns FALSE
T9440 309:325.888 JLINK_IsHalted()
T9440 309:326.400 - 0.531ms returns FALSE
T7150 309:340.160 JLINK_IsHalted()
T7150 309:340.960 - 0.790ms returns FALSE
T7150 309:341.024 JLINK_IsHalted()
T7150 309:341.632 - 0.610ms returns FALSE
T7150 309:449.440 JLINK_IsHalted()
T7150 309:450.208 - 0.764ms returns FALSE
T7150 309:450.368 JLINK_IsHalted()
T7150 309:450.912 - 0.534ms returns FALSE
T7150 309:558.432 JLINK_IsHalted()
T7150 309:559.008 - 0.601ms returns FALSE
T7150 309:559.072 JLINK_IsHalted()
T7150 309:559.616 - 0.564ms returns FALSE
T7150 309:668.256 JLINK_IsHalted()
T7150 309:668.928 - 0.660ms returns FALSE
T7150 309:669.056 JLINK_IsHalted()
T7150 309:669.664 - 0.597ms returns FALSE
T7150 309:777.504 JLINK_IsHalted()
T7150 309:780.224 - 2.724ms returns FALSE
T7150 309:780.288 JLINK_IsHalted()
T7150 309:780.768 - 0.461ms returns FALSE
T7150 309:887.264 JLINK_IsHalted()
T7150 309:888.064 - 0.808ms returns FALSE
T7150 309:888.192 JLINK_IsHalted()
T7150 309:888.704 - 0.496ms returns FALSE
T7150 309:996.352 JLINK_IsHalted()
T7150 309:996.992 - 0.644ms returns FALSE
T7150 309:997.120 JLINK_IsHalted()
T7150 309:997.600 - 0.468ms returns FALSE
T7150 310:105.312 JLINK_IsHalted()
T7150 310:105.824 - 0.532ms returns FALSE
T7150 310:105.920 JLINK_IsHalted()
T7150 310:106.304 - 0.387ms returns FALSE
T7150 310:215.072 JLINK_IsHalted()
T7150 310:215.840 - 0.776ms returns FALSE
T7150 310:215.936 JLINK_IsHalted()
T7150 310:216.576 - 0.659ms returns FALSE
T7150 310:324.928 JLINK_IsHalted()
T7150 310:325.440 - 0.505ms returns FALSE
T7150 310:325.440 JLINK_IsHalted()
T7150 310:325.952 - 0.468ms returns FALSE
T9440 310:327.232 JLINK_IsHalted()
T9440 310:327.616 - 0.360ms returns FALSE
T9440 310:327.648 JLINK_IsHalted()
T9440 310:328.000 - 0.373ms returns FALSE
T7150 310:433.536 JLINK_IsHalted()
T7150 310:433.920 - 0.387ms returns FALSE
T7150 310:433.952 JLINK_IsHalted()
T7150 310:434.272 - 0.325ms returns FALSE
T7150 310:542.816 JLINK_IsHalted()
T7150 310:543.488 - 0.658ms returns FALSE
T7150 310:543.552 JLINK_IsHalted()
T7150 310:544.064 - 0.504ms returns FALSE
T7150 310:653.024 JLINK_IsHalted()
T7150 310:653.760 - 0.740ms returns FALSE
T7150 310:653.888 JLINK_IsHalted()
T7150 310:654.656 - 0.770ms returns FALSE
T7150 310:762.112 JLINK_IsHalted()
T7150 310:762.816 - 0.690ms returns FALSE
T7150 310:762.880 JLINK_IsHalted()
T7150 310:763.360 - 0.485ms returns FALSE
T7150 310:871.232 JLINK_IsHalted()
T7150 310:871.840 - 0.629ms returns FALSE
T7150 310:871.968 JLINK_IsHalted()
T7150 310:872.512 - 0.551ms returns FALSE
T7150 310:980.416 JLINK_IsHalted()
T7150 310:981.088 - 0.706ms returns FALSE
T7150 310:981.184 JLINK_IsHalted()
T7150 310:981.728 - 0.568ms returns FALSE
T7150 311:090.208 JLINK_IsHalted()
T7150 311:090.880 - 0.658ms returns FALSE
T7150 311:090.976 JLINK_IsHalted()
T7150 311:091.520 - 0.553ms returns FALSE
T7150 311:198.880 JLINK_IsHalted()
T7150 311:199.392 - 0.526ms returns FALSE
T7150 311:199.424 JLINK_IsHalted()
T7150 311:199.840 - 0.417ms returns FALSE
T7150 311:308.512 JLINK_IsHalted()
T7150 311:309.408 - 0.889ms returns FALSE
T7150 311:309.536 JLINK_IsHalted()
T7150 311:310.016 - 0.482ms returns FALSE
T9440 311:328.832 JLINK_IsHalted()
T9440 311:329.504 - 0.678ms returns FALSE
T9440 311:329.664 JLINK_IsHalted()
T9440 311:330.240 - 0.565ms returns FALSE
T7150 311:417.760 JLINK_IsHalted()
T7150 311:418.336 - 0.586ms returns FALSE
T7150 311:418.464 JLINK_IsHalted()
T7150 311:418.912 - 0.443ms returns FALSE
T7150 311:527.520 JLINK_IsHalted()
T7150 311:528.256 - 0.733ms returns FALSE
T7150 311:528.384 JLINK_IsHalted()
T7150 311:529.024 - 0.633ms returns FALSE
T7150 311:637.280 JLINK_IsHalted()
T7150 311:637.856 - 0.583ms returns FALSE
T7150 311:637.952 JLINK_IsHalted()
T7150 311:638.400 - 0.459ms returns FALSE
T7150 311:745.728 JLINK_IsHalted()
T7150 311:746.368 - 0.638ms returns FALSE
T7150 311:746.464 JLINK_IsHalted()
T7150 311:746.912 - 0.449ms returns FALSE
T7150 311:855.744 JLINK_IsHalted()
T7150 311:856.416 - 0.642ms returns FALSE
T7150 311:856.512 JLINK_IsHalted()
T7150 311:857.024 - 0.521ms returns FALSE
T7150 311:964.736 JLINK_IsHalted()
T7150 311:965.440 - 0.690ms returns FALSE
T7150 311:965.568 JLINK_IsHalted()
T7150 311:966.112 - 0.550ms returns FALSE
T7150 312:074.688 JLINK_IsHalted()
T7150 312:075.232 - 0.556ms returns FALSE
T7150 312:075.360 JLINK_IsHalted()
T7150 312:075.872 - 0.515ms returns FALSE
T7150 312:183.712 JLINK_IsHalted()
T7150 312:184.192 - 0.500ms returns FALSE
T7150 312:184.256 JLINK_IsHalted()
T7150 312:184.640 - 0.381ms returns FALSE
T7150 312:293.920 JLINK_IsHalted()
T7150 312:294.656 - 0.748ms returns FALSE
T7150 312:294.784 JLINK_IsHalted()
T7150 312:295.392 - 0.612ms returns FALSE
T9440 312:331.584 JLINK_IsHalted()
T9440 312:333.856 - 2.249ms returns FALSE
T9440 312:333.920 JLINK_IsHalted()
T9440 312:334.368 - 0.421ms returns FALSE
T7150 312:402.528 JLINK_IsHalted()
T7150 312:405.056 - 2.522ms returns FALSE
T7150 312:405.184 JLINK_IsHalted()
T7150 312:405.728 - 0.555ms returns FALSE
T7150 312:511.744 JLINK_IsHalted()
T7150 312:512.192 - 0.483ms returns FALSE
T7150 312:512.256 JLINK_IsHalted()
T7150 312:512.704 - 0.432ms returns FALSE
T7150 312:620.960 JLINK_IsHalted()
T7150 312:621.696 - 0.736ms returns FALSE
T7150 312:621.760 JLINK_IsHalted()
T7150 312:622.368 - 0.588ms returns FALSE
T7150 312:732.320 JLINK_IsHalted()
T7150 312:732.928 - 0.611ms returns FALSE
T7150 312:733.024 JLINK_IsHalted()
T7150 312:733.504 - 0.460ms returns FALSE
T7150 312:839.648 JLINK_IsHalted()
T7150 312:841.728 - 2.057ms returns FALSE
T7150 312:841.920 JLINK_IsHalted()
T7150 312:842.464 - 0.546ms returns FALSE
T7150 312:949.280 JLINK_IsHalted()
T7150 312:949.952 - 0.667ms returns FALSE
T7150 312:950.112 JLINK_IsHalted()
T7150 312:950.592 - 0.489ms returns FALSE
T7150 313:058.496 JLINK_IsHalted()
T7150 313:059.264 - 0.752ms returns FALSE
T7150 313:059.392 JLINK_IsHalted()
T7150 313:059.936 - 0.571ms returns FALSE
T7150 313:167.936 JLINK_IsHalted()
T7150 313:168.576 - 0.674ms returns FALSE
T7150 313:168.672 JLINK_IsHalted()
T7150 313:169.088 - 0.402ms returns FALSE
T7150 313:278.400 JLINK_IsHalted()
T7150 313:280.864 - 2.460ms returns FALSE
T7150 313:280.992 JLINK_IsHalted()
T7150 313:281.536 - 0.542ms returns FALSE
T9440 313:336.064 JLINK_IsHalted()
T9440 313:336.736 - 0.652ms returns FALSE
T9440 313:336.832 JLINK_IsHalted()
T9440 313:337.312 - 0.474ms returns FALSE
T7150 313:386.688 JLINK_IsHalted()
T7150 313:387.456 - 0.726ms returns FALSE
T7150 313:387.520 JLINK_IsHalted()
T7150 313:388.096 - 0.546ms returns FALSE
T7150 313:496.512 JLINK_IsHalted()
T7150 313:497.024 - 0.496ms returns FALSE
T7150 313:497.056 JLINK_IsHalted()
T7150 313:497.440 - 0.382ms returns FALSE
T7150 313:605.696 JLINK_IsHalted()
T7150 313:606.368 - 0.682ms returns FALSE
T7150 313:606.464 JLINK_IsHalted()
T7150 313:606.976 - 0.513ms returns FALSE
T7150 313:714.784 JLINK_IsHalted()
T7150 313:715.264 - 0.505ms returns FALSE
T7150 313:715.328 JLINK_IsHalted()
T7150 313:715.808 - 0.484ms returns FALSE
T7150 313:824.896 JLINK_IsHalted()
T7150 313:825.376 - 0.495ms returns FALSE
T7150 313:825.440 JLINK_IsHalted()
T7150 313:825.792 - 0.366ms returns FALSE
T7150 313:933.600 JLINK_IsHalted()
T7150 313:934.272 - 0.659ms returns FALSE
T7150 313:934.336 JLINK_IsHalted()
T7150 313:934.720 - 0.384ms returns FALSE
T7150 314:043.456 JLINK_IsHalted()
T7150 314:044.288 - 0.855ms returns FALSE
T7150 314:044.352 JLINK_IsHalted()
T7150 314:044.704 - 0.343ms returns FALSE
T7150 314:153.504 JLINK_IsHalted()
T7150 314:154.112 - 0.613ms returns FALSE
T7150 314:154.208 JLINK_IsHalted()
T7150 314:154.560 - 0.336ms returns FALSE
T7150 314:263.360 JLINK_IsHalted()
T7150 314:264.000 - 0.624ms returns FALSE
T7150 314:264.032 JLINK_IsHalted()
T7150 314:264.544 - 0.505ms returns FALSE
T9440 314:338.304 JLINK_IsHalted()
T9440 314:338.912 - 0.606ms returns FALSE
T9440 314:339.040 JLINK_IsHalted()
T9440 314:339.456 - 0.424ms returns FALSE
T7150 314:371.072 JLINK_IsHalted()
T7150 314:371.776 - 0.706ms returns FALSE
T7150 314:371.904 JLINK_IsHalted()
T7150 314:372.448 - 0.546ms returns FALSE
T7150 314:480.928 JLINK_IsHalted()
T7150 314:481.728 - 0.794ms returns FALSE
T7150 314:481.856 JLINK_IsHalted()
T7150 314:482.464 - 0.616ms returns FALSE
T7150 314:590.400 JLINK_IsHalted()
T7150 314:590.848 - 0.443ms returns FALSE
T7150 314:590.912 JLINK_IsHalted()
T7150 314:591.264 - 0.359ms returns FALSE
T7150 314:699.456 JLINK_IsHalted()
T7150 314:700.160 - 0.716ms returns FALSE
T7150 314:700.224 JLINK_IsHalted()
T7150 314:700.736 - 0.475ms returns FALSE
T7150 314:809.024 JLINK_IsHalted()
T7150 314:809.568 - 0.532ms returns FALSE
T7150 314:809.632 JLINK_IsHalted()
T7150 314:810.048 - 0.453ms returns FALSE
T7150 314:918.016 JLINK_IsHalted()
T7150 314:918.528 - 0.495ms returns FALSE
T7150 314:918.592 JLINK_IsHalted()
T7150 314:918.944 - 0.343ms returns FALSE
T7150 315:027.648 JLINK_IsHalted()
T7150 315:028.160 - 0.509ms returns FALSE
T7150 315:028.224 JLINK_IsHalted()
T7150 315:028.704 - 0.472ms returns FALSE
T7150 315:136.864 JLINK_IsHalted()
T7150 315:137.472 - 0.613ms returns FALSE
T7150 315:137.600 JLINK_IsHalted()
T7150 315:138.176 - 0.576ms returns FALSE
T7150 315:246.688 JLINK_IsHalted()
T7150 315:247.296 - 0.621ms returns FALSE
T7150 315:247.424 JLINK_IsHalted()
T7150 315:248.000 - 0.574ms returns FALSE
T9440 315:340.448 JLINK_IsHalted()
T9440 315:341.248 - 0.800ms returns FALSE
T9440 315:341.376 JLINK_IsHalted()
T9440 315:343.200 - 1.843ms returns FALSE
T7150 315:355.520 JLINK_IsHalted()
T7150 315:356.224 - 0.706ms returns FALSE
T7150 315:356.320 JLINK_IsHalted()
T7150 315:356.960 - 0.626ms returns FALSE
T7150 315:464.640 JLINK_IsHalted()
T7150 315:465.312 - 0.692ms returns FALSE
T7150 315:465.440 JLINK_IsHalted()
T7150 315:466.048 - 0.572ms returns FALSE
T7150 315:575.104 JLINK_IsHalted()
T7150 315:575.744 - 0.611ms returns FALSE
T7150 315:575.840 JLINK_IsHalted()
T7150 315:576.352 - 0.519ms returns FALSE
T7150 315:683.232 JLINK_IsHalted()
T7150 315:683.648 - 0.405ms returns FALSE
T7150 315:683.680 JLINK_IsHalted()
T7150 315:684.032 - 0.338ms returns FALSE
T7150 315:793.216 JLINK_IsHalted()
T7150 315:793.792 - 0.568ms returns FALSE
T7150 315:793.856 JLINK_IsHalted()
T7150 315:794.144 - 0.316ms returns FALSE
T7150 315:902.112 JLINK_IsHalted()
T7150 315:902.656 - 0.567ms returns FALSE
T7150 315:902.752 JLINK_IsHalted()
T7150 315:903.168 - 0.436ms returns FALSE
T7150 316:012.032 JLINK_IsHalted()
T7150 316:012.704 - 0.678ms returns FALSE
T7150 316:012.736 JLINK_IsHalted()
T7150 316:013.248 - 0.478ms returns FALSE
T7150 316:121.408 JLINK_IsHalted()
T7150 316:121.920 - 0.545ms returns FALSE
T7150 316:121.984 JLINK_IsHalted()
T7150 316:122.368 - 0.373ms returns FALSE
T7150 316:231.008 JLINK_IsHalted()
T7150 316:231.680 - 0.662ms returns FALSE
T7150 316:231.712 JLINK_IsHalted()
T7150 316:232.288 - 0.573ms returns FALSE
T7150 316:339.776 JLINK_IsHalted()
T7150 316:340.448 - 0.649ms returns FALSE
T7150 316:340.544 JLINK_IsHalted()
T7150 316:340.960 - 0.433ms returns FALSE
T9440 316:343.776 JLINK_IsHalted()
T9440 316:344.384 - 0.611ms returns FALSE
T9440 316:344.416 JLINK_IsHalted()
T9440 316:344.960 - 0.514ms returns FALSE
T7150 316:449.376 JLINK_IsHalted()
T7150 316:449.984 - 0.587ms returns FALSE
T7150 316:450.016 JLINK_IsHalted()
T7150 316:450.464 - 0.445ms returns FALSE
T7150 316:558.304 JLINK_IsHalted()
T7150 316:558.976 - 0.648ms returns FALSE
T7150 316:559.040 JLINK_IsHalted()
T7150 316:559.584 - 0.564ms returns FALSE
T7150 316:668.448 JLINK_IsHalted()
T7150 316:668.992 - 0.540ms returns FALSE
T7150 316:669.024 JLINK_IsHalted()
T7150 316:669.376 - 0.346ms returns FALSE
T7150 316:777.280 JLINK_IsHalted()
T7150 316:777.664 - 0.392ms returns FALSE
T7150 316:777.696 JLINK_IsHalted()
T7150 316:778.080 - 0.385ms returns FALSE
T7150 316:887.392 JLINK_IsHalted()
T7150 316:888.000 - 0.589ms returns FALSE
T7150 316:888.128 JLINK_IsHalted()
T7150 316:888.608 - 0.481ms returns FALSE
T7150 316:996.192 JLINK_IsHalted()
T7150 316:996.704 - 0.501ms returns FALSE
T7150 316:996.800 JLINK_IsHalted()
T7150 316:997.152 - 0.360ms returns FALSE
T7150 317:105.152 JLINK_IsHalted()
T7150 317:105.696 - 0.534ms returns FALSE
T7150 317:105.792 JLINK_IsHalted()
T7150 317:106.208 - 0.403ms returns FALSE
T7150 317:214.784 JLINK_IsHalted()
T7150 317:215.168 - 0.351ms returns FALSE
T7150 317:215.200 JLINK_IsHalted()
T7150 317:215.456 - 0.275ms returns FALSE
T7150 317:324.000 JLINK_IsHalted()
T7150 317:324.448 - 0.443ms returns FALSE
T7150 317:324.480 JLINK_IsHalted()
T7150 317:324.832 - 0.329ms returns FALSE
T9440 317:345.696 JLINK_IsHalted()
T9440 317:346.144 - 0.455ms returns FALSE
T9440 317:346.240 JLINK_IsHalted()
T9440 317:346.624 - 0.403ms returns FALSE
T7150 317:434.528 JLINK_IsHalted()
T7150 317:434.976 - 0.472ms returns FALSE
T7150 317:435.072 JLINK_IsHalted()
T7150 317:435.456 - 0.401ms returns FALSE
T7150 317:543.232 JLINK_IsHalted()
T7150 317:544.224 - 0.972ms returns FALSE
T7150 317:544.352 JLINK_IsHalted()
T7150 317:546.368 - 2.005ms returns FALSE
T7150 317:652.800 JLINK_IsHalted()
T7150 317:653.120 - 0.335ms returns FALSE
T7150 317:653.184 JLINK_IsHalted()
T7150 317:653.472 - 0.301ms returns FALSE
T7150 317:761.472 JLINK_IsHalted()
T7150 317:762.208 - 0.717ms returns FALSE
T7150 317:762.368 JLINK_IsHalted()
T7150 317:762.976 - 0.626ms returns FALSE
T7150 317:871.008 JLINK_IsHalted()
T7150 317:871.456 - 0.458ms returns FALSE
T7150 317:871.488 JLINK_IsHalted()
T7150 317:871.872 - 0.374ms returns FALSE
T7150 317:980.352 JLINK_IsHalted()
T7150 317:980.864 - 0.510ms returns FALSE
T7150 317:980.928 JLINK_IsHalted()
T7150 317:981.344 - 0.412ms returns FALSE
T7150 318:090.080 JLINK_IsHalted()
T7150 318:090.912 - 0.797ms returns FALSE
T7150 318:090.944 JLINK_IsHalted()
T7150 318:091.552 - 0.586ms returns FALSE
T7150 318:199.840 JLINK_IsHalted()
T7150 318:200.672 - 0.842ms returns FALSE
T7150 318:200.800 JLINK_IsHalted()
T7150 318:201.440 - 0.630ms returns FALSE
T7150 318:308.384 JLINK_IsHalted()
T7150 318:309.024 - 0.654ms returns FALSE
T7150 318:309.184 JLINK_IsHalted()
T7150 318:309.792 - 0.598ms returns FALSE
T9440 318:347.648 JLINK_IsHalted()
T9440 318:348.320 - 0.655ms returns FALSE
T9440 318:348.384 JLINK_IsHalted()
T9440 318:348.928 - 0.532ms returns FALSE
T7150 318:417.664 JLINK_IsHalted()
T7150 318:418.368 - 0.700ms returns FALSE
T7150 318:418.464 JLINK_IsHalted()
T7150 318:418.976 - 0.518ms returns FALSE
T7150 318:527.232 JLINK_IsHalted()
T7150 318:527.936 - 0.714ms returns FALSE
T7150 318:528.064 JLINK_IsHalted()
T7150 318:528.672 - 0.630ms returns FALSE
T7150 318:639.072 JLINK_IsHalted()
T7150 318:639.776 - 0.690ms returns FALSE
T7150 318:639.936 JLINK_IsHalted()
T7150 318:640.512 - 0.577ms returns FALSE
T7150 318:745.696 JLINK_IsHalted()
T7150 318:746.336 - 0.618ms returns FALSE
T7150 318:746.368 JLINK_IsHalted()
T7150 318:746.880 - 0.511ms returns FALSE
T7150 318:855.264 JLINK_IsHalted()
T7150 318:855.840 - 0.540ms returns FALSE
T7150 318:855.872 JLINK_IsHalted()
T7150 318:856.256 - 0.385ms returns FALSE
T7150 318:965.280 JLINK_IsHalted()
T7150 318:965.728 - 0.466ms returns FALSE
T7150 318:965.792 JLINK_IsHalted()
T7150 318:966.240 - 0.448ms returns FALSE
T7150 319:074.176 JLINK_IsHalted()
T7150 319:074.624 - 0.454ms returns FALSE
T7150 319:074.688 JLINK_IsHalted()
T7150 319:075.136 - 0.432ms returns FALSE
T7150 319:183.296 JLINK_IsHalted()
T7150 319:183.808 - 0.469ms returns FALSE
T7150 319:183.808 JLINK_IsHalted()
T7150 319:184.096 - 0.280ms returns FALSE
T7150 319:293.120 JLINK_IsHalted()
T7150 319:293.824 - 0.709ms returns FALSE
T7150 319:294.016 JLINK_IsHalted()
T7150 319:294.400 - 0.382ms returns FALSE
T9440 319:349.312 JLINK_IsHalted()
T9440 319:349.824 - 0.505ms returns FALSE
T9440 319:349.856 JLINK_IsHalted()
T9440 319:350.336 - 0.451ms returns FALSE
T7150 319:402.816 JLINK_IsHalted()
T7150 319:403.328 - 0.502ms returns FALSE
T7150 319:403.392 JLINK_IsHalted()
T7150 319:403.872 - 0.467ms returns FALSE
T7150 319:512.736 JLINK_IsHalted()
T7150 319:513.152 - 0.409ms returns FALSE
T7150 319:513.216 JLINK_IsHalted()
T7150 319:513.664 - 0.442ms returns FALSE
T7150 319:621.344 JLINK_IsHalted()
T7150 319:622.016 - 0.647ms returns FALSE
T7150 319:622.080 JLINK_IsHalted()
T7150 319:622.624 - 0.569ms returns FALSE
T7150 319:730.784 JLINK_IsHalted()
T7150 319:731.296 - 0.496ms returns FALSE
T7150 319:731.360 JLINK_IsHalted()
T7150 319:731.776 - 0.403ms returns FALSE
T7150 319:840.352 JLINK_IsHalted()
T7150 319:840.832 - 0.480ms returns FALSE
T7150 319:840.928 JLINK_IsHalted()
T7150 319:841.312 - 0.379ms returns FALSE
T7150 319:949.664 JLINK_IsHalted()
T7150 319:950.016 - 0.374ms returns FALSE
T7150 319:950.048 JLINK_IsHalted()
T7150 319:950.368 - 0.305ms returns FALSE
T7150 320:058.592 JLINK_IsHalted()
T7150 320:059.072 - 0.477ms returns FALSE
T7150 320:059.104 JLINK_IsHalted()
T7150 320:059.456 - 0.327ms returns FALSE
T7150 320:168.352 JLINK_IsHalted()
T7150 320:168.800 - 0.472ms returns FALSE
T7150 320:168.864 JLINK_IsHalted()
T7150 320:169.184 - 0.339ms returns FALSE
T7150 320:277.632 JLINK_IsHalted()
T7150 320:278.112 - 0.473ms returns FALSE
T7150 320:278.176 JLINK_IsHalted()
T7150 320:278.592 - 0.430ms returns FALSE
T9440 320:351.200 JLINK_IsHalted()
T9440 320:351.776 - 0.557ms returns FALSE
T9440 320:351.808 JLINK_IsHalted()
T9440 320:352.256 - 0.437ms returns FALSE
T7150 320:387.072 JLINK_IsHalted()
T7150 320:387.584 - 0.506ms returns FALSE
T7150 320:387.648 JLINK_IsHalted()
T7150 320:388.032 - 0.366ms returns FALSE
T7150 320:496.032 JLINK_IsHalted()
T7150 320:496.544 - 0.503ms returns FALSE
T7150 320:496.608 JLINK_IsHalted()
T7150 320:496.960 - 0.375ms returns FALSE
T7150 320:605.632 JLINK_IsHalted()
T7150 320:606.016 - 0.401ms returns FALSE
T7150 320:606.048 JLINK_IsHalted()
T7150 320:606.368 - 0.312ms returns FALSE
T7150 320:714.816 JLINK_IsHalted()
T7150 320:715.200 - 0.368ms returns FALSE
T7150 320:715.200 JLINK_IsHalted()
T7150 320:715.520 - 0.290ms returns FALSE
T7150 320:824.192 JLINK_IsHalted()
T7150 320:824.672 - 0.481ms returns FALSE
T7150 320:824.704 JLINK_IsHalted()
T7150 320:825.088 - 0.364ms returns FALSE
T7150 320:933.568 JLINK_IsHalted()
T7150 320:934.048 - 0.452ms returns FALSE
T7150 320:934.080 JLINK_IsHalted()
T7150 320:934.432 - 0.355ms returns FALSE
T7150 321:042.848 JLINK_IsHalted()
T7150 321:043.360 - 0.487ms returns FALSE
T7150 321:043.392 JLINK_IsHalted()
T7150 321:043.648 - 0.299ms returns FALSE
T7150 321:152.736 JLINK_IsHalted()
T7150 321:153.088 - 0.359ms returns FALSE
T7150 321:153.120 JLINK_IsHalted()
T7150 321:153.504 - 0.362ms returns FALSE
T7150 321:261.792 JLINK_IsHalted()
T7150 321:262.272 - 0.488ms returns FALSE
T7150 321:262.336 JLINK_IsHalted()
T7150 321:262.848 - 0.506ms returns FALSE
T9440 321:352.256 JLINK_IsHalted()
T9440 321:352.864 - 0.611ms returns FALSE
T9440 321:352.960 JLINK_IsHalted()
T9440 321:355.232 - 2.279ms returns FALSE
T7150 321:371.008 JLINK_IsHalted()
T7150 321:371.584 - 0.576ms returns FALSE
T7150 321:371.616 JLINK_IsHalted()
T7150 321:372.096 - 0.491ms returns FALSE
T7150 321:481.056 JLINK_IsHalted()
T7150 321:481.536 - 0.438ms returns FALSE
T7150 321:481.568 JLINK_IsHalted()
T7150 321:481.888 - 0.318ms returns FALSE
T7150 321:590.208 JLINK_IsHalted()
T7150 321:590.592 - 0.370ms returns FALSE
T7150 321:590.592 JLINK_IsHalted()
T7150 321:590.880 - 0.284ms returns FALSE
T7150 321:699.616 JLINK_IsHalted()
T7150 321:700.064 - 0.444ms returns FALSE
T7150 321:700.096 JLINK_IsHalted()
T7150 321:700.448 - 0.354ms returns FALSE
T7150 321:808.704 JLINK_IsHalted()
T7150 321:809.152 - 0.447ms returns FALSE
T7150 321:809.184 JLINK_IsHalted()
T7150 321:809.600 - 0.400ms returns FALSE
T7150 321:917.632 JLINK_IsHalted()
T7150 321:918.368 - 0.725ms returns FALSE
T7150 321:918.592 JLINK_IsHalted()
T7150 321:919.264 - 0.653ms returns FALSE
T7150 322:027.296 JLINK_IsHalted()
T7150 322:027.712 - 0.452ms returns FALSE
T7150 322:027.840 JLINK_IsHalted()
T7150 322:028.224 - 0.410ms returns FALSE
T7150 322:137.376 JLINK_IsHalted()
T7150 322:137.984 - 0.595ms returns FALSE
T7150 322:138.080 JLINK_IsHalted()
T7150 322:138.656 - 0.569ms returns FALSE
T7150 322:246.112 JLINK_IsHalted()
T7150 322:246.528 - 0.408ms returns FALSE
T7150 322:246.560 JLINK_IsHalted()
T7150 322:246.976 - 0.405ms returns FALSE
T7150 322:355.872 JLINK_IsHalted()
T7150 322:356.480 - 0.619ms returns FALSE
T7150 322:356.544 JLINK_IsHalted()
T7150 322:356.992 - 0.421ms returns FALSE
T9440 322:357.120 JLINK_IsHalted()
T9440 322:357.600 - 0.483ms returns FALSE
T9440 322:357.632 JLINK_IsHalted()
T9440 322:358.112 - 0.487ms returns FALSE
T7150 322:464.960 JLINK_IsHalted()
T7150 322:465.568 - 0.570ms returns FALSE
T7150 322:465.600 JLINK_IsHalted()
T7150 322:465.984 - 0.391ms returns FALSE
T7150 322:574.112 JLINK_IsHalted()
T7150 322:574.528 - 0.449ms returns FALSE
T7150 322:574.560 JLINK_IsHalted()
T7150 322:574.912 - 0.323ms returns FALSE
T7150 322:683.744 JLINK_IsHalted()
T7150 322:684.352 - 0.604ms returns FALSE
T7150 322:684.416 JLINK_IsHalted()
T7150 322:684.832 - 0.420ms returns FALSE
T7150 322:792.768 JLINK_IsHalted()
T7150 322:793.504 - 0.738ms returns FALSE
T7150 322:793.536 JLINK_IsHalted()
T7150 322:794.048 - 0.505ms returns FALSE
T7150 322:902.688 JLINK_IsHalted()
T7150 322:903.232 - 0.550ms returns FALSE
T7150 322:903.296 JLINK_IsHalted()
T7150 322:903.712 - 0.398ms returns FALSE
T7150 323:011.520 JLINK_IsHalted()
T7150 323:012.096 - 0.561ms returns FALSE
T7150 323:012.192 JLINK_IsHalted()
T7150 323:012.672 - 0.477ms returns FALSE
T7150 323:120.960 JLINK_IsHalted()
T7150 323:121.504 - 0.558ms returns FALSE
T7150 323:121.568 JLINK_IsHalted()
T7150 323:122.016 - 0.457ms returns FALSE
T7150 323:230.816 JLINK_IsHalted()
T7150 323:231.488 - 0.651ms returns FALSE
T7150 323:231.552 JLINK_IsHalted()
T7150 323:231.936 - 0.398ms returns FALSE
T7150 323:340.128 JLINK_IsHalted()
T7150 323:340.608 - 0.481ms returns FALSE
T7150 323:340.640 JLINK_IsHalted()
T7150 323:340.992 - 0.350ms returns FALSE
T9440 323:359.200 JLINK_IsHalted()
T9440 323:359.680 - 0.500ms returns FALSE
T9440 323:359.776 JLINK_IsHalted()
T9440 323:360.096 - 0.343ms returns FALSE
T7150 323:448.896 JLINK_IsHalted()
T7150 323:449.408 - 0.535ms returns FALSE
T7150 323:449.440 JLINK_IsHalted()
T7150 323:449.952 - 0.511ms returns FALSE
T7150 323:558.368 JLINK_IsHalted()
T7150 323:558.912 - 0.520ms returns FALSE
T7150 323:558.944 JLINK_IsHalted()
T7150 323:559.264 - 0.351ms returns FALSE
T7150 323:668.416 JLINK_IsHalted()
T7150 323:669.056 - 0.627ms returns FALSE
T7150 323:669.088 JLINK_IsHalted()
T7150 323:671.360 - 2.250ms returns FALSE
T7150 323:777.408 JLINK_IsHalted()
T7150 323:777.856 - 0.430ms returns FALSE
T7150 323:777.888 JLINK_IsHalted()
T7150 323:778.240 - 0.346ms returns FALSE
T7150 323:886.528 JLINK_IsHalted()
T7150 323:886.912 - 0.382ms returns FALSE
T7150 323:886.944 JLINK_IsHalted()
T7150 323:887.232 - 0.293ms returns FALSE
T7150 323:996.640 JLINK_IsHalted()
T7150 323:997.088 - 0.435ms returns FALSE
T7150 323:997.120 JLINK_IsHalted()
T7150 323:997.504 - 0.403ms returns FALSE
T7150 324:105.696 JLINK_IsHalted()
T7150 324:106.208 - 0.515ms returns FALSE
T7150 324:106.272 JLINK_IsHalted()
T7150 324:106.592 - 0.325ms returns FALSE
T7150 324:214.464 JLINK_IsHalted()
T7150 324:214.944 - 0.483ms returns FALSE
T7150 324:214.976 JLINK_IsHalted()
T7150 324:215.392 - 0.413ms returns FALSE
T7150 324:324.608 JLINK_IsHalted()
T7150 324:325.248 - 0.624ms returns FALSE
T7150 324:325.312 JLINK_IsHalted()
T7150 324:325.728 - 0.420ms returns FALSE
T9440 324:360.576 JLINK_IsHalted()
T9440 324:361.216 - 0.630ms returns FALSE
T9440 324:361.280 JLINK_IsHalted()
T9440 324:361.760 - 0.497ms returns FALSE
T7150 324:433.984 JLINK_IsHalted()
T7150 324:434.624 - 0.659ms returns FALSE
T7150 324:434.656 JLINK_IsHalted()
T7150 324:435.168 - 0.499ms returns FALSE
T7150 324:543.424 JLINK_IsHalted()
T7150 324:544.128 - 0.690ms returns FALSE
T7150 324:544.160 JLINK_IsHalted()
T7150 324:544.576 - 0.441ms returns FALSE
T7150 324:652.320 JLINK_IsHalted()
T7150 324:652.864 - 0.540ms returns FALSE
T7150 324:652.928 JLINK_IsHalted()
T7150 324:654.400 - 1.502ms returns FALSE
T7150 324:761.536 JLINK_IsHalted()
T7150 324:761.984 - 0.442ms returns FALSE
T7150 324:762.048 JLINK_IsHalted()
T7150 324:762.400 - 0.358ms returns FALSE
T7150 324:870.880 JLINK_IsHalted()
T7150 324:871.424 - 0.535ms returns FALSE
T7150 324:871.488 JLINK_IsHalted()
T7150 324:871.936 - 0.458ms returns FALSE
T7150 324:980.672 JLINK_IsHalted()
T7150 324:981.312 - 0.645ms returns FALSE
T7150 324:981.376 JLINK_IsHalted()
T7150 324:981.824 - 0.460ms returns FALSE
T7150 325:089.536 JLINK_IsHalted()
T7150 325:090.368 - 0.839ms returns FALSE
T7150 325:090.496 JLINK_IsHalted()
T7150 325:091.136 - 0.612ms returns FALSE
T7150 325:199.008 JLINK_IsHalted()
T7150 325:199.392 - 0.394ms returns FALSE
T7150 325:199.424 JLINK_IsHalted()
T7150 325:199.872 - 0.435ms returns FALSE
T7150 325:308.224 JLINK_IsHalted()
T7150 325:308.736 - 0.500ms returns FALSE
T7150 325:308.832 JLINK_IsHalted()
T7150 325:309.344 - 0.534ms returns FALSE
T9440 325:362.720 JLINK_IsHalted()
T9440 325:363.328 - 0.616ms returns FALSE
T9440 325:363.392 JLINK_IsHalted()
T9440 325:363.776 - 0.407ms returns FALSE
T7150 325:418.496 JLINK_IsHalted()
T7150 325:419.008 - 0.489ms returns FALSE
T7150 325:419.008 JLINK_IsHalted()
T7150 325:419.328 - 0.327ms returns FALSE
T7150 325:527.104 JLINK_IsHalted()
T7150 325:527.488 - 0.402ms returns FALSE
T7150 325:527.488 JLINK_IsHalted()
T7150 325:527.776 - 0.271ms returns FALSE
T7150 325:636.800 JLINK_IsHalted()
T7150 325:637.280 - 0.469ms returns FALSE
T7150 325:637.312 JLINK_IsHalted()
T7150 325:637.664 - 0.369ms returns FALSE
T7150 325:746.336 JLINK_IsHalted()
T7150 325:746.944 - 0.604ms returns FALSE
T7150 325:747.008 JLINK_IsHalted()
T7150 325:747.520 - 0.527ms returns FALSE
T7150 325:855.552 JLINK_IsHalted()
T7150 325:856.224 - 0.652ms returns FALSE
T7150 325:856.288 JLINK_IsHalted()
T7150 325:856.800 - 0.511ms returns FALSE
T7150 325:964.576 JLINK_IsHalted()
T7150 325:965.120 - 0.562ms returns FALSE
T7150 325:965.184 JLINK_IsHalted()
T7150 325:965.696 - 0.524ms returns FALSE
T7150 326:074.432 JLINK_IsHalted()
T7150 326:074.944 - 0.535ms returns FALSE
T7150 326:074.976 JLINK_IsHalted()
T7150 326:075.456 - 0.449ms returns FALSE
T7150 326:183.488 JLINK_IsHalted()
T7150 326:184.256 - 0.746ms returns FALSE
T7150 326:184.288 JLINK_IsHalted()
T7150 326:184.800 - 0.505ms returns FALSE
T7150 326:293.440 JLINK_IsHalted()
T7150 326:294.208 - 0.757ms returns FALSE
T7150 326:294.304 JLINK_IsHalted()
T7150 326:294.848 - 0.567ms returns FALSE
T9440 326:363.968 JLINK_IsHalted()
T9440 326:364.480 - 0.509ms returns FALSE
T9440 326:364.512 JLINK_IsHalted()
T9440 326:364.864 - 0.329ms returns FALSE
T7150 326:402.176 JLINK_IsHalted()
T7150 326:402.624 - 0.426ms returns FALSE
T7150 326:402.624 JLINK_IsHalted()
T7150 326:403.072 - 0.432ms returns FALSE
T7150 326:511.424 JLINK_IsHalted()
T7150 326:511.840 - 0.427ms returns FALSE
T7150 326:511.904 JLINK_IsHalted()
T7150 326:512.288 - 0.363ms returns FALSE
T7150 326:621.088 JLINK_IsHalted()
T7150 326:621.440 - 0.336ms returns FALSE
T7150 326:621.472 JLINK_IsHalted()
T7150 326:621.824 - 0.361ms returns FALSE
T7150 326:730.368 JLINK_IsHalted()
T7150 326:730.816 - 0.461ms returns FALSE
T7150 326:730.912 JLINK_IsHalted()
T7150 326:731.200 - 0.280ms returns FALSE
T7150 326:839.712 JLINK_IsHalted()
T7150 326:840.128 - 0.414ms returns FALSE
T7150 326:840.192 JLINK_IsHalted()
T7150 326:840.512 - 0.323ms returns FALSE
T7150 326:950.368 JLINK_IsHalted()
T7150 326:950.816 - 0.454ms returns FALSE
T7150 326:950.848 JLINK_IsHalted()
T7150 326:951.232 - 0.346ms returns FALSE
T7150 327:058.560 JLINK_IsHalted()
T7150 327:058.976 - 0.406ms returns FALSE
T7150 327:059.008 JLINK_IsHalted()
T7150 327:059.392 - 0.361ms returns FALSE
T7150 327:168.448 JLINK_IsHalted()
T7150 327:168.992 - 0.534ms returns FALSE
T7150 327:169.056 JLINK_IsHalted()
T7150 327:169.376 - 0.312ms returns FALSE
T7150 327:277.376 JLINK_IsHalted()
T7150 327:278.144 - 0.786ms returns FALSE
T7150 327:278.368 JLINK_IsHalted()
T7150 327:278.912 - 0.577ms returns FALSE
T9440 327:365.568 JLINK_IsHalted()
T9440 327:366.080 - 0.505ms returns FALSE
T9440 327:366.144 JLINK_IsHalted()
T9440 327:366.592 - 0.441ms returns FALSE
T7150 327:386.592 JLINK_IsHalted()
T7150 327:387.296 - 0.689ms returns FALSE
T7150 327:387.424 JLINK_IsHalted()
T7150 327:388.000 - 0.575ms returns FALSE
T7150 327:496.416 JLINK_IsHalted()
T7150 327:496.896 - 0.449ms returns FALSE
T7150 327:496.928 JLINK_IsHalted()
T7150 327:497.280 - 0.372ms returns FALSE
T7150 327:605.568 JLINK_IsHalted()
T7150 327:606.112 - 0.553ms returns FALSE
T7150 327:606.144 JLINK_IsHalted()
T7150 327:606.496 - 0.351ms returns FALSE
T7150 327:714.528 JLINK_IsHalted()
T7150 327:715.104 - 0.573ms returns FALSE
T7150 327:715.136 JLINK_IsHalted()
T7150 327:715.648 - 0.492ms returns FALSE
T7150 327:824.192 JLINK_IsHalted()
T7150 327:824.800 - 0.635ms returns FALSE
T7150 327:824.832 JLINK_IsHalted()
T7150 327:825.280 - 0.448ms returns FALSE
T7150 327:933.760 JLINK_IsHalted()
T7150 327:934.144 - 0.373ms returns FALSE
T7150 327:934.144 JLINK_IsHalted()
T7150 327:934.560 - 0.398ms returns FALSE
T7150 328:043.200 JLINK_IsHalted()
T7150 328:043.712 - 0.500ms returns FALSE
T7150 328:043.776 JLINK_IsHalted()
T7150 328:044.192 - 0.415ms returns FALSE
T7150 328:152.576 JLINK_IsHalted()
T7150 328:154.688 - 2.116ms returns FALSE
T7150 328:154.752 JLINK_IsHalted()
T7150 328:155.200 - 0.429ms returns FALSE
T7150 328:262.016 JLINK_IsHalted()
T7150 328:262.592 - 0.570ms returns FALSE
T7150 328:262.624 JLINK_IsHalted()
T7150 328:264.640 - 1.986ms returns FALSE
T9440 328:367.808 JLINK_IsHalted()
T9440 328:368.448 - 0.624ms returns FALSE
T9440 328:368.480 JLINK_IsHalted()
T9440 328:368.960 - 0.495ms returns FALSE
T7150 328:372.032 JLINK_IsHalted()
T7150 328:372.608 - 0.555ms returns FALSE
T7150 328:372.640 JLINK_IsHalted()
T7150 328:373.184 - 0.539ms returns FALSE
T7150 328:480.576 JLINK_IsHalted()
T7150 328:481.088 - 0.506ms returns FALSE
T7150 328:481.152 JLINK_IsHalted()
T7150 328:481.472 - 0.342ms returns FALSE
T7150 328:589.952 JLINK_IsHalted()
T7150 328:590.496 - 0.542ms returns FALSE
T7150 328:590.528 JLINK_IsHalted()
T7150 328:590.976 - 0.433ms returns FALSE
T7150 328:699.712 JLINK_IsHalted()
T7150 328:700.224 - 0.508ms returns FALSE
T7150 328:700.256 JLINK_IsHalted()
T7150 328:700.704 - 0.421ms returns FALSE
T7150 328:808.480 JLINK_IsHalted()
T7150 328:808.864 - 0.398ms returns FALSE
T7150 328:808.896 JLINK_IsHalted()
T7150 328:809.248 - 0.311ms returns FALSE
T7150 328:917.856 JLINK_IsHalted()
T7150 328:918.336 - 0.455ms returns FALSE
T7150 328:918.368 JLINK_IsHalted()
T7150 328:918.784 - 0.409ms returns FALSE
T7150 329:027.840 JLINK_IsHalted()
T7150 329:028.288 - 0.468ms returns FALSE
T7150 329:028.352 JLINK_IsHalted()
T7150 329:028.704 - 0.353ms returns FALSE
T7150 329:137.088 JLINK_IsHalted()
T7150 329:137.472 - 0.391ms returns FALSE
T7150 329:137.536 JLINK_IsHalted()
T7150 329:137.920 - 0.399ms returns FALSE
T7150 329:246.656 JLINK_IsHalted()
T7150 329:247.296 - 0.595ms returns FALSE
T7150 329:247.296 JLINK_IsHalted()
T7150 329:249.728 - 2.401ms returns FALSE
T7150 329:355.936 JLINK_IsHalted()
T7150 329:356.352 - 0.410ms returns FALSE
T7150 329:356.352 JLINK_IsHalted()
T7150 329:356.672 - 0.291ms returns FALSE
T9440 329:369.440 JLINK_IsHalted()
T9440 329:369.856 - 0.389ms returns FALSE
T9440 329:369.888 JLINK_IsHalted()
T9440 329:370.112 - 0.247ms returns FALSE
T7150 329:464.704 JLINK_IsHalted()
T7150 329:465.280 - 0.567ms returns FALSE
T7150 329:465.312 JLINK_IsHalted()
T7150 329:465.824 - 0.514ms returns FALSE
T7150 329:574.016 JLINK_IsHalted()
T7150 329:574.592 - 0.545ms returns FALSE
T7150 329:574.592 JLINK_IsHalted()
T7150 329:575.008 - 0.419ms returns FALSE
T7150 329:684.032 JLINK_IsHalted()
T7150 329:684.640 - 0.618ms returns FALSE
T7150 329:684.704 JLINK_IsHalted()
T7150 329:685.088 - 0.390ms returns FALSE
T7150 329:793.248 JLINK_IsHalted()
T7150 329:793.856 - 0.588ms returns FALSE
T7150 329:793.920 JLINK_IsHalted()
T7150 329:794.400 - 0.488ms returns FALSE
T7150 329:903.040 JLINK_IsHalted()
T7150 329:903.552 - 0.504ms returns FALSE
T7150 329:903.552 JLINK_IsHalted()
T7150 329:903.936 - 0.375ms returns FALSE
T7150 330:011.904 JLINK_IsHalted()
T7150 330:012.480 - 0.595ms returns FALSE
T7150 330:012.512 JLINK_IsHalted()
T7150 330:014.432 - 1.903ms returns FALSE
T7150 330:121.024 JLINK_IsHalted()
T7150 330:121.632 - 0.613ms returns FALSE
T7150 330:121.664 JLINK_IsHalted()
T7150 330:122.176 - 0.548ms returns FALSE
T7150 330:230.528 JLINK_IsHalted()
T7150 330:231.264 - 0.718ms returns FALSE
T7150 330:231.360 JLINK_IsHalted()
T7150 330:231.872 - 0.516ms returns FALSE
T7150 330:339.968 JLINK_IsHalted()
T7150 330:340.416 - 0.469ms returns FALSE
T7150 330:340.448 JLINK_IsHalted()
T7150 330:340.864 - 0.390ms returns FALSE
T9440 330:371.104 JLINK_IsHalted()
T9440 330:371.680 - 0.577ms returns FALSE
T9440 330:371.744 JLINK_IsHalted()
T9440 330:372.192 - 0.452ms returns FALSE
T7150 330:449.760 JLINK_IsHalted()
T7150 330:450.272 - 0.523ms returns FALSE
T7150 330:450.336 JLINK_IsHalted()
T7150 330:450.720 - 0.391ms returns FALSE
T7150 330:559.168 JLINK_IsHalted()
T7150 330:559.584 - 0.432ms returns FALSE
T7150 330:559.648 JLINK_IsHalted()
T7150 330:560.064 - 0.424ms returns FALSE
T7150 330:668.224 JLINK_IsHalted()
T7150 330:668.704 - 0.487ms returns FALSE
T7150 330:668.800 JLINK_IsHalted()
T7150 330:669.184 - 0.383ms returns FALSE
T7150 330:777.824 JLINK_IsHalted()
T7150 330:778.336 - 0.516ms returns FALSE
T7150 330:778.400 JLINK_IsHalted()
T7150 330:778.816 - 0.396ms returns FALSE
T7150 330:887.104 JLINK_IsHalted()
T7150 330:887.616 - 0.504ms returns FALSE
T7150 330:887.648 JLINK_IsHalted()
T7150 330:888.032 - 0.392ms returns FALSE
T7150 330:996.096 JLINK_IsHalted()
T7150 330:996.640 - 0.541ms returns FALSE
T7150 330:996.672 JLINK_IsHalted()
T7150 330:997.024 - 0.346ms returns FALSE
T7150 331:105.440 JLINK_IsHalted()
T7150 331:106.304 - 0.883ms returns FALSE
T7150 331:106.464 JLINK_IsHalted()
T7150 331:107.008 - 0.567ms returns FALSE
T7150 331:215.424 JLINK_IsHalted()
T7150 331:215.936 - 0.518ms returns FALSE
T7150 331:215.968 JLINK_IsHalted()
T7150 331:216.352 - 0.383ms returns FALSE
T7150 331:324.480 JLINK_IsHalted()
T7150 331:324.896 - 0.437ms returns FALSE
T7150 331:324.960 JLINK_IsHalted()
T7150 331:325.280 - 0.336ms returns FALSE
T9440 331:372.864 JLINK_IsHalted()
T9440 331:373.440 - 0.561ms returns FALSE
T9440 331:373.504 JLINK_IsHalted()
T9440 331:373.952 - 0.470ms returns FALSE
T7150 331:433.856 JLINK_IsHalted()
T7150 331:434.368 - 0.529ms returns FALSE
T7150 331:434.432 JLINK_IsHalted()
T7150 331:434.816 - 0.386ms returns FALSE
T7150 331:542.912 JLINK_IsHalted()
T7150 331:543.488 - 0.571ms returns FALSE
T7150 331:543.520 JLINK_IsHalted()
T7150 331:543.936 - 0.425ms returns FALSE
T7150 331:652.896 JLINK_IsHalted()
T7150 331:653.312 - 0.416ms returns FALSE
T7150 331:653.344 JLINK_IsHalted()
T7150 331:653.664 - 0.313ms returns FALSE
T7150 331:761.952 JLINK_IsHalted()
T7150 331:762.464 - 0.524ms returns FALSE
T7150 331:762.496 JLINK_IsHalted()
T7150 331:763.008 - 0.555ms returns FALSE
T7150 331:872.032 JLINK_IsHalted()
T7150 331:872.448 - 0.451ms returns FALSE
T7150 331:872.512 JLINK_IsHalted()
T7150 331:872.832 - 0.334ms returns FALSE
T7150 331:980.256 JLINK_IsHalted()
T7150 331:992.704 - 12.437ms returns FALSE
T7150 331:993.728 JLINK_IsHalted()
T7150 331:994.144 - 0.393ms returns FALSE
T7150 332:089.920 JLINK_IsHalted()
T7150 332:090.496 - 0.542ms returns FALSE
T7150 332:090.560 JLINK_IsHalted()
T7150 332:090.848 - 0.306ms returns FALSE
T7150 332:199.392 JLINK_IsHalted()
T7150 332:200.160 - 0.766ms returns FALSE
T7150 332:200.288 JLINK_IsHalted()
T7150 332:200.928 - 0.627ms returns FALSE
T7150 332:308.928 JLINK_IsHalted()
T7150 332:309.376 - 0.445ms returns FALSE
T7150 332:309.440 JLINK_IsHalted()
T7150 332:309.728 - 0.304ms returns FALSE
T9440 332:374.112 JLINK_IsHalted()
T9440 332:374.624 - 0.488ms returns FALSE
T9440 332:374.688 JLINK_IsHalted()
T9440 332:375.008 - 0.352ms returns FALSE
T7150 332:417.792 JLINK_IsHalted()
T7150 332:418.176 - 0.381ms returns FALSE
T7150 332:418.240 JLINK_IsHalted()
T7150 332:418.496 - 0.279ms returns FALSE
T7150 332:527.488 JLINK_IsHalted()
T7150 332:527.936 - 0.424ms returns FALSE
T7150 332:527.968 JLINK_IsHalted()
T7150 332:528.320 - 0.333ms returns FALSE
T7150 332:636.352 JLINK_IsHalted()
T7150 332:636.768 - 0.399ms returns FALSE
T7150 332:636.800 JLINK_IsHalted()
T7150 332:637.120 - 0.319ms returns FALSE
T7150 332:746.720 JLINK_IsHalted()
T7150 332:747.584 - 0.823ms returns FALSE
T7150 332:747.712 JLINK_IsHalted()
T7150 332:748.352 - 0.669ms returns FALSE
T7150 332:855.424 JLINK_IsHalted()
T7150 332:855.936 - 0.525ms returns FALSE
T7150 332:856.000 JLINK_IsHalted()
T7150 332:856.512 - 0.498ms returns FALSE
T7150 332:965.408 JLINK_IsHalted()
T7150 332:965.984 - 0.600ms returns FALSE
T7150 332:966.048 JLINK_IsHalted()
T7150 332:966.464 - 0.434ms returns FALSE
T7150 333:074.656 JLINK_IsHalted()
T7150 333:075.136 - 0.462ms returns FALSE
T7150 333:075.136 JLINK_IsHalted()
T7150 333:075.552 - 0.409ms returns FALSE
T7150 333:184.192 JLINK_IsHalted()
T7150 333:184.832 - 0.599ms returns FALSE
T7150 333:184.832 JLINK_IsHalted()
T7150 333:185.344 - 0.497ms returns FALSE
T7150 333:293.120 JLINK_IsHalted()
T7150 333:293.696 - 0.607ms returns FALSE
T7150 333:293.760 JLINK_IsHalted()
T7150 333:294.176 - 0.444ms returns FALSE
T9440 333:375.872 JLINK_IsHalted()
T9440 333:377.696 - 1.824ms returns FALSE
T9440 333:377.728 JLINK_IsHalted()
T9440 333:378.176 - 0.434ms returns FALSE
T7150 333:402.272 JLINK_IsHalted()
T7150 333:402.880 - 0.600ms returns FALSE
T7150 333:402.880 JLINK_IsHalted()
T7150 333:403.296 - 0.397ms returns FALSE
T7150 333:512.000 JLINK_IsHalted()
T7150 333:512.672 - 0.681ms returns FALSE
T7150 333:512.736 JLINK_IsHalted()
T7150 333:513.248 - 0.504ms returns FALSE
T7150 333:621.856 JLINK_IsHalted()
T7150 333:622.720 - 0.846ms returns FALSE
T7150 333:622.848 JLINK_IsHalted()
T7150 333:623.360 - 0.534ms returns FALSE
T7150 333:730.816 JLINK_IsHalted()
T7150 333:733.344 - 2.545ms returns FALSE
T7150 333:733.408 JLINK_IsHalted()
T7150 333:733.920 - 0.488ms returns FALSE
T7150 333:839.936 JLINK_IsHalted()
T7150 333:840.416 - 0.465ms returns FALSE
T7150 333:840.448 JLINK_IsHalted()
T7150 333:840.864 - 0.419ms returns FALSE
T7150 333:949.248 JLINK_IsHalted()
T7150 333:949.888 - 0.667ms returns FALSE
T7150 333:949.920 JLINK_IsHalted()
T7150 333:950.496 - 0.565ms returns FALSE
T7150 334:058.912 JLINK_IsHalted()
T7150 334:059.584 - 0.687ms returns FALSE
T7150 334:059.680 JLINK_IsHalted()
T7150 334:060.096 - 0.452ms returns FALSE
T7150 334:168.096 JLINK_IsHalted()
T7150 334:168.544 - 0.461ms returns FALSE
T7150 334:168.576 JLINK_IsHalted()
T7150 334:168.928 - 0.348ms returns FALSE
T7150 334:277.056 JLINK_IsHalted()
T7150 334:277.952 - 0.882ms returns FALSE
T7150 334:278.080 JLINK_IsHalted()
T7150 334:278.592 - 0.520ms returns FALSE
T9440 334:378.816 JLINK_IsHalted()
T9440 334:379.456 - 0.614ms returns FALSE
T9440 334:379.584 JLINK_IsHalted()
T9440 334:380.032 - 0.479ms returns FALSE
T7150 334:386.688 JLINK_IsHalted()
T7150 334:387.232 - 0.534ms returns FALSE
T7150 334:387.264 JLINK_IsHalted()
T7150 334:387.648 - 0.391ms returns FALSE
T7150 334:496.064 JLINK_IsHalted()
T7150 334:496.704 - 0.637ms returns FALSE
T7150 334:496.800 JLINK_IsHalted()
T7150 334:498.400 - 1.621ms returns FALSE
T7150 334:605.536 JLINK_IsHalted()
T7150 334:606.176 - 0.642ms returns FALSE
T7150 334:606.272 JLINK_IsHalted()
T7150 334:606.720 - 0.480ms returns FALSE
T7150 334:714.624 JLINK_IsHalted()
T7150 334:715.040 - 0.404ms returns FALSE
T7150 334:715.072 JLINK_IsHalted()
T7150 334:715.392 - 0.329ms returns FALSE
T7150 334:824.160 JLINK_IsHalted()
T7150 334:824.608 - 0.439ms returns FALSE
T7150 334:824.640 JLINK_IsHalted()
T7150 334:824.960 - 0.310ms returns FALSE
T7150 334:933.952 JLINK_IsHalted()
T7150 334:934.304 - 0.372ms returns FALSE
T7150 334:934.336 JLINK_IsHalted()
T7150 334:934.656 - 0.312ms returns FALSE
T7150 335:043.392 JLINK_IsHalted()
T7150 335:043.936 - 0.540ms returns FALSE
T7150 335:043.968 JLINK_IsHalted()
T7150 335:044.416 - 0.432ms returns FALSE
T7150 335:152.192 JLINK_IsHalted()
T7150 335:152.640 - 0.425ms returns FALSE
T7150 335:152.704 JLINK_IsHalted()
T7150 335:152.992 - 0.303ms returns FALSE
T7150 335:261.440 JLINK_IsHalted()
T7150 335:261.824 - 0.376ms returns FALSE
T7150 335:261.888 JLINK_IsHalted()
T7150 335:262.304 - 0.414ms returns FALSE
T7150 335:371.584 JLINK_IsHalted()
T7150 335:372.096 - 0.499ms returns FALSE
T7150 335:372.128 JLINK_IsHalted()
T7150 335:372.448 - 0.316ms returns FALSE
T9440 335:411.136 JLINK_IsHalted()
T9440 335:411.616 - 0.465ms returns FALSE
T9440 335:411.648 JLINK_IsHalted()
T9440 335:412.064 - 0.425ms returns FALSE
T7150 335:480.768 JLINK_IsHalted()
T7150 335:481.248 - 0.497ms returns FALSE
T7150 335:481.312 JLINK_IsHalted()
T7150 335:481.632 - 0.306ms returns FALSE
T7150 335:589.888 JLINK_IsHalted()
T7150 335:590.272 - 0.387ms returns FALSE
T7150 335:590.336 JLINK_IsHalted()
T7150 335:590.720 - 0.367ms returns FALSE
T7150 335:698.880 JLINK_IsHalted()
T7150 335:699.296 - 0.425ms returns FALSE
T7150 335:699.360 JLINK_IsHalted()
T7150 335:699.648 - 0.302ms returns FALSE
T7150 335:809.152 JLINK_IsHalted()
T7150 335:809.632 - 0.490ms returns FALSE
T7150 335:809.728 JLINK_IsHalted()
T7150 335:810.016 - 0.311ms returns FALSE
T7150 335:918.272 JLINK_IsHalted()
T7150 335:918.592 - 0.332ms returns FALSE
T7150 335:918.624 JLINK_IsHalted()
T7150 335:918.912 - 0.290ms returns FALSE
T7150 336:027.488 JLINK_IsHalted()
T7150 336:027.904 - 0.401ms returns FALSE
T7150 336:027.968 JLINK_IsHalted()
T7150 336:028.224 - 0.280ms returns FALSE
T7150 336:136.512 JLINK_IsHalted()
T7150 336:136.896 - 0.391ms returns FALSE
T7150 336:136.992 JLINK_IsHalted()
T7150 336:137.312 - 0.345ms returns FALSE
T7150 336:245.952 JLINK_IsHalted()
T7150 336:246.592 - 0.611ms returns FALSE
T7150 336:246.656 JLINK_IsHalted()
T7150 336:247.168 - 0.511ms returns FALSE
T7150 336:355.424 JLINK_IsHalted()
T7150 336:355.904 - 0.471ms returns FALSE
T7150 336:355.968 JLINK_IsHalted()
T7150 336:356.320 - 0.357ms returns FALSE
T9440 336:412.096 JLINK_IsHalted()
T9440 336:412.576 - 0.450ms returns FALSE
T9440 336:412.608 JLINK_IsHalted()
T9440 336:412.992 - 0.388ms returns FALSE
T7150 336:465.088 JLINK_IsHalted()
T7150 336:465.696 - 0.597ms returns FALSE
T7150 336:465.760 JLINK_IsHalted()
T7150 336:466.144 - 0.370ms returns FALSE
T7150 336:574.144 JLINK_IsHalted()
T7150 336:574.560 - 0.387ms returns FALSE
T7150 336:574.624 JLINK_IsHalted()
T7150 336:575.008 - 0.379ms returns FALSE
T7150 336:683.968 JLINK_IsHalted()
T7150 336:684.480 - 0.493ms returns FALSE
T7150 336:684.512 JLINK_IsHalted()
T7150 336:684.992 - 0.472ms returns FALSE
T7150 336:793.504 JLINK_IsHalted()
T7150 336:794.176 - 0.657ms returns FALSE
T7150 336:794.208 JLINK_IsHalted()
T7150 336:794.656 - 0.452ms returns FALSE
T7150 336:902.432 JLINK_IsHalted()
T7150 336:902.848 - 0.414ms returns FALSE
T7150 336:902.880 JLINK_IsHalted()
T7150 336:903.200 - 0.314ms returns FALSE
T7150 337:011.648 JLINK_IsHalted()
T7150 337:012.128 - 0.454ms returns FALSE
T7150 337:012.160 JLINK_IsHalted()
T7150 337:012.448 - 0.319ms returns FALSE
T7150 337:121.152 JLINK_IsHalted()
T7150 337:121.696 - 0.542ms returns FALSE
T7150 337:121.728 JLINK_IsHalted()
T7150 337:122.368 - 0.615ms returns FALSE
T7150 337:230.912 JLINK_IsHalted()
T7150 337:231.392 - 0.485ms returns FALSE
T7150 337:231.424 JLINK_IsHalted()
T7150 337:231.808 - 0.380ms returns FALSE
T7150 337:340.256 JLINK_IsHalted()
T7150 337:340.704 - 0.420ms returns FALSE
T7150 337:340.736 JLINK_IsHalted()
T7150 337:341.120 - 0.391ms returns FALSE
T9440 337:413.920 JLINK_IsHalted()
T9440 337:414.496 - 0.601ms returns FALSE
T9440 337:414.560 JLINK_IsHalted()
T9440 337:414.976 - 0.428ms returns FALSE
T7150 337:449.408 JLINK_IsHalted()
T7150 337:449.952 - 0.527ms returns FALSE
T7150 337:449.984 JLINK_IsHalted()
T7150 337:450.368 - 0.387ms returns FALSE
T7150 337:558.464 JLINK_IsHalted()
T7150 337:559.104 - 0.679ms returns FALSE
T7150 337:559.136 JLINK_IsHalted()
T7150 337:559.552 - 0.401ms returns FALSE
T7150 337:668.320 JLINK_IsHalted()
T7150 337:668.928 - 0.625ms returns FALSE
T7150 337:669.056 JLINK_IsHalted()
T7150 337:671.232 - 2.222ms returns FALSE
T7150 337:777.024 JLINK_IsHalted()
T7150 337:777.632 - 0.604ms returns FALSE
T7150 337:777.696 JLINK_IsHalted()
T7150 337:778.176 - 0.485ms returns FALSE
T7150 337:886.880 JLINK_IsHalted()
T7150 337:887.264 - 0.361ms returns FALSE
T7150 337:887.296 JLINK_IsHalted()
T7150 337:887.616 - 0.343ms returns FALSE
T7150 337:996.512 JLINK_IsHalted()
T7150 337:997.120 - 0.616ms returns FALSE
T7150 337:997.184 JLINK_IsHalted()
T7150 337:997.568 - 0.393ms returns FALSE
T7150 338:105.280 JLINK_IsHalted()
T7150 338:105.984 - 0.701ms returns FALSE
T7150 338:106.048 JLINK_IsHalted()
T7150 338:106.560 - 0.528ms returns FALSE
T7150 338:214.848 JLINK_IsHalted()
T7150 338:215.456 - 0.627ms returns FALSE
T7150 338:215.488 JLINK_IsHalted()
T7150 338:216.032 - 0.542ms returns FALSE
T7150 338:324.544 JLINK_IsHalted()
T7150 338:325.056 - 0.535ms returns FALSE
T7150 338:325.088 JLINK_IsHalted()
T7150 338:325.472 - 0.382ms returns FALSE
T9440 338:414.848 JLINK_IsHalted()
T9440 338:415.296 - 0.473ms returns FALSE
T9440 338:415.392 JLINK_IsHalted()
T9440 338:415.712 - 0.350ms returns FALSE
T7150 338:433.632 JLINK_IsHalted()
T7150 338:434.176 - 0.538ms returns FALSE
T7150 338:434.240 JLINK_IsHalted()
T7150 338:434.624 - 0.398ms returns FALSE
T7150 338:542.784 JLINK_IsHalted()
T7150 338:543.360 - 0.570ms returns FALSE
T7150 338:543.424 JLINK_IsHalted()
T7150 338:543.872 - 0.470ms returns FALSE
T7150 338:652.832 JLINK_IsHalted()
T7150 338:653.248 - 0.452ms returns FALSE
T7150 338:653.344 JLINK_IsHalted()
T7150 338:653.664 - 0.338ms returns FALSE
T7150 338:762.208 JLINK_IsHalted()
T7150 338:762.688 - 0.465ms returns FALSE
T7150 338:762.752 JLINK_IsHalted()
T7150 338:763.136 - 0.380ms returns FALSE
T7150 338:871.392 JLINK_IsHalted()
T7150 338:872.128 - 0.732ms returns FALSE
T7150 338:872.192 JLINK_IsHalted()
T7150 338:872.608 - 0.406ms returns FALSE
T7150 338:981.312 JLINK_IsHalted()
T7150 338:981.984 - 0.673ms returns FALSE
T7150 338:982.080 JLINK_IsHalted()
T7150 338:982.464 - 0.422ms returns FALSE
T7150 339:090.464 JLINK_IsHalted()
T7150 339:091.136 - 0.672ms returns FALSE
T7150 339:091.232 JLINK_IsHalted()
T7150 339:091.776 - 0.581ms returns FALSE
T7150 339:199.296 JLINK_IsHalted()
T7150 339:199.808 - 0.531ms returns FALSE
T7150 339:199.840 JLINK_IsHalted()
T7150 339:200.288 - 0.443ms returns FALSE
T7150 339:308.608 JLINK_IsHalted()
T7150 339:309.056 - 0.473ms returns FALSE
T7150 339:309.088 JLINK_IsHalted()
T7150 339:309.472 - 0.369ms returns FALSE
T9440 339:416.672 JLINK_IsHalted()
T9440 339:417.280 - 0.606ms returns FALSE
T9440 339:417.408 JLINK_IsHalted()
T9440 339:418.080 - 0.704ms returns FALSE
T7150 339:418.304 JLINK_IsHalted()
T7150 339:418.848 - 0.579ms returns FALSE
T7150 339:418.944 JLINK_IsHalted()
T7150 339:419.552 - 0.609ms returns FALSE
T7150 339:527.776 JLINK_IsHalted()
T7150 339:528.288 - 0.502ms returns FALSE
T7150 339:528.352 JLINK_IsHalted()
T7150 339:528.736 - 0.396ms returns FALSE
T7150 339:636.928 JLINK_IsHalted()
T7150 339:637.568 - 0.646ms returns FALSE
T7150 339:637.696 JLINK_IsHalted()
T7150 339:638.240 - 0.544ms returns FALSE
T7150 339:745.952 JLINK_IsHalted()
T7150 339:746.368 - 0.449ms returns FALSE
T7150 339:746.432 JLINK_IsHalted()
T7150 339:746.752 - 0.330ms returns FALSE
T7150 339:855.936 JLINK_IsHalted()
T7150 339:856.384 - 0.445ms returns FALSE
T7150 339:856.448 JLINK_IsHalted()
T7150 339:856.832 - 0.419ms returns FALSE
T7150 339:965.376 JLINK_IsHalted()
T7150 339:965.984 - 0.586ms returns FALSE
T7150 339:966.016 JLINK_IsHalted()
T7150 339:966.464 - 0.441ms returns FALSE
T7150 340:074.528 JLINK_IsHalted()
T7150 340:074.976 - 0.459ms returns FALSE
T7150 340:075.040 JLINK_IsHalted()
T7150 340:075.424 - 0.386ms returns FALSE
T7150 340:183.616 JLINK_IsHalted()
T7150 340:184.128 - 0.508ms returns FALSE
T7150 340:184.160 JLINK_IsHalted()
T7150 340:184.576 - 0.420ms returns FALSE
T7150 340:292.960 JLINK_IsHalted()
T7150 340:293.600 - 0.620ms returns FALSE
T7150 340:293.696 JLINK_IsHalted()
T7150 340:294.208 - 0.519ms returns FALSE
T7150 340:402.240 JLINK_IsHalted()
T7150 340:404.224 - 1.982ms returns FALSE
T7150 340:404.288 JLINK_IsHalted()
T7150 340:404.736 - 0.466ms returns FALSE
T9440 340:419.648 JLINK_IsHalted()
T9440 340:421.664 - 2.016ms returns FALSE
T9440 340:421.856 JLINK_IsHalted()
T9440 340:422.400 - 0.526ms returns FALSE
T7150 340:511.520 JLINK_IsHalted()
T7150 340:513.568 - 2.057ms returns FALSE
T7150 340:513.600 JLINK_IsHalted()
T7150 340:514.112 - 0.502ms returns FALSE
T7150 340:621.120 JLINK_IsHalted()
T7150 340:621.760 - 0.606ms returns FALSE
T7150 340:621.792 JLINK_IsHalted()
T7150 340:622.240 - 0.418ms returns FALSE
T7150 340:731.360 JLINK_IsHalted()
T7150 340:733.472 - 2.113ms returns FALSE
T7150 340:733.600 JLINK_IsHalted()
T7150 340:734.144 - 0.546ms returns FALSE
T7150 340:839.808 JLINK_IsHalted()
T7150 340:840.352 - 0.513ms returns FALSE
T7150 340:840.384 JLINK_IsHalted()
T7150 340:840.832 - 0.465ms returns FALSE
T7150 340:949.248 JLINK_IsHalted()
T7150 340:949.888 - 0.636ms returns FALSE
T7150 340:949.952 JLINK_IsHalted()
T7150 340:950.336 - 0.406ms returns FALSE
T7150 341:058.272 JLINK_IsHalted()
T7150 341:058.752 - 0.495ms returns FALSE
T7150 341:058.816 JLINK_IsHalted()
T7150 341:059.200 - 0.393ms returns FALSE
T7150 341:168.128 JLINK_IsHalted()
T7150 341:168.704 - 0.587ms returns FALSE
T7150 341:168.800 JLINK_IsHalted()
T7150 341:169.152 - 0.361ms returns FALSE
T7150 341:277.120 JLINK_IsHalted()
T7150 341:277.856 - 0.722ms returns FALSE
T7150 341:277.920 JLINK_IsHalted()
T7150 341:278.336 - 0.426ms returns FALSE
T7150 341:387.072 JLINK_IsHalted()
T7150 341:387.680 - 0.614ms returns FALSE
T7150 341:387.744 JLINK_IsHalted()
T7150 341:388.256 - 0.510ms returns FALSE
T9440 341:423.520 JLINK_IsHalted()
T9440 341:424.064 - 0.565ms returns FALSE
T9440 341:424.128 JLINK_IsHalted()
T9440 341:424.704 - 0.574ms returns FALSE
T7150 341:496.064 JLINK_IsHalted()
T7150 341:496.672 - 0.605ms returns FALSE
T7150 341:496.704 JLINK_IsHalted()
T7150 341:497.152 - 0.454ms returns FALSE
T7150 341:605.504 JLINK_IsHalted()
T7150 341:605.952 - 0.443ms returns FALSE
T7150 341:605.984 JLINK_IsHalted()
T7150 341:606.336 - 0.351ms returns FALSE
T7150 341:715.424 JLINK_IsHalted()
T7150 341:715.968 - 0.518ms returns FALSE
T7150 341:716.000 JLINK_IsHalted()
T7150 341:716.544 - 0.523ms returns FALSE
T7150 341:824.640 JLINK_IsHalted()
T7150 341:825.184 - 0.515ms returns FALSE
T7150 341:825.216 JLINK_IsHalted()
T7150 341:825.632 - 0.430ms returns FALSE
T7150 341:933.984 JLINK_IsHalted()
T7150 341:934.656 - 0.653ms returns FALSE
T7150 341:934.688 JLINK_IsHalted()
T7150 341:935.168 - 0.489ms returns FALSE
T7150 342:043.488 JLINK_IsHalted()
T7150 342:044.128 - 0.638ms returns FALSE
T7150 342:044.192 JLINK_IsHalted()
T7150 342:044.640 - 0.446ms returns FALSE
T7150 342:152.896 JLINK_IsHalted()
T7150 342:153.632 - 0.706ms returns FALSE
T7150 342:153.664 JLINK_IsHalted()
T7150 342:154.240 - 0.590ms returns FALSE
T7150 342:262.080 JLINK_IsHalted()
T7150 342:262.784 - 0.689ms returns FALSE
T7150 342:262.848 JLINK_IsHalted()
T7150 342:263.360 - 0.529ms returns FALSE
T7150 342:371.232 JLINK_IsHalted()
T7150 342:371.712 - 0.475ms returns FALSE
T7150 342:371.776 JLINK_IsHalted()
T7150 342:372.160 - 0.389ms returns FALSE
T9440 342:425.440 JLINK_IsHalted()
T9440 342:426.016 - 0.567ms returns FALSE
T9440 342:426.048 JLINK_IsHalted()
T9440 342:426.528 - 0.483ms returns FALSE
T7150 342:480.768 JLINK_IsHalted()
T7150 342:481.280 - 0.522ms returns FALSE
T7150 342:481.344 JLINK_IsHalted()
T7150 342:481.664 - 0.336ms returns FALSE
T7150 342:591.040 JLINK_IsHalted()
T7150 342:591.808 - 0.788ms returns FALSE
T7150 342:591.904 JLINK_IsHalted()
T7150 342:592.416 - 0.521ms returns FALSE
T7150 342:699.264 JLINK_IsHalted()
T7150 342:699.840 - 0.604ms returns FALSE
T7150 342:699.904 JLINK_IsHalted()
T7150 342:700.352 - 0.467ms returns FALSE
T7150 342:808.512 JLINK_IsHalted()
T7150 342:810.368 - 1.826ms returns FALSE
T7150 342:810.464 JLINK_IsHalted()
T7150 342:811.072 - 0.596ms returns FALSE
T7150 342:918.432 JLINK_IsHalted()
T7150 342:918.848 - 0.426ms returns FALSE
T7150 342:918.912 JLINK_IsHalted()
T7150 342:919.232 - 0.295ms returns FALSE
T7150 343:027.840 JLINK_IsHalted()
T7150 343:028.352 - 0.504ms returns FALSE
T7150 343:028.384 JLINK_IsHalted()
T7150 343:028.768 - 0.398ms returns FALSE
T7150 343:137.408 JLINK_IsHalted()
T7150 343:137.888 - 0.482ms returns FALSE
T7150 343:137.920 JLINK_IsHalted()
T7150 343:138.240 - 0.301ms returns FALSE
T7150 343:246.144 JLINK_IsHalted()
T7150 343:246.720 - 0.563ms returns FALSE
T7150 343:246.784 JLINK_IsHalted()
T7150 343:247.168 - 0.405ms returns FALSE
T7150 343:355.968 JLINK_IsHalted()
T7150 343:356.608 - 0.669ms returns FALSE
T7150 343:356.672 JLINK_IsHalted()
T7150 343:357.216 - 0.541ms returns FALSE
T9440 343:427.904 JLINK_IsHalted()
T9440 343:430.176 - 2.269ms returns FALSE
T9440 343:430.304 JLINK_IsHalted()
T9440 343:430.816 - 0.493ms returns FALSE
T7150 343:464.928 JLINK_IsHalted()
T7150 343:465.440 - 0.513ms returns FALSE
T7150 343:465.600 JLINK_IsHalted()
T7150 343:466.080 - 0.475ms returns FALSE
T7150 343:573.984 JLINK_IsHalted()
T7150 343:574.656 - 0.651ms returns FALSE
T7150 343:574.720 JLINK_IsHalted()
T7150 343:575.136 - 0.439ms returns FALSE
T7150 343:684.032 JLINK_IsHalted()
T7150 343:684.672 - 0.618ms returns FALSE
T7150 343:684.736 JLINK_IsHalted()
T7150 343:685.312 - 0.552ms returns FALSE
T7150 343:793.312 JLINK_IsHalted()
T7150 343:794.144 - 0.827ms returns FALSE
T7150 343:794.176 JLINK_IsHalted()
T7150 343:794.720 - 0.519ms returns FALSE
T7150 343:902.176 JLINK_IsHalted()
T7150 343:904.064 - 1.897ms returns FALSE
T7150 343:904.256 JLINK_IsHalted()
T7150 343:904.832 - 0.575ms returns FALSE
T7150 344:011.584 JLINK_IsHalted()
T7150 344:012.128 - 0.561ms returns FALSE
T7150 344:012.192 JLINK_IsHalted()
T7150 344:013.632 - 1.458ms returns FALSE
T7150 344:121.024 JLINK_IsHalted()
T7150 344:121.760 - 0.721ms returns FALSE
T7150 344:121.792 JLINK_IsHalted()
T7150 344:122.240 - 0.428ms returns FALSE
T7150 344:231.040 JLINK_IsHalted()
T7150 344:233.088 - 2.069ms returns FALSE
T7150 344:233.216 JLINK_IsHalted()
T7150 344:233.632 - 0.411ms returns FALSE
T7150 344:340.320 JLINK_IsHalted()
T7150 344:341.120 - 0.808ms returns FALSE
T7150 344:341.248 JLINK_IsHalted()
T7150 344:341.824 - 0.542ms returns FALSE
T9440 344:432.448 JLINK_IsHalted()
T9440 344:433.088 - 0.640ms returns FALSE
T9440 344:433.248 JLINK_IsHalted()
T9440 344:433.856 - 0.595ms returns FALSE
T7150 344:450.112 JLINK_IsHalted()
T7150 344:450.944 - 0.808ms returns FALSE
T7150 344:451.104 JLINK_IsHalted()
T7150 344:451.776 - 0.702ms returns FALSE
T7150 344:559.296 JLINK_IsHalted()
T7150 344:559.872 - 0.573ms returns FALSE
T7150 344:559.968 JLINK_IsHalted()
T7150 344:560.576 - 0.588ms returns FALSE
T7150 344:667.904 JLINK_IsHalted()
T7150 344:668.480 - 0.577ms returns FALSE
T7150 344:668.576 JLINK_IsHalted()
T7150 344:669.120 - 0.539ms returns FALSE
T7150 344:777.088 JLINK_IsHalted()
T7150 344:777.728 - 0.639ms returns FALSE
T7150 344:777.792 JLINK_IsHalted()
T7150 344:778.304 - 0.507ms returns FALSE
T7150 344:887.072 JLINK_IsHalted()
T7150 344:887.712 - 0.633ms returns FALSE
T7150 344:887.744 JLINK_IsHalted()
T7150 344:888.256 - 0.512ms returns FALSE
T7150 344:996.160 JLINK_IsHalted()
T7150 344:996.800 - 0.662ms returns FALSE
T7150 344:996.864 JLINK_IsHalted()
T7150 344:997.312 - 0.469ms returns FALSE
T7150 345:105.504 JLINK_IsHalted()
T7150 345:106.112 - 0.587ms returns FALSE
T7150 345:106.144 JLINK_IsHalted()
T7150 345:106.624 - 0.490ms returns FALSE
T7150 345:214.656 JLINK_IsHalted()
T7150 345:216.608 - 1.963ms returns FALSE
T7150 345:216.640 JLINK_IsHalted()
T7150 345:217.120 - 0.465ms returns FALSE
T7150 345:323.840 JLINK_IsHalted()
T7150 345:324.576 - 0.697ms returns FALSE
T7150 345:324.608 JLINK_IsHalted()
T7150 345:325.024 - 0.423ms returns FALSE
T7150 345:433.568 JLINK_IsHalted()
T7150 345:434.304 - 0.712ms returns FALSE
T7150 345:434.368 JLINK_IsHalted()
T7150 345:434.912 - 0.552ms returns FALSE
T9440 345:435.104 JLINK_IsHalted()
T9440 345:435.808 - 0.684ms returns FALSE
T9440 345:435.936 JLINK_IsHalted()
T9440 345:436.512 - 0.582ms returns FALSE
T7150 345:543.360 JLINK_IsHalted()
T7150 345:544.128 - 0.758ms returns FALSE
T7150 345:544.192 JLINK_IsHalted()
T7150 345:544.768 - 0.575ms returns FALSE
T7150 345:652.896 JLINK_IsHalted()
T7150 345:653.632 - 0.745ms returns FALSE
T7150 345:653.696 JLINK_IsHalted()
T7150 345:654.176 - 0.464ms returns FALSE
T7150 345:762.112 JLINK_IsHalted()
T7150 345:763.904 - 1.788ms returns FALSE
T7150 345:763.968 JLINK_IsHalted()
T7150 345:764.448 - 0.479ms returns FALSE
T7150 345:870.912 JLINK_IsHalted()
T7150 345:871.616 - 0.685ms returns FALSE
T7150 345:871.680 JLINK_IsHalted()
T7150 345:872.160 - 0.486ms returns FALSE
T7150 345:980.864 JLINK_IsHalted()
T7150 345:981.504 - 0.685ms returns FALSE
T7150 345:981.600 JLINK_IsHalted()
T7150 345:982.080 - 0.483ms returns FALSE
T7150 346:090.816 JLINK_IsHalted()
T7150 346:091.616 - 0.809ms returns FALSE
T7150 346:091.712 JLINK_IsHalted()
T7150 346:092.288 - 0.554ms returns FALSE
T7150 346:199.520 JLINK_IsHalted()
T7150 346:200.064 - 0.528ms returns FALSE
T7150 346:200.128 JLINK_IsHalted()
T7150 346:200.608 - 0.485ms returns FALSE
T7150 346:309.184 JLINK_IsHalted()
T7150 346:309.696 - 0.527ms returns FALSE
T7150 346:309.728 JLINK_IsHalted()
T7150 346:310.208 - 0.457ms returns FALSE
T7150 346:417.984 JLINK_IsHalted()
T7150 346:418.656 - 0.711ms returns FALSE
T7150 346:418.752 JLINK_IsHalted()
T7150 346:419.328 - 0.551ms returns FALSE
T9440 346:437.408 JLINK_IsHalted()
T9440 346:438.048 - 0.629ms returns FALSE
T9440 346:438.176 JLINK_IsHalted()
T9440 346:438.656 - 0.509ms returns FALSE
T7150 346:527.840 JLINK_IsHalted()
T7150 346:528.576 - 0.716ms returns FALSE
T7150 346:528.672 JLINK_IsHalted()
T7150 346:529.248 - 0.591ms returns FALSE
T7150 346:637.376 JLINK_IsHalted()
T7150 346:637.888 - 0.534ms returns FALSE
T7150 346:638.016 JLINK_IsHalted()
T7150 346:638.528 - 0.495ms returns FALSE
T7150 346:746.048 JLINK_IsHalted()
T7150 346:746.432 - 0.408ms returns FALSE
T7150 346:746.464 JLINK_IsHalted()
T7150 346:746.816 - 0.345ms returns FALSE
T7150 346:855.840 JLINK_IsHalted()
T7150 346:856.416 - 0.606ms returns FALSE
T7150 346:856.512 JLINK_IsHalted()
T7150 346:856.992 - 0.493ms returns FALSE
T7150 346:965.056 JLINK_IsHalted()
T7150 346:965.632 - 0.601ms returns FALSE
T7150 346:965.696 JLINK_IsHalted()
T7150 346:966.144 - 0.462ms returns FALSE
T7150 347:074.720 JLINK_IsHalted()
T7150 347:075.136 - 0.423ms returns FALSE
T7150 347:075.168 JLINK_IsHalted()
T7150 347:075.392 - 0.245ms returns FALSE
T7150 347:183.808 JLINK_IsHalted()
T7150 347:184.352 - 0.555ms returns FALSE
T7150 347:184.448 JLINK_IsHalted()
T7150 347:184.928 - 0.488ms returns FALSE
T7150 347:292.960 JLINK_IsHalted()
T7150 347:293.632 - 0.672ms returns FALSE
T7150 347:293.664 JLINK_IsHalted()
T7150 347:294.176 - 0.520ms returns FALSE
T7150 347:402.720 JLINK_IsHalted()
T7150 347:403.392 - 0.672ms returns FALSE
T7150 347:403.456 JLINK_IsHalted()
T7150 347:403.968 - 0.537ms returns FALSE
T9440 347:440.416 JLINK_IsHalted()
T9440 347:441.152 - 0.735ms returns FALSE
T9440 347:441.440 JLINK_IsHalted()
T9440 347:441.984 - 0.557ms returns FALSE
T7150 347:511.744 JLINK_IsHalted()
T7150 347:512.416 - 0.686ms returns FALSE
T7150 347:512.544 JLINK_IsHalted()
T7150 347:513.184 - 0.641ms returns FALSE
T7150 347:621.344 JLINK_IsHalted()
T7150 347:622.048 - 0.686ms returns FALSE
T7150 347:622.112 JLINK_IsHalted()
T7150 347:624.480 - 2.369ms returns FALSE
T7150 347:730.688 JLINK_IsHalted()
T7150 347:731.392 - 0.700ms returns FALSE
T7150 347:731.424 JLINK_IsHalted()
T7150 347:731.904 - 0.476ms returns FALSE
T7150 347:839.488 JLINK_IsHalted()
T7150 347:840.064 - 0.551ms returns FALSE
T7150 347:840.192 JLINK_IsHalted()
T7150 347:840.512 - 0.332ms returns FALSE
T7150 347:948.864 JLINK_IsHalted()
T7150 347:949.504 - 0.631ms returns FALSE
T7150 347:949.536 JLINK_IsHalted()
T7150 347:950.144 - 0.575ms returns FALSE
T7150 348:059.008 JLINK_IsHalted()
T7150 348:059.584 - 0.592ms returns FALSE
T7150 348:059.680 JLINK_IsHalted()
T7150 348:061.472 - 1.801ms returns FALSE
T7150 348:168.160 JLINK_IsHalted()
T7150 348:168.768 - 0.615ms returns FALSE
T7150 348:168.864 JLINK_IsHalted()
T7150 348:169.312 - 0.449ms returns FALSE
T7150 348:277.920 JLINK_IsHalted()
T7150 348:278.336 - 0.432ms returns FALSE
T7150 348:278.368 JLINK_IsHalted()
T7150 348:278.656 - 0.283ms returns FALSE
T7150 348:386.784 JLINK_IsHalted()
T7150 348:387.328 - 0.548ms returns FALSE
T7150 348:387.392 JLINK_IsHalted()
T7150 348:387.744 - 0.363ms returns FALSE
T9440 348:443.808 JLINK_IsHalted()
T9440 348:444.384 - 0.592ms returns FALSE
T9440 348:444.448 JLINK_IsHalted()
T9440 348:444.800 - 0.342ms returns FALSE
T7150 348:495.968 JLINK_IsHalted()
T7150 348:497.856 - 1.917ms returns FALSE
T7150 348:497.984 JLINK_IsHalted()
T7150 348:498.560 - 0.561ms returns FALSE
T7150 348:606.016 JLINK_IsHalted()
T7150 348:607.968 - 1.954ms returns FALSE
T7150 348:608.128 JLINK_IsHalted()
T7150 348:608.544 - 0.411ms returns FALSE
T7150 348:714.688 JLINK_IsHalted()
T7150 348:715.328 - 0.650ms returns FALSE
T7150 348:715.392 JLINK_IsHalted()
T7150 348:715.904 - 0.512ms returns FALSE
T7150 348:824.384 JLINK_IsHalted()
T7150 348:825.152 - 0.741ms returns FALSE
T7150 348:825.216 JLINK_IsHalted()
T7150 348:825.728 - 0.501ms returns FALSE
T7150 348:933.920 JLINK_IsHalted()
T7150 348:934.528 - 0.628ms returns FALSE
T7150 348:934.592 JLINK_IsHalted()
T7150 348:935.072 - 0.486ms returns FALSE
T7150 349:042.784 JLINK_IsHalted()
T7150 349:043.424 - 0.624ms returns FALSE
T7150 349:043.584 JLINK_IsHalted()
T7150 349:044.160 - 0.567ms returns FALSE
T7150 349:152.704 JLINK_IsHalted()
T7150 349:153.440 - 0.706ms returns FALSE
T7150 349:153.504 JLINK_IsHalted()
T7150 349:154.048 - 0.547ms returns FALSE
T7150 349:261.376 JLINK_IsHalted()
T7150 349:261.984 - 0.581ms returns FALSE
T7150 349:262.048 JLINK_IsHalted()
T7150 349:262.528 - 0.452ms returns FALSE
T7150 349:371.552 JLINK_IsHalted()
T7150 349:372.224 - 0.668ms returns FALSE
T7150 349:372.256 JLINK_IsHalted()
T7150 349:372.800 - 0.537ms returns FALSE
T9440 349:444.992 JLINK_IsHalted()
T9440 349:446.752 - 1.779ms returns FALSE
T9440 349:446.880 JLINK_IsHalted()
T9440 349:447.392 - 0.506ms returns FALSE
T7150 349:480.512 JLINK_IsHalted()
T7150 349:481.024 - 0.510ms returns FALSE
T7150 349:481.056 JLINK_IsHalted()
T7150 349:481.408 - 0.357ms returns FALSE
T7150 349:589.952 JLINK_IsHalted()
T7150 349:590.848 - 0.881ms returns FALSE
T7150 349:590.976 JLINK_IsHalted()
T7150 349:591.616 - 0.649ms returns FALSE
T7150 349:699.392 JLINK_IsHalted()
T7150 349:700.128 - 0.714ms returns FALSE
T7150 349:700.160 JLINK_IsHalted()
T7150 349:701.728 - 1.552ms returns FALSE
T7150 349:808.544 JLINK_IsHalted()
T7150 349:809.216 - 0.678ms returns FALSE
T7150 349:809.280 JLINK_IsHalted()
T7150 349:809.792 - 0.505ms returns FALSE
T7150 349:917.600 JLINK_IsHalted()
T7150 349:918.144 - 0.579ms returns FALSE
T7150 349:918.208 JLINK_IsHalted()
T7150 349:918.688 - 0.481ms returns FALSE
T7150 350:027.200 JLINK_IsHalted()
T7150 350:027.968 - 0.758ms returns FALSE
T7150 350:028.032 JLINK_IsHalted()
T7150 350:028.480 - 0.480ms returns FALSE
T7150 350:136.896 JLINK_IsHalted()
T7150 350:137.408 - 0.533ms returns FALSE
T7150 350:137.440 JLINK_IsHalted()
T7150 350:137.920 - 0.441ms returns FALSE
T7150 350:247.264 JLINK_IsHalted()
T7150 350:247.808 - 0.532ms returns FALSE
T7150 350:247.872 JLINK_IsHalted()
T7150 350:248.384 - 0.526ms returns FALSE
T7150 350:355.200 JLINK_IsHalted()
T7150 350:355.776 - 0.574ms returns FALSE
T7150 350:355.808 JLINK_IsHalted()
T7150 350:356.320 - 0.509ms returns FALSE
T9440 350:447.968 JLINK_IsHalted()
T9440 350:448.448 - 0.439ms returns FALSE
T9440 350:448.448 JLINK_IsHalted()
T9440 350:448.832 - 0.354ms returns FALSE
T7150 350:464.704 JLINK_IsHalted()
T7150 350:465.152 - 0.449ms returns FALSE
T7150 350:465.184 JLINK_IsHalted()
T7150 350:465.472 - 0.298ms returns FALSE
T7150 350:574.304 JLINK_IsHalted()
T7150 350:574.848 - 0.545ms returns FALSE
T7150 350:574.912 JLINK_IsHalted()
T7150 350:575.360 - 0.444ms returns FALSE
T7150 350:683.904 JLINK_IsHalted()
T7150 350:684.480 - 0.578ms returns FALSE
T7150 350:684.544 JLINK_IsHalted()
T7150 350:684.992 - 0.475ms returns FALSE
T7150 350:792.768 JLINK_IsHalted()
T7150 350:793.408 - 0.686ms returns FALSE
T7150 350:793.472 JLINK_IsHalted()
T7150 350:793.920 - 0.430ms returns FALSE
T7150 350:902.176 JLINK_IsHalted()
T7150 350:902.816 - 0.632ms returns FALSE
T7150 350:902.848 JLINK_IsHalted()
T7150 350:903.392 - 0.539ms returns FALSE
T7150 351:011.520 JLINK_IsHalted()
T7150 351:012.032 - 0.518ms returns FALSE
T7150 351:012.096 JLINK_IsHalted()
T7150 351:012.576 - 0.496ms returns FALSE
T7150 351:121.696 JLINK_IsHalted()
T7150 351:122.240 - 0.529ms returns FALSE
T7150 351:122.272 JLINK_IsHalted()
T7150 351:122.784 - 0.509ms returns FALSE
T7150 351:230.656 JLINK_IsHalted()
T7150 351:231.168 - 0.503ms returns FALSE
T7150 351:231.232 JLINK_IsHalted()
T7150 351:231.584 - 0.346ms returns FALSE
T7150 351:340.288 JLINK_IsHalted()
T7150 351:340.960 - 0.656ms returns FALSE
T7150 351:340.992 JLINK_IsHalted()
T7150 351:341.504 - 0.498ms returns FALSE
T7150 351:449.280 JLINK_IsHalted()
T7150 351:449.824 - 0.546ms returns FALSE
T7150 351:449.920 JLINK_IsHalted()
T7150 351:450.656 - 0.696ms returns FALSE
T9440 351:450.720 JLINK_IsHalted()
T9440 351:451.200 - 0.466ms returns FALSE
T9440 351:451.264 JLINK_IsHalted()
T9440 351:451.712 - 0.483ms returns FALSE
T7150 351:558.240 JLINK_IsHalted()
T7150 351:558.912 - 0.674ms returns FALSE
T7150 351:558.976 JLINK_IsHalted()
T7150 351:560.864 - 1.886ms returns FALSE
T7150 351:667.744 JLINK_IsHalted()
T7150 351:668.320 - 0.565ms returns FALSE
T7150 351:668.352 JLINK_IsHalted()
T7150 351:668.800 - 0.452ms returns FALSE
T7150 351:777.248 JLINK_IsHalted()
T7150 351:777.952 - 0.707ms returns FALSE
T7150 351:777.984 JLINK_IsHalted()
T7150 351:778.496 - 0.487ms returns FALSE
T7150 351:886.400 JLINK_IsHalted()
T7150 351:887.040 - 0.634ms returns FALSE
T7150 351:887.040 JLINK_IsHalted()
T7150 351:887.552 - 0.494ms returns FALSE
T7150 351:996.384 JLINK_IsHalted()
T7150 351:997.024 - 0.623ms returns FALSE
T7150 351:997.056 JLINK_IsHalted()
T7150 351:997.600 - 0.535ms returns FALSE
T7150 352:105.408 JLINK_IsHalted()
T7150 352:105.920 - 0.540ms returns FALSE
T7150 352:105.984 JLINK_IsHalted()
T7150 352:106.528 - 0.534ms returns FALSE
T7150 352:215.008 JLINK_IsHalted()
T7150 352:215.616 - 0.619ms returns FALSE
T7150 352:215.680 JLINK_IsHalted()
T7150 352:216.224 - 0.541ms returns FALSE
T7150 352:324.576 JLINK_IsHalted()
T7150 352:325.088 - 0.505ms returns FALSE
T7150 352:325.152 JLINK_IsHalted()
T7150 352:325.600 - 0.455ms returns FALSE
T7150 352:434.816 JLINK_IsHalted()
T7150 352:435.488 - 0.674ms returns FALSE
T7150 352:435.520 JLINK_IsHalted()
T7150 352:435.968 - 0.436ms returns FALSE
T9440 352:452.608 JLINK_IsHalted()
T9440 352:453.152 - 0.532ms returns FALSE
T9440 352:453.184 JLINK_IsHalted()
T9440 352:453.696 - 0.516ms returns FALSE
T7150 352:542.944 JLINK_IsHalted()
T7150 352:543.552 - 0.632ms returns FALSE
T7150 352:543.648 JLINK_IsHalted()
T7150 352:544.160 - 0.502ms returns FALSE
T7150 352:652.640 JLINK_IsHalted()
T7150 352:653.120 - 0.493ms returns FALSE
T7150 352:653.152 JLINK_IsHalted()
T7150 352:653.632 - 0.478ms returns FALSE
T7150 352:762.464 JLINK_IsHalted()
T7150 352:763.072 - 0.601ms returns FALSE
T7150 352:763.104 JLINK_IsHalted()
T7150 352:763.680 - 0.563ms returns FALSE
T7150 352:871.552 JLINK_IsHalted()
T7150 352:872.192 - 0.633ms returns FALSE
T7150 352:872.256 JLINK_IsHalted()
T7150 352:872.672 - 0.429ms returns FALSE
T7150 352:980.288 JLINK_IsHalted()
T7150 352:981.184 - 0.867ms returns FALSE
T7150 352:981.280 JLINK_IsHalted()
T7150 352:981.888 - 0.611ms returns FALSE
T7150 353:090.208 JLINK_IsHalted()
T7150 353:090.880 - 0.655ms returns FALSE
T7150 353:090.880 JLINK_IsHalted()
T7150 353:091.392 - 0.494ms returns FALSE
T7150 353:200.288 JLINK_IsHalted()
T7150 353:202.880 - 2.634ms returns FALSE
T7150 353:203.008 JLINK_IsHalted()
T7150 353:203.520 - 0.525ms returns FALSE
T7150 353:308.800 JLINK_IsHalted()
T7150 353:309.344 - 0.537ms returns FALSE
T7150 353:309.472 JLINK_IsHalted()
T7150 353:309.952 - 0.491ms returns FALSE
T7150 353:417.952 JLINK_IsHalted()
T7150 353:418.560 - 0.600ms returns FALSE
T7150 353:418.624 JLINK_IsHalted()
T7150 353:419.200 - 0.551ms returns FALSE
T9440 353:453.728 JLINK_IsHalted()
T9440 353:455.424 - 1.709ms returns FALSE
T9440 353:455.488 JLINK_IsHalted()
T9440 353:456.064 - 0.544ms returns FALSE
T7150 353:527.520 JLINK_IsHalted()
T7150 353:528.160 - 0.651ms returns FALSE
T7150 353:528.320 JLINK_IsHalted()
T7150 353:528.896 - 0.573ms returns FALSE
T7150 353:636.480 JLINK_IsHalted()
T7150 353:637.248 - 0.772ms returns FALSE
T7150 353:637.344 JLINK_IsHalted()
T7150 353:637.984 - 0.628ms returns FALSE
T7150 353:746.272 JLINK_IsHalted()
T7150 353:747.136 - 0.860ms returns FALSE
T7150 353:747.264 JLINK_IsHalted()
T7150 353:747.872 - 0.581ms returns FALSE
T7150 353:855.264 JLINK_IsHalted()
T7150 353:856.960 - 1.715ms returns FALSE
T7150 353:857.024 JLINK_IsHalted()
T7150 353:857.376 - 0.373ms returns FALSE
T7150 353:965.376 JLINK_IsHalted()
T7150 353:965.888 - 0.549ms returns FALSE
T7150 353:965.952 JLINK_IsHalted()
T7150 353:966.400 - 0.442ms returns FALSE
T7150 354:074.176 JLINK_IsHalted()
T7150 354:074.720 - 0.571ms returns FALSE
T7150 354:074.784 JLINK_IsHalted()
T7150 354:075.200 - 0.434ms returns FALSE
T7150 354:184.032 JLINK_IsHalted()
T7150 354:184.640 - 0.630ms returns FALSE
T7150 354:184.704 JLINK_IsHalted()
T7150 354:185.280 - 0.554ms returns FALSE
T7150 354:292.672 JLINK_IsHalted()
T7150 354:293.440 - 0.746ms returns FALSE
T7150 354:293.536 JLINK_IsHalted()
T7150 354:294.240 - 0.722ms returns FALSE
T7150 354:402.496 JLINK_IsHalted()
T7150 354:403.264 - 0.774ms returns FALSE
T7150 354:403.328 JLINK_IsHalted()
T7150 354:403.808 - 0.505ms returns FALSE
T9440 354:457.408 JLINK_IsHalted()
T9440 354:457.952 - 0.564ms returns FALSE
T9440 354:458.016 JLINK_IsHalted()
T9440 354:458.528 - 0.498ms returns FALSE
T7150 354:512.064 JLINK_IsHalted()
T7150 354:512.704 - 0.644ms returns FALSE
T7150 354:512.832 JLINK_IsHalted()
T7150 354:513.344 - 0.552ms returns FALSE
T7150 354:621.120 JLINK_IsHalted()
T7150 354:621.664 - 0.576ms returns FALSE
T7150 354:621.760 JLINK_IsHalted()
T7150 354:622.336 - 0.572ms returns FALSE
T7150 354:730.304 JLINK_IsHalted()
T7150 354:730.912 - 0.588ms returns FALSE
T7150 354:730.976 JLINK_IsHalted()
T7150 354:732.768 - 1.784ms returns FALSE
T7150 354:840.096 JLINK_IsHalted()
T7150 354:840.736 - 0.619ms returns FALSE
T7150 354:840.768 JLINK_IsHalted()
T7150 354:841.184 - 0.400ms returns FALSE
T7150 354:950.272 JLINK_IsHalted()
T7150 354:952.352 - 2.073ms returns FALSE
T7150 354:952.448 JLINK_IsHalted()
T7150 354:954.304 - 1.871ms returns FALSE
T7150 355:058.944 JLINK_IsHalted()
T7150 355:059.648 - 0.685ms returns FALSE
T7150 355:059.680 JLINK_IsHalted()
T7150 355:060.288 - 0.566ms returns FALSE
T7150 355:168.032 JLINK_IsHalted()
T7150 355:168.672 - 0.638ms returns FALSE
T7150 355:168.736 JLINK_IsHalted()
T7150 355:169.216 - 0.496ms returns FALSE
T7150 355:277.248 JLINK_IsHalted()
T7150 355:277.856 - 0.611ms returns FALSE
T7150 355:277.888 JLINK_IsHalted()
T7150 355:278.368 - 0.463ms returns FALSE
T7150 355:386.464 JLINK_IsHalted()
T7150 355:387.168 - 0.687ms returns FALSE
T7150 355:387.200 JLINK_IsHalted()
T7150 355:387.712 - 0.496ms returns FALSE
T9440 355:460.608 JLINK_IsHalted()
T9440 355:461.184 - 0.611ms returns FALSE
T9440 355:461.280 JLINK_IsHalted()
T9440 355:461.728 - 0.457ms returns FALSE
T7150 355:496.288 JLINK_IsHalted()
T7150 355:496.992 - 0.705ms returns FALSE
T7150 355:497.056 JLINK_IsHalted()
T7150 355:497.568 - 0.512ms returns FALSE
T7150 355:606.048 JLINK_IsHalted()
T7150 355:606.688 - 0.651ms returns FALSE
T7150 355:606.752 JLINK_IsHalted()
T7150 355:607.232 - 0.505ms returns FALSE
T7150 355:714.752 JLINK_IsHalted()
T7150 355:715.296 - 0.532ms returns FALSE
T7150 355:715.360 JLINK_IsHalted()
T7150 355:715.904 - 0.544ms returns FALSE
T7150 355:824.640 JLINK_IsHalted()
T7150 355:825.472 - 0.839ms returns FALSE
T7150 355:825.632 JLINK_IsHalted()
T7150 355:826.272 - 0.631ms returns FALSE
T7150 355:934.112 JLINK_IsHalted()
T7150 355:934.784 - 0.690ms returns FALSE
T7150 355:934.848 JLINK_IsHalted()
T7150 355:935.360 - 0.519ms returns FALSE
T7150 356:042.944 JLINK_IsHalted()
T7150 356:043.680 - 0.705ms returns FALSE
T7150 356:043.712 JLINK_IsHalted()
T7150 356:044.224 - 0.500ms returns FALSE
T7150 356:153.440 JLINK_IsHalted()
T7150 356:154.048 - 0.598ms returns FALSE
T7150 356:154.144 JLINK_IsHalted()
T7150 356:154.656 - 0.513ms returns FALSE
T7150 356:262.240 JLINK_IsHalted()
T7150 356:264.064 - 1.813ms returns FALSE
T7150 356:264.128 JLINK_IsHalted()
T7150 356:264.640 - 0.484ms returns FALSE
T7150 356:371.008 JLINK_IsHalted()
T7150 356:371.520 - 0.531ms returns FALSE
T7150 356:371.552 JLINK_IsHalted()
T7150 356:372.032 - 0.456ms returns FALSE
T9440 356:463.328 JLINK_IsHalted()
T9440 356:464.032 - 0.671ms returns FALSE
T9440 356:464.096 JLINK_IsHalted()
T9440 356:465.920 - 1.808ms returns FALSE
T7150 356:480.992 JLINK_IsHalted()
T7150 356:481.696 - 0.676ms returns FALSE
T7150 356:481.728 JLINK_IsHalted()
T7150 356:482.240 - 0.500ms returns FALSE
T7150 356:589.888 JLINK_IsHalted()
T7150 356:590.624 - 0.735ms returns FALSE
T7150 356:590.656 JLINK_IsHalted()
T7150 356:591.168 - 0.512ms returns FALSE
T7150 356:698.912 JLINK_IsHalted()
T7150 356:699.520 - 0.613ms returns FALSE
T7150 356:699.584 JLINK_IsHalted()
T7150 356:700.128 - 0.544ms returns FALSE
T7150 356:808.896 JLINK_IsHalted()
T7150 356:811.200 - 2.281ms returns FALSE
T7150 356:811.328 JLINK_IsHalted()
T7150 356:811.776 - 0.430ms returns FALSE
T7150 356:918.400 JLINK_IsHalted()
T7150 356:918.976 - 0.579ms returns FALSE
T7150 356:919.072 JLINK_IsHalted()
T7150 356:919.616 - 0.512ms returns FALSE
T7150 357:027.200 JLINK_IsHalted()
T7150 357:029.280 - 2.087ms returns FALSE
T7150 357:029.440 JLINK_IsHalted()
T7150 357:029.952 - 0.499ms returns FALSE
T7150 357:136.736 JLINK_IsHalted()
T7150 357:139.648 - 2.896ms returns FALSE
T7150 357:139.712 JLINK_IsHalted()
T7150 357:140.224 - 0.527ms returns FALSE
T7150 357:246.144 JLINK_IsHalted()
T7150 357:246.976 - 0.816ms returns FALSE
T7150 357:247.104 JLINK_IsHalted()
T7150 357:247.680 - 0.609ms returns FALSE
T7150 357:355.328 JLINK_IsHalted()
T7150 357:355.968 - 0.636ms returns FALSE
T7150 357:356.000 JLINK_IsHalted()
T7150 357:356.480 - 0.478ms returns FALSE
T7150 357:464.992 JLINK_IsHalted()
T7150 357:465.696 - 0.724ms returns FALSE
T7150 357:465.792 JLINK_IsHalted()
T7150 357:466.432 - 0.627ms returns FALSE
T9440 357:466.592 JLINK_IsHalted()
T9440 357:467.200 - 0.595ms returns FALSE
T9440 357:467.296 JLINK_IsHalted()
T9440 357:467.872 - 0.585ms returns FALSE
T7150 357:574.208 JLINK_IsHalted()
T7150 357:574.912 - 0.731ms returns FALSE
T7150 357:574.976 JLINK_IsHalted()
T7150 357:575.552 - 0.543ms returns FALSE
T7150 357:683.616 JLINK_IsHalted()
T7150 357:684.288 - 0.679ms returns FALSE
T7150 357:684.352 JLINK_IsHalted()
T7150 357:684.928 - 0.566ms returns FALSE
T7150 357:792.992 JLINK_IsHalted()
T7150 357:793.664 - 0.647ms returns FALSE
T7150 357:793.760 JLINK_IsHalted()
T7150 357:794.240 - 0.481ms returns FALSE
T7150 357:902.784 JLINK_IsHalted()
T7150 357:904.640 - 1.863ms returns FALSE
T7150 357:904.704 JLINK_IsHalted()
T7150 357:905.344 - 0.664ms returns FALSE
T7150 358:011.744 JLINK_IsHalted()
T7150 358:012.224 - 0.469ms returns FALSE
T7150 358:012.288 JLINK_IsHalted()
T7150 358:012.544 - 0.253ms returns FALSE
T7150 358:121.344 JLINK_IsHalted()
T7150 358:122.048 - 0.692ms returns FALSE
T7150 358:122.112 JLINK_IsHalted()
T7150 358:122.624 - 0.525ms returns FALSE
T7150 358:230.400 JLINK_IsHalted()
T7150 358:230.880 - 0.482ms returns FALSE
T7150 358:230.912 JLINK_IsHalted()
T7150 358:231.360 - 0.455ms returns FALSE
T7150 358:340.032 JLINK_IsHalted()
T7150 358:340.800 - 0.723ms returns FALSE
T7150 358:340.896 JLINK_IsHalted()
T7150 358:341.504 - 0.620ms returns FALSE
T7150 358:448.864 JLINK_IsHalted()
T7150 358:449.472 - 0.597ms returns FALSE
T7150 358:449.504 JLINK_IsHalted()
T7150 358:449.984 - 0.449ms returns FALSE
T9440 358:468.640 JLINK_IsHalted()
T9440 358:469.184 - 0.537ms returns FALSE
T9440 358:469.216 JLINK_IsHalted()
T9440 358:469.664 - 0.434ms returns FALSE
T7150 358:558.560 JLINK_IsHalted()
T7150 358:559.040 - 0.492ms returns FALSE
T7150 358:559.072 JLINK_IsHalted()
T7150 358:560.576 - 1.504ms returns FALSE
T7150 358:668.448 JLINK_IsHalted()
T7150 358:668.992 - 0.519ms returns FALSE
T7150 358:668.992 JLINK_IsHalted()
T7150 358:669.504 - 0.525ms returns FALSE
T7150 358:776.992 JLINK_IsHalted()
T7150 358:777.696 - 0.713ms returns FALSE
T7150 358:777.760 JLINK_IsHalted()
T7150 358:778.272 - 0.521ms returns FALSE
T7150 358:886.560 JLINK_IsHalted()
T7150 358:887.200 - 0.645ms returns FALSE
T7150 358:887.264 JLINK_IsHalted()
T7150 358:887.744 - 0.487ms returns FALSE
T7150 358:996.288 JLINK_IsHalted()
T7150 358:996.960 - 0.686ms returns FALSE
T7150 358:997.056 JLINK_IsHalted()
T7150 358:997.568 - 0.508ms returns FALSE
T7150 359:106.048 JLINK_IsHalted()
T7150 359:106.656 - 0.598ms returns FALSE
T7150 359:106.752 JLINK_IsHalted()
T7150 359:107.360 - 0.618ms returns FALSE
T7150 359:214.688 JLINK_IsHalted()
T7150 359:215.424 - 0.705ms returns FALSE
T7150 359:215.552 JLINK_IsHalted()
T7150 359:216.128 - 0.583ms returns FALSE
T7150 359:324.576 JLINK_IsHalted()
T7150 359:325.120 - 0.555ms returns FALSE
T7150 359:325.216 JLINK_IsHalted()
T7150 359:325.632 - 0.441ms returns FALSE
T7150 359:434.176 JLINK_IsHalted()
T7150 359:434.912 - 0.730ms returns FALSE
T7150 359:435.040 JLINK_IsHalted()
T7150 359:435.712 - 0.674ms returns FALSE
T9440 359:471.136 JLINK_IsHalted()
T9440 359:471.776 - 0.644ms returns FALSE
T9440 359:471.840 JLINK_IsHalted()
T9440 359:472.352 - 0.495ms returns FALSE
T7150 359:543.328 JLINK_IsHalted()
T7150 359:543.840 - 0.527ms returns FALSE
T7150 359:543.872 JLINK_IsHalted()
T7150 359:544.320 - 0.437ms returns FALSE
T7150 359:652.320 JLINK_IsHalted()
T7150 359:654.208 - 1.844ms returns FALSE
T7150 359:654.240 JLINK_IsHalted()
T7150 359:654.784 - 0.529ms returns FALSE
T7150 359:761.920 JLINK_IsHalted()
T7150 359:762.624 - 0.723ms returns FALSE
T7150 359:762.688 JLINK_IsHalted()
T7150 359:763.296 - 0.613ms returns FALSE
T7150 359:871.744 JLINK_IsHalted()
T7150 359:873.664 - 1.929ms returns FALSE
T7150 359:873.728 JLINK_IsHalted()
T7150 359:874.304 - 0.572ms returns FALSE
T7150 359:980.736 JLINK_IsHalted()
T7150 359:981.408 - 0.687ms returns FALSE
T7150 359:981.536 JLINK_IsHalted()
T7150 359:982.208 - 0.687ms returns FALSE
T7150 360:089.600 JLINK_IsHalted()
T7150 360:090.464 - 0.866ms returns FALSE
T7150 360:090.560 JLINK_IsHalted()
T7150 360:091.232 - 0.690ms returns FALSE
T7150 360:199.648 JLINK_IsHalted()
T7150 360:200.448 - 0.787ms returns FALSE
T7150 360:200.544 JLINK_IsHalted()
T7150 360:201.056 - 0.527ms returns FALSE
T7150 360:309.792 JLINK_IsHalted()
T7150 360:310.560 - 0.760ms returns FALSE
T7150 360:310.688 JLINK_IsHalted()
T7150 360:311.264 - 0.595ms returns FALSE
T7150 360:417.952 JLINK_IsHalted()
T7150 360:418.528 - 0.582ms returns FALSE
T7150 360:418.592 JLINK_IsHalted()
T7150 360:419.072 - 0.476ms returns FALSE
T9440 360:475.232 JLINK_IsHalted()
T9440 360:477.568 - 2.318ms returns FALSE
T9440 360:477.632 JLINK_IsHalted()
T9440 360:478.240 - 0.567ms returns FALSE
T7150 360:528.064 JLINK_IsHalted()
T7150 360:528.832 - 0.761ms returns FALSE
T7150 360:528.960 JLINK_IsHalted()
T7150 360:529.504 - 0.551ms returns FALSE
T7150 360:637.120 JLINK_IsHalted()
T7150 360:637.760 - 0.627ms returns FALSE
T7150 360:637.824 JLINK_IsHalted()
T7150 360:638.304 - 0.497ms returns FALSE
T7150 360:746.624 JLINK_IsHalted()
T7150 360:747.328 - 0.703ms returns FALSE
T7150 360:747.360 JLINK_IsHalted()
T7150 360:747.808 - 0.453ms returns FALSE
T7150 360:855.808 JLINK_IsHalted()
T7150 360:856.448 - 0.655ms returns FALSE
T7150 360:856.512 JLINK_IsHalted()
T7150 360:857.024 - 0.480ms returns FALSE
T7150 360:964.672 JLINK_IsHalted()
T7150 360:965.344 - 0.672ms returns FALSE
T7150 360:965.440 JLINK_IsHalted()
T7150 360:966.048 - 0.629ms returns FALSE
T7150 361:074.432 JLINK_IsHalted()
T7150 361:075.200 - 0.761ms returns FALSE
T7150 361:075.296 JLINK_IsHalted()
T7150 361:075.904 - 0.593ms returns FALSE
T7150 361:183.552 JLINK_IsHalted()
T7150 361:184.192 - 0.610ms returns FALSE
T7150 361:184.224 JLINK_IsHalted()
T7150 361:184.736 - 0.523ms returns FALSE
T7150 361:292.928 JLINK_IsHalted()
T7150 361:293.504 - 0.553ms returns FALSE
T7150 361:293.504 JLINK_IsHalted()
T7150 361:294.016 - 0.478ms returns FALSE
T7150 361:402.784 JLINK_IsHalted()
T7150 361:403.392 - 0.594ms returns FALSE
T7150 361:403.456 JLINK_IsHalted()
T7150 361:403.936 - 0.468ms returns FALSE
T9440 361:479.776 JLINK_IsHalted()
T9440 361:480.320 - 0.523ms returns FALSE
T9440 361:480.384 JLINK_IsHalted()
T9440 361:480.832 - 0.461ms returns FALSE
T7150 361:511.648 JLINK_IsHalted()
T7150 361:512.384 - 0.708ms returns FALSE
T7150 361:512.480 JLINK_IsHalted()
T7150 361:513.152 - 0.674ms returns FALSE
T7150 361:621.472 JLINK_IsHalted()
T7150 361:622.048 - 0.570ms returns FALSE
T7150 361:622.080 JLINK_IsHalted()
T7150 361:622.688 - 0.567ms returns FALSE
T7150 361:730.432 JLINK_IsHalted()
T7150 361:731.168 - 0.729ms returns FALSE
T7150 361:731.232 JLINK_IsHalted()
T7150 361:731.776 - 0.521ms returns FALSE
T7150 361:839.648 JLINK_IsHalted()
T7150 361:842.656 - 3.019ms returns FALSE
T7150 361:842.720 JLINK_IsHalted()
T7150 361:843.168 - 0.451ms returns FALSE
T7150 361:949.600 JLINK_IsHalted()
T7150 361:950.112 - 0.519ms returns FALSE
T7150 361:950.144 JLINK_IsHalted()
T7150 361:950.592 - 0.445ms returns FALSE
T7150 362:059.616 JLINK_IsHalted()
T7150 362:060.224 - 0.628ms returns FALSE
T7150 362:060.320 JLINK_IsHalted()
T7150 362:060.736 - 0.444ms returns FALSE
T7150 362:168.480 JLINK_IsHalted()
T7150 362:169.216 - 0.741ms returns FALSE
T7150 362:169.376 JLINK_IsHalted()
T7150 362:169.920 - 0.540ms returns FALSE
T7150 362:277.792 JLINK_IsHalted()
T7150 362:278.432 - 0.655ms returns FALSE
T7150 362:278.464 JLINK_IsHalted()
T7150 362:279.104 - 0.616ms returns FALSE
T7150 362:386.816 JLINK_IsHalted()
T7150 362:387.488 - 0.650ms returns FALSE
T7150 362:387.520 JLINK_IsHalted()
T7150 362:387.968 - 0.448ms returns FALSE
T9440 362:481.696 JLINK_IsHalted()
T9440 362:482.368 - 0.650ms returns FALSE
T9440 362:482.400 JLINK_IsHalted()
T9440 362:484.288 - 1.848ms returns FALSE
T7150 362:496.672 JLINK_IsHalted()
T7150 362:497.504 - 0.846ms returns FALSE
T7150 362:497.600 JLINK_IsHalted()
T7150 362:498.080 - 0.483ms returns FALSE
T7150 362:605.632 JLINK_IsHalted()
T7150 362:606.400 - 0.748ms returns FALSE
T7150 362:606.592 JLINK_IsHalted()
T7150 362:607.200 - 0.605ms returns FALSE
T7150 362:714.848 JLINK_IsHalted()
T7150 362:715.584 - 0.718ms returns FALSE
T7150 362:715.680 JLINK_IsHalted()
T7150 362:716.224 - 0.586ms returns FALSE
T7150 362:824.640 JLINK_IsHalted()
T7150 362:825.472 - 0.822ms returns FALSE
T7150 362:825.600 JLINK_IsHalted()
T7150 362:826.336 - 0.734ms returns FALSE
T7150 362:933.344 JLINK_IsHalted()
T7150 362:934.016 - 0.668ms returns FALSE
T7150 362:934.144 JLINK_IsHalted()
T7150 362:934.816 - 0.674ms returns FALSE
T7150 363:043.488 JLINK_IsHalted()
T7150 363:044.096 - 0.601ms returns FALSE
T7150 363:044.160 JLINK_IsHalted()
T7150 363:044.736 - 0.562ms returns FALSE
T7150 363:152.672 JLINK_IsHalted()
T7150 363:153.344 - 0.670ms returns FALSE
T7150 363:153.376 JLINK_IsHalted()
T7150 363:153.920 - 0.535ms returns FALSE
T7150 363:261.664 JLINK_IsHalted()
T7150 363:262.336 - 0.661ms returns FALSE
T7150 363:262.400 JLINK_IsHalted()
T7150 363:262.848 - 0.427ms returns FALSE
T7150 363:371.456 JLINK_IsHalted()
T7150 363:372.128 - 0.658ms returns FALSE
T7150 363:372.192 JLINK_IsHalted()
T7150 363:372.640 - 0.465ms returns FALSE
T7150 363:481.152 JLINK_IsHalted()
T7150 363:481.856 - 0.729ms returns FALSE
T7150 363:481.920 JLINK_IsHalted()
T7150 363:482.464 - 0.544ms returns FALSE
T9440 363:485.376 JLINK_IsHalted()
T9440 363:485.920 - 0.528ms returns FALSE
T9440 363:485.984 JLINK_IsHalted()
T9440 363:486.400 - 0.435ms returns FALSE
T7150 363:590.400 JLINK_IsHalted()
T7150 363:590.880 - 0.504ms returns FALSE
T7150 363:590.912 JLINK_IsHalted()
T7150 363:591.360 - 0.437ms returns FALSE
T7150 363:699.488 JLINK_IsHalted()
T7150 363:700.000 - 0.508ms returns FALSE
T7150 363:700.032 JLINK_IsHalted()
T7150 363:700.544 - 0.519ms returns FALSE
T7150 363:809.152 JLINK_IsHalted()
T7150 363:810.016 - 0.870ms returns FALSE
T7150 363:810.144 JLINK_IsHalted()
T7150 363:810.720 - 0.548ms returns FALSE
T7150 363:917.920 JLINK_IsHalted()
T7150 363:918.528 - 0.614ms returns FALSE
T7150 363:918.592 JLINK_IsHalted()
T7150 363:919.072 - 0.500ms returns FALSE
T7150 364:027.072 JLINK_IsHalted()
T7150 364:027.776 - 0.707ms returns FALSE
T7150 364:027.872 JLINK_IsHalted()
T7150 364:028.480 - 0.614ms returns FALSE
T7150 364:137.312 JLINK_IsHalted()
T7150 364:138.208 - 0.900ms returns FALSE
T7150 364:138.336 JLINK_IsHalted()
T7150 364:138.976 - 0.638ms returns FALSE
T7150 364:246.528 JLINK_IsHalted()
T7150 364:247.136 - 0.611ms returns FALSE
T7150 364:247.232 JLINK_IsHalted()
T7150 364:247.808 - 0.579ms returns FALSE
T7150 364:355.776 JLINK_IsHalted()
T7150 364:356.288 - 0.513ms returns FALSE
T7150 364:356.320 JLINK_IsHalted()
T7150 364:356.832 - 0.497ms returns FALSE
T7150 364:465.408 JLINK_IsHalted()
T7150 364:467.232 - 1.834ms returns FALSE
T7150 364:467.296 JLINK_IsHalted()
T7150 364:467.872 - 0.559ms returns FALSE
T9440 364:488.480 JLINK_IsHalted()
T9440 364:489.216 - 0.723ms returns FALSE
T9440 364:489.344 JLINK_IsHalted()
T9440 364:489.984 - 0.639ms returns FALSE
T7150 364:574.272 JLINK_IsHalted()
T7150 364:575.040 - 0.768ms returns FALSE
T7150 364:575.168 JLINK_IsHalted()
T7150 364:575.776 - 0.593ms returns FALSE
T7150 364:684.128 JLINK_IsHalted()
T7150 364:684.768 - 0.626ms returns FALSE
T7150 364:684.832 JLINK_IsHalted()
T7150 364:685.344 - 0.522ms returns FALSE
T7150 364:793.312 JLINK_IsHalted()
T7150 364:793.888 - 0.560ms returns FALSE
T7150 364:793.984 JLINK_IsHalted()
T7150 364:794.432 - 0.442ms returns FALSE
T7150 364:902.464 JLINK_IsHalted()
T7150 364:903.232 - 0.738ms returns FALSE
T7150 364:903.328 JLINK_IsHalted()
T7150 364:903.968 - 0.654ms returns FALSE
T7150 365:012.384 JLINK_IsHalted()
T7150 365:012.928 - 0.559ms returns FALSE
T7150 365:012.992 JLINK_IsHalted()
T7150 365:013.568 - 0.555ms returns FALSE
T7150 365:121.344 JLINK_IsHalted()
T7150 365:121.984 - 0.654ms returns FALSE
T7150 365:122.080 JLINK_IsHalted()
T7150 365:122.624 - 0.533ms returns FALSE
T7150 365:230.272 JLINK_IsHalted()
T7150 365:230.880 - 0.625ms returns FALSE
T7150 365:230.944 JLINK_IsHalted()
T7150 365:231.424 - 0.459ms returns FALSE
T7150 365:340.992 JLINK_IsHalted()
T7150 365:341.632 - 0.664ms returns FALSE
T7150 365:341.728 JLINK_IsHalted()
T7150 365:342.240 - 0.524ms returns FALSE
T7150 365:449.440 JLINK_IsHalted()
T7150 365:450.048 - 0.599ms returns FALSE
T7150 365:450.112 JLINK_IsHalted()
T7150 365:450.624 - 0.514ms returns FALSE
T9440 365:491.008 JLINK_IsHalted()
T9440 365:491.776 - 0.771ms returns FALSE
T9440 365:491.904 JLINK_IsHalted()
T9440 365:492.704 - 0.807ms returns FALSE
T7150 365:559.136 JLINK_IsHalted()
T7150 365:559.872 - 0.738ms returns FALSE
T7150 365:559.936 JLINK_IsHalted()
T7150 365:560.448 - 0.512ms returns FALSE
T7150 365:669.312 JLINK_IsHalted()
T7150 365:670.016 - 0.728ms returns FALSE
T7150 365:670.176 JLINK_IsHalted()
T7150 365:670.784 - 0.606ms returns FALSE
T7150 365:776.960 JLINK_IsHalted()
T7150 365:777.536 - 0.594ms returns FALSE
T7150 365:777.600 JLINK_IsHalted()
T7150 365:777.920 - 0.325ms returns FALSE
T7150 365:888.256 JLINK_IsHalted()
T7150 365:888.960 - 0.678ms returns FALSE
T7150 365:888.992 JLINK_IsHalted()
T7150 365:889.440 - 0.426ms returns FALSE
T7150 365:996.160 JLINK_IsHalted()
T7150 365:996.736 - 0.576ms returns FALSE
T7150 365:996.864 JLINK_IsHalted()
T7150 365:997.312 - 0.461ms returns FALSE
T7150 366:105.696 JLINK_IsHalted()
T7150 366:106.304 - 0.635ms returns FALSE
T7150 366:106.432 JLINK_IsHalted()
T7150 366:107.136 - 0.700ms returns FALSE
T7150 366:215.200 JLINK_IsHalted()
T7150 366:215.680 - 0.497ms returns FALSE
T7150 366:215.808 JLINK_IsHalted()
T7150 366:216.256 - 0.461ms returns FALSE
T7150 366:324.288 JLINK_IsHalted()
T7150 366:324.928 - 0.620ms returns FALSE
T7150 366:324.928 JLINK_IsHalted()
T7150 366:325.568 - 0.605ms returns FALSE
T7150 366:433.696 JLINK_IsHalted()
T7150 366:434.208 - 0.517ms returns FALSE
T7150 366:434.240 JLINK_IsHalted()
T7150 366:434.656 - 0.417ms returns FALSE
T9440 366:493.696 JLINK_IsHalted()
T9440 366:494.240 - 0.530ms returns FALSE
T9440 366:494.272 JLINK_IsHalted()
T9440 366:494.720 - 0.446ms returns FALSE
T7150 366:543.232 JLINK_IsHalted()
T7150 366:543.968 - 0.739ms returns FALSE
T7150 366:544.032 JLINK_IsHalted()
T7150 366:544.704 - 0.689ms returns FALSE
T7150 366:652.032 JLINK_IsHalted()
T7150 366:652.736 - 0.696ms returns FALSE
T7150 366:652.800 JLINK_IsHalted()
T7150 366:653.376 - 0.566ms returns FALSE
T7150 366:762.240 JLINK_IsHalted()
T7150 366:762.944 - 0.720ms returns FALSE
T7150 366:763.040 JLINK_IsHalted()
T7150 366:763.584 - 0.565ms returns FALSE
T7150 366:871.168 JLINK_IsHalted()
T7150 366:871.616 - 0.477ms returns FALSE
T7150 366:871.680 JLINK_IsHalted()
T7150 366:872.000 - 0.331ms returns FALSE
T7150 366:980.288 JLINK_IsHalted()
T7150 366:980.832 - 0.581ms returns FALSE
T7150 366:980.928 JLINK_IsHalted()
T7150 366:981.344 - 0.443ms returns FALSE
T7150 367:090.208 JLINK_IsHalted()
T7150 367:090.880 - 0.675ms returns FALSE
T7150 367:090.944 JLINK_IsHalted()
T7150 367:093.216 - 2.290ms returns FALSE
T7150 367:199.040 JLINK_IsHalted()
T7150 367:199.680 - 0.644ms returns FALSE
T7150 367:199.808 JLINK_IsHalted()
T7150 367:200.448 - 0.639ms returns FALSE
T7150 367:308.704 JLINK_IsHalted()
T7150 367:309.504 - 0.796ms returns FALSE
T7150 367:309.536 JLINK_IsHalted()
T7150 367:309.920 - 0.383ms returns FALSE
T7150 367:418.048 JLINK_IsHalted()
T7150 367:418.720 - 0.686ms returns FALSE
T7150 367:418.816 JLINK_IsHalted()
T7150 367:419.456 - 0.657ms returns FALSE
T9440 367:495.232 JLINK_IsHalted()
T9440 367:495.872 - 0.646ms returns FALSE
T9440 367:496.000 JLINK_IsHalted()
T9440 367:496.544 - 0.532ms returns FALSE
T7150 367:527.744 JLINK_IsHalted()
T7150 367:528.224 - 0.485ms returns FALSE
T7150 367:528.256 JLINK_IsHalted()
T7150 367:528.736 - 0.476ms returns FALSE
T7150 367:637.280 JLINK_IsHalted()
T7150 367:637.824 - 0.567ms returns FALSE
T7150 367:637.856 JLINK_IsHalted()
T7150 367:638.336 - 0.474ms returns FALSE
T7150 367:745.856 JLINK_IsHalted()
T7150 367:747.936 - 2.093ms returns FALSE
T7150 367:748.000 JLINK_IsHalted()
T7150 367:748.512 - 0.508ms returns FALSE
T7150 367:856.064 JLINK_IsHalted()
T7150 367:856.576 - 0.532ms returns FALSE
T7150 367:856.608 JLINK_IsHalted()
T7150 367:856.960 - 0.348ms returns FALSE
T7150 367:965.152 JLINK_IsHalted()
T7150 367:965.760 - 0.624ms returns FALSE
T7150 367:965.856 JLINK_IsHalted()
T7150 367:966.336 - 0.489ms returns FALSE
T7150 368:074.752 JLINK_IsHalted()
T7150 368:075.296 - 0.547ms returns FALSE
T7150 368:075.328 JLINK_IsHalted()
T7150 368:075.712 - 0.399ms returns FALSE
T7150 368:183.936 JLINK_IsHalted()
T7150 368:185.792 - 1.865ms returns FALSE
T7150 368:185.920 JLINK_IsHalted()
T7150 368:186.464 - 0.532ms returns FALSE
T7150 368:293.120 JLINK_IsHalted()
T7150 368:293.632 - 0.529ms returns FALSE
T7150 368:293.696 JLINK_IsHalted()
T7150 368:294.112 - 0.435ms returns FALSE
T7150 368:403.072 JLINK_IsHalted()
T7150 368:403.616 - 0.549ms returns FALSE
T7150 368:403.648 JLINK_IsHalted()
T7150 368:404.224 - 0.561ms returns FALSE
T9440 368:497.568 JLINK_IsHalted()
T9440 368:498.336 - 0.780ms returns FALSE
T9440 368:498.464 JLINK_IsHalted()
T9440 368:499.104 - 0.634ms returns FALSE
T7150 368:512.320 JLINK_IsHalted()
T7150 368:513.088 - 0.746ms returns FALSE
T7150 368:513.184 JLINK_IsHalted()
T7150 368:513.792 - 0.597ms returns FALSE
T7150 368:620.832 JLINK_IsHalted()
T7150 368:621.504 - 0.682ms returns FALSE
T7150 368:621.568 JLINK_IsHalted()
T7150 368:622.112 - 0.534ms returns FALSE
T7150 368:730.176 JLINK_IsHalted()
T7150 368:730.752 - 0.591ms returns FALSE
T7150 368:730.816 JLINK_IsHalted()
T7150 368:731.328 - 0.510ms returns FALSE
T7150 368:839.584 JLINK_IsHalted()
T7150 368:840.224 - 0.643ms returns FALSE
T7150 368:840.256 JLINK_IsHalted()
T7150 368:840.768 - 0.492ms returns FALSE
T7150 368:949.120 JLINK_IsHalted()
T7150 368:949.696 - 0.591ms returns FALSE
T7150 368:949.760 JLINK_IsHalted()
T7150 368:950.336 - 0.551ms returns FALSE
T7150 369:058.880 JLINK_IsHalted()
T7150 369:059.616 - 0.727ms returns FALSE
T7150 369:059.712 JLINK_IsHalted()
T7150 369:060.288 - 0.579ms returns FALSE
T7150 369:169.216 JLINK_IsHalted()
T7150 369:169.856 - 0.636ms returns FALSE
T7150 369:169.920 JLINK_IsHalted()
T7150 369:170.400 - 0.486ms returns FALSE
T7150 369:277.920 JLINK_IsHalted()
T7150 369:278.400 - 0.480ms returns FALSE
T7150 369:278.464 JLINK_IsHalted()
T7150 369:278.944 - 0.484ms returns FALSE
T7150 369:387.008 JLINK_IsHalted()
T7150 369:387.776 - 0.749ms returns FALSE
T7150 369:387.936 JLINK_IsHalted()
T7150 369:388.512 - 0.588ms returns FALSE
T7150 369:495.904 JLINK_IsHalted()
T7150 369:497.664 - 1.775ms returns FALSE
T7150 369:497.792 JLINK_IsHalted()
T7150 369:498.464 - 0.669ms returns FALSE
T9440 369:500.352 JLINK_IsHalted()
T9440 369:500.992 - 0.663ms returns FALSE
T9440 369:501.120 JLINK_IsHalted()
T9440 369:501.728 - 0.605ms returns FALSE
T7150 369:606.048 JLINK_IsHalted()
T7150 369:606.784 - 0.742ms returns FALSE
T7150 369:606.848 JLINK_IsHalted()
T7150 369:607.488 - 0.625ms returns FALSE
T7150 369:715.168 JLINK_IsHalted()
T7150 369:715.904 - 0.737ms returns FALSE
T7150 369:716.000 JLINK_IsHalted()
T7150 369:716.544 - 0.550ms returns FALSE
T7150 369:824.064 JLINK_IsHalted()
T7150 369:824.768 - 0.688ms returns FALSE
T7150 369:824.832 JLINK_IsHalted()
T7150 369:825.472 - 0.631ms returns FALSE
T7150 369:933.312 JLINK_IsHalted()
T7150 369:935.040 - 1.707ms returns FALSE
T7150 369:935.072 JLINK_IsHalted()
T7150 369:935.616 - 0.528ms returns FALSE
T7150 370:042.880 JLINK_IsHalted()
T7150 370:043.552 - 0.654ms returns FALSE
T7150 370:043.616 JLINK_IsHalted()
T7150 370:044.224 - 0.612ms returns FALSE
T7150 370:152.128 JLINK_IsHalted()
T7150 370:152.768 - 0.628ms returns FALSE
T7150 370:152.896 JLINK_IsHalted()
T7150 370:153.440 - 0.548ms returns FALSE
T7150 370:262.080 JLINK_IsHalted()
T7150 370:262.720 - 0.635ms returns FALSE
T7150 370:262.848 JLINK_IsHalted()
T7150 370:263.360 - 0.526ms returns FALSE
T7150 370:371.488 JLINK_IsHalted()
T7150 370:372.160 - 0.693ms returns FALSE
T7150 370:372.288 JLINK_IsHalted()
T7150 370:372.896 - 0.599ms returns FALSE
T7150 370:480.736 JLINK_IsHalted()
T7150 370:481.408 - 0.649ms returns FALSE
T7150 370:481.472 JLINK_IsHalted()
T7150 370:483.808 - 2.351ms returns FALSE
T9440 370:502.400 JLINK_IsHalted()
T9440 370:503.072 - 0.657ms returns FALSE
T9440 370:503.136 JLINK_IsHalted()
T9440 370:503.616 - 0.474ms returns FALSE
T7150 370:589.856 JLINK_IsHalted()
T7150 370:590.400 - 0.573ms returns FALSE
T7150 370:590.528 JLINK_IsHalted()
T7150 370:591.168 - 0.624ms returns FALSE
T7150 370:699.712 JLINK_IsHalted()
T7150 370:700.416 - 0.705ms returns FALSE
T7150 370:700.512 JLINK_IsHalted()
T7150 370:702.688 - 2.182ms returns FALSE
T7150 370:808.960 JLINK_IsHalted()
T7150 370:809.664 - 0.695ms returns FALSE
T7150 370:809.760 JLINK_IsHalted()
T7150 370:810.400 - 0.660ms returns FALSE
T7150 370:918.592 JLINK_IsHalted()
T7150 370:919.360 - 0.742ms returns FALSE
T7150 370:919.488 JLINK_IsHalted()
T7150 370:920.000 - 0.530ms returns FALSE
T7150 371:027.296 JLINK_IsHalted()
T7150 371:027.968 - 0.648ms returns FALSE
T7150 371:028.032 JLINK_IsHalted()
T7150 371:028.544 - 0.519ms returns FALSE
T7150 371:136.576 JLINK_IsHalted()
T7150 371:137.088 - 0.532ms returns FALSE
T7150 371:137.184 JLINK_IsHalted()
T7150 371:137.568 - 0.394ms returns FALSE
T7150 371:245.984 JLINK_IsHalted()
T7150 371:246.624 - 0.637ms returns FALSE
T7150 371:246.656 JLINK_IsHalted()
T7150 371:247.264 - 0.588ms returns FALSE
T7150 371:355.360 JLINK_IsHalted()
T7150 371:355.968 - 0.586ms returns FALSE
T7150 371:355.968 JLINK_IsHalted()
T7150 371:356.416 - 0.438ms returns FALSE
T7150 371:465.344 JLINK_IsHalted()
T7150 371:466.080 - 0.756ms returns FALSE
T7150 371:466.240 JLINK_IsHalted()
T7150 371:466.720 - 0.497ms returns FALSE
T9440 371:504.640 JLINK_IsHalted()
T9440 371:505.248 - 0.596ms returns FALSE
T9440 371:505.312 JLINK_IsHalted()
T9440 371:507.200 - 1.907ms returns FALSE
T7150 371:574.368 JLINK_IsHalted()
T7150 371:577.504 - 3.116ms returns FALSE
T7150 371:577.568 JLINK_IsHalted()
T7150 371:579.552 - 1.979ms returns FALSE
T7150 371:683.296 JLINK_IsHalted()
T7150 371:683.840 - 0.543ms returns FALSE
T7150 371:683.872 JLINK_IsHalted()
T7150 371:684.256 - 0.382ms returns FALSE
T7150 371:793.216 JLINK_IsHalted()
T7150 371:793.728 - 0.531ms returns FALSE
T7150 371:793.760 JLINK_IsHalted()
T7150 371:794.144 - 0.394ms returns FALSE
T7150 371:902.528 JLINK_IsHalted()
T7150 371:903.168 - 0.638ms returns FALSE
T7150 371:903.168 JLINK_IsHalted()
T7150 371:903.616 - 0.427ms returns FALSE
T7150 372:011.328 JLINK_IsHalted()
T7150 372:011.840 - 0.525ms returns FALSE
T7150 372:011.872 JLINK_IsHalted()
T7150 372:012.288 - 0.408ms returns FALSE
T7150 372:120.896 JLINK_IsHalted()
T7150 372:121.792 - 0.926ms returns FALSE
T7150 372:121.984 JLINK_IsHalted()
T7150 372:123.904 - 1.924ms returns FALSE
T7150 372:230.848 JLINK_IsHalted()
T7150 372:231.616 - 0.739ms returns FALSE
T7150 372:231.680 JLINK_IsHalted()
T7150 372:232.160 - 0.484ms returns FALSE
T7150 372:339.872 JLINK_IsHalted()
T7150 372:340.480 - 0.622ms returns FALSE
T7150 372:340.544 JLINK_IsHalted()
T7150 372:342.944 - 2.401ms returns FALSE
T7150 372:449.664 JLINK_IsHalted()
T7150 372:450.272 - 0.621ms returns FALSE
T7150 372:450.304 JLINK_IsHalted()
T7150 372:450.816 - 0.508ms returns FALSE
T9440 372:509.248 JLINK_IsHalted()
T9440 372:509.824 - 0.579ms returns FALSE
T9440 372:509.920 JLINK_IsHalted()
T9440 372:510.656 - 0.717ms returns FALSE
T7150 372:558.272 JLINK_IsHalted()
T7150 372:560.128 - 1.835ms returns FALSE
T7150 372:560.288 JLINK_IsHalted()
T7150 372:560.896 - 0.625ms returns FALSE
T7150 372:668.352 JLINK_IsHalted()
T7150 372:668.992 - 0.664ms returns FALSE
T7150 372:669.056 JLINK_IsHalted()
T7150 372:669.472 - 0.413ms returns FALSE
T7150 372:777.280 JLINK_IsHalted()
T7150 372:778.048 - 0.745ms returns FALSE
T7150 372:778.112 JLINK_IsHalted()
T7150 372:778.560 - 0.450ms returns FALSE
T7150 372:886.976 JLINK_IsHalted()
T7150 372:887.680 - 0.683ms returns FALSE
T7150 372:887.744 JLINK_IsHalted()
T7150 372:888.352 - 0.605ms returns FALSE
T7150 372:996.288 JLINK_IsHalted()
T7150 372:997.120 - 0.840ms returns FALSE
T7150 372:997.248 JLINK_IsHalted()
T7150 372:997.920 - 0.649ms returns FALSE
T7150 373:105.280 JLINK_IsHalted()
T7150 373:106.240 - 0.970ms returns FALSE
T7150 373:106.464 JLINK_IsHalted()
T7150 373:107.168 - 0.739ms returns FALSE
T7150 373:214.656 JLINK_IsHalted()
T7150 373:215.168 - 0.523ms returns FALSE
T7150 373:215.232 JLINK_IsHalted()
T7150 373:215.808 - 0.575ms returns FALSE
T7150 373:324.800 JLINK_IsHalted()
T7150 373:326.688 - 1.900ms returns FALSE
T7150 373:326.784 JLINK_IsHalted()
T7150 373:327.296 - 0.545ms returns FALSE
T7150 373:433.536 JLINK_IsHalted()
T7150 373:434.176 - 0.637ms returns FALSE
T7150 373:434.208 JLINK_IsHalted()
T7150 373:434.816 - 0.593ms returns FALSE
T9440 373:511.584 JLINK_IsHalted()
T9440 373:512.160 - 0.586ms returns FALSE
T9440 373:512.256 JLINK_IsHalted()
T9440 373:512.800 - 0.554ms returns FALSE
T7150 373:542.880 JLINK_IsHalted()
T7150 373:543.456 - 0.569ms returns FALSE
T7150 373:543.520 JLINK_IsHalted()
T7150 373:544.032 - 0.503ms returns FALSE
T7150 373:652.896 JLINK_IsHalted()
T7150 373:653.568 - 0.670ms returns FALSE
T7150 373:653.664 JLINK_IsHalted()
T7150 373:654.304 - 0.640ms returns FALSE
T7150 373:762.016 JLINK_IsHalted()
T7150 373:763.008 - 0.974ms returns FALSE
T7150 373:763.136 JLINK_IsHalted()
T7150 373:763.680 - 0.577ms returns FALSE
T7150 373:871.360 JLINK_IsHalted()
T7150 373:871.936 - 0.571ms returns FALSE
T7150 373:871.968 JLINK_IsHalted()
T7150 373:872.480 - 0.500ms returns FALSE
T7150 373:980.576 JLINK_IsHalted()
T7150 373:981.216 - 0.651ms returns FALSE
T7150 373:981.312 JLINK_IsHalted()
T7150 373:981.888 - 0.562ms returns FALSE
T7150 374:089.792 JLINK_IsHalted()
T7150 374:090.496 - 0.698ms returns FALSE
T7150 374:090.656 JLINK_IsHalted()
T7150 374:091.296 - 0.624ms returns FALSE
T7150 374:199.776 JLINK_IsHalted()
T7150 374:200.384 - 0.603ms returns FALSE
T7150 374:200.480 JLINK_IsHalted()
T7150 374:201.056 - 0.594ms returns FALSE
T7150 374:308.416 JLINK_IsHalted()
T7150 374:309.280 - 0.849ms returns FALSE
T7150 374:309.344 JLINK_IsHalted()
T7150 374:312.000 - 2.629ms returns FALSE
T7150 374:418.112 JLINK_IsHalted()
T7150 374:418.880 - 0.741ms returns FALSE
T7150 374:418.912 JLINK_IsHalted()
T7150 374:419.360 - 0.449ms returns FALSE
T9440 374:513.952 JLINK_IsHalted()
T9440 374:514.720 - 0.767ms returns FALSE
T9440 374:514.752 JLINK_IsHalted()
T9440 374:515.232 - 0.464ms returns FALSE
T7150 374:527.456 JLINK_IsHalted()
T7150 374:528.032 - 0.546ms returns FALSE
T7150 374:528.064 JLINK_IsHalted()
T7150 374:528.576 - 0.495ms returns FALSE
T7150 374:636.608 JLINK_IsHalted()
T7150 374:637.280 - 0.697ms returns FALSE
T7150 374:637.376 JLINK_IsHalted()
T7150 374:637.984 - 0.589ms returns FALSE
T7150 374:746.432 JLINK_IsHalted()
T7150 374:747.072 - 0.671ms returns FALSE
T7150 374:747.136 JLINK_IsHalted()
T7150 374:747.584 - 0.425ms returns FALSE
T7150 374:855.360 JLINK_IsHalted()
T7150 374:855.904 - 0.547ms returns FALSE
T7150 374:855.936 JLINK_IsHalted()
T7150 374:856.352 - 0.418ms returns FALSE
T7150 374:965.344 JLINK_IsHalted()
T7150 374:965.824 - 0.485ms returns FALSE
T7150 374:966.016 JLINK_IsHalted()
T7150 374:966.432 - 0.401ms returns FALSE
T7150 375:074.240 JLINK_IsHalted()
T7150 375:074.816 - 0.554ms returns FALSE
T7150 375:074.848 JLINK_IsHalted()
T7150 375:075.232 - 0.390ms returns FALSE
T7150 375:183.296 JLINK_IsHalted()
T7150 375:183.744 - 0.460ms returns FALSE
T7150 375:183.808 JLINK_IsHalted()
T7150 375:184.192 - 0.380ms returns FALSE
T7150 375:293.376 JLINK_IsHalted()
T7150 375:293.920 - 0.552ms returns FALSE
T7150 375:293.984 JLINK_IsHalted()
T7150 375:294.400 - 0.456ms returns FALSE
T7150 375:402.400 JLINK_IsHalted()
T7150 375:402.912 - 0.502ms returns FALSE
T7150 375:402.944 JLINK_IsHalted()
T7150 375:403.296 - 0.363ms returns FALSE
T7150 375:511.424 JLINK_IsHalted()
T7150 375:512.192 - 0.781ms returns FALSE
T7150 375:512.320 JLINK_IsHalted()
T7150 375:512.992 - 0.667ms returns FALSE
T9440 375:516.096 JLINK_IsHalted()
T9440 375:518.336 - 2.247ms returns FALSE
T9440 375:518.496 JLINK_IsHalted()
T9440 375:519.040 - 0.547ms returns FALSE
T7150 375:622.560 JLINK_IsHalted()
T7150 375:622.976 - 0.439ms returns FALSE
T7150 375:623.040 JLINK_IsHalted()
T7150 375:623.456 - 0.398ms returns FALSE
T7150 375:730.112 JLINK_IsHalted()
T7150 375:730.624 - 0.509ms returns FALSE
T7150 375:730.656 JLINK_IsHalted()
T7150 375:731.040 - 0.373ms returns FALSE
T7150 375:840.128 JLINK_IsHalted()
T7150 375:842.688 - 2.560ms returns FALSE
T7150 375:842.720 JLINK_IsHalted()
T7150 375:843.168 - 0.449ms returns FALSE
T7150 375:949.056 JLINK_IsHalted()
T7150 375:949.600 - 0.538ms returns FALSE
T7150 375:949.664 JLINK_IsHalted()
T7150 375:950.016 - 0.370ms returns FALSE
T7150 376:058.944 JLINK_IsHalted()
T7150 376:059.328 - 0.388ms returns FALSE
T7150 376:059.328 JLINK_IsHalted()
T7150 376:059.712 - 0.354ms returns FALSE
T7150 376:167.968 JLINK_IsHalted()
T7150 376:168.672 - 0.710ms returns FALSE
T7150 376:168.768 JLINK_IsHalted()
T7150 376:169.312 - 0.549ms returns FALSE
T7150 376:277.952 JLINK_IsHalted()
T7150 376:278.592 - 0.643ms returns FALSE
T7150 376:278.656 JLINK_IsHalted()
T7150 376:279.040 - 0.379ms returns FALSE
T7150 376:387.776 JLINK_IsHalted()
T7150 376:388.256 - 0.446ms returns FALSE
T7150 376:388.288 JLINK_IsHalted()
T7150 376:388.576 - 0.314ms returns FALSE
T7150 376:496.064 JLINK_IsHalted()
T7150 376:498.016 - 1.965ms returns FALSE
T7150 376:498.112 JLINK_IsHalted()
T7150 376:498.496 - 0.403ms returns FALSE
T9440 376:519.744 JLINK_IsHalted()
T9440 376:520.352 - 0.601ms returns FALSE
T9440 376:520.416 JLINK_IsHalted()
T9440 376:520.800 - 0.369ms returns FALSE
T7150 376:605.888 JLINK_IsHalted()
T7150 376:606.528 - 0.647ms returns FALSE
T7150 376:606.592 JLINK_IsHalted()
T7150 376:607.072 - 0.474ms returns FALSE
T7150 376:715.200 JLINK_IsHalted()
T7150 376:715.744 - 0.536ms returns FALSE
T7150 376:715.776 JLINK_IsHalted()
T7150 376:716.224 - 0.449ms returns FALSE
T7150 376:823.840 JLINK_IsHalted()
T7150 376:824.224 - 0.373ms returns FALSE
T7150 376:824.256 JLINK_IsHalted()
T7150 376:824.512 - 0.260ms returns FALSE
T7150 376:933.760 JLINK_IsHalted()
T7150 376:934.272 - 0.493ms returns FALSE
T7150 376:934.304 JLINK_IsHalted()
T7150 376:934.656 - 0.364ms returns FALSE
T7150 377:043.424 JLINK_IsHalted()
T7150 377:044.064 - 0.622ms returns FALSE
T7150 377:044.096 JLINK_IsHalted()
T7150 377:044.544 - 0.451ms returns FALSE
T7150 377:152.288 JLINK_IsHalted()
T7150 377:152.864 - 0.571ms returns FALSE
T7150 377:152.928 JLINK_IsHalted()
T7150 377:153.280 - 0.370ms returns FALSE
T7150 377:262.240 JLINK_IsHalted()
T7150 377:262.656 - 0.406ms returns FALSE
T7150 377:262.656 JLINK_IsHalted()
T7150 377:262.976 - 0.293ms returns FALSE
T7150 377:371.456 JLINK_IsHalted()
T7150 377:372.096 - 0.669ms returns FALSE
T7150 377:372.256 JLINK_IsHalted()
T7150 377:372.896 - 0.625ms returns FALSE
T7150 377:480.768 JLINK_IsHalted()
T7150 377:481.408 - 0.617ms returns FALSE
T7150 377:481.472 JLINK_IsHalted()
T7150 377:482.080 - 0.611ms returns FALSE
T9440 377:521.472 JLINK_IsHalted()
T9440 377:522.144 - 0.664ms returns FALSE
T9440 377:522.272 JLINK_IsHalted()
T9440 377:522.880 - 0.584ms returns FALSE
T7150 377:589.952 JLINK_IsHalted()
T7150 377:590.528 - 0.594ms returns FALSE
T7150 377:590.560 JLINK_IsHalted()
T7150 377:591.104 - 0.517ms returns FALSE
T7150 377:698.944 JLINK_IsHalted()
T7150 377:699.616 - 0.661ms returns FALSE
T7150 377:699.744 JLINK_IsHalted()
T7150 377:700.288 - 0.550ms returns FALSE
T7150 377:808.960 JLINK_IsHalted()
T7150 377:809.408 - 0.453ms returns FALSE
T7150 377:809.472 JLINK_IsHalted()
T7150 377:809.792 - 0.316ms returns FALSE
T7150 377:917.856 JLINK_IsHalted()
T7150 377:918.400 - 0.574ms returns FALSE
T7150 377:918.464 JLINK_IsHalted()
T7150 377:918.912 - 0.442ms returns FALSE
T7150 378:027.808 JLINK_IsHalted()
T7150 378:028.352 - 0.575ms returns FALSE
T7150 378:028.384 JLINK_IsHalted()
T7150 378:028.832 - 0.442ms returns FALSE
T7150 378:138.016 JLINK_IsHalted()
T7150 378:138.976 - 0.957ms returns FALSE
T7150 378:139.072 JLINK_IsHalted()
T7150 378:141.728 - 2.643ms returns FALSE
T7150 378:245.824 JLINK_IsHalted()
T7150 378:246.688 - 0.827ms returns FALSE
T7150 378:246.784 JLINK_IsHalted()
T7150 378:247.392 - 0.601ms returns FALSE
T7150 378:355.424 JLINK_IsHalted()
T7150 378:356.288 - 0.844ms returns FALSE
T7150 378:356.384 JLINK_IsHalted()
T7150 378:356.960 - 0.583ms returns FALSE
T7150 378:465.088 JLINK_IsHalted()
T7150 378:465.568 - 0.469ms returns FALSE
T7150 378:465.600 JLINK_IsHalted()
T7150 378:466.048 - 0.460ms returns FALSE
T9440 378:524.480 JLINK_IsHalted()
T9440 378:525.056 - 0.591ms returns FALSE
T9440 378:525.152 JLINK_IsHalted()
T9440 378:525.632 - 0.490ms returns FALSE
T7150 378:573.952 JLINK_IsHalted()
T7150 378:574.656 - 0.673ms returns FALSE
T7150 378:574.720 JLINK_IsHalted()
T7150 378:575.168 - 0.428ms returns FALSE
T7150 378:683.680 JLINK_IsHalted()
T7150 378:684.448 - 0.778ms returns FALSE
T7150 378:684.608 JLINK_IsHalted()
T7150 378:685.120 - 0.531ms returns FALSE
T7150 378:792.768 JLINK_IsHalted()
T7150 378:793.280 - 0.488ms returns FALSE
T7150 378:793.280 JLINK_IsHalted()
T7150 378:793.696 - 0.385ms returns FALSE
T7150 378:901.952 JLINK_IsHalted()
T7150 378:902.528 - 0.576ms returns FALSE
T7150 378:902.560 JLINK_IsHalted()
T7150 378:902.976 - 0.449ms returns FALSE
T7150 379:012.096 JLINK_IsHalted()
T7150 379:012.736 - 0.632ms returns FALSE
T7150 379:012.864 JLINK_IsHalted()
T7150 379:013.440 - 0.550ms returns FALSE
T7150 379:120.960 JLINK_IsHalted()
T7150 379:121.632 - 0.661ms returns FALSE
T7150 379:121.728 JLINK_IsHalted()
T7150 379:122.208 - 0.469ms returns FALSE
T7150 379:230.624 JLINK_IsHalted()
T7150 379:231.328 - 0.702ms returns FALSE
T7150 379:231.424 JLINK_IsHalted()
T7150 379:234.080 - 2.661ms returns FALSE
T7150 379:340.352 JLINK_IsHalted()
T7150 379:340.928 - 0.586ms returns FALSE
T7150 379:340.992 JLINK_IsHalted()
T7150 379:341.408 - 0.423ms returns FALSE
T7150 379:448.960 JLINK_IsHalted()
T7150 379:449.600 - 0.637ms returns FALSE
T7150 379:449.664 JLINK_IsHalted()
T7150 379:450.176 - 0.508ms returns FALSE
T9440 379:526.752 JLINK_IsHalted()
T9440 379:527.296 - 0.540ms returns FALSE
T9440 379:527.360 JLINK_IsHalted()
T9440 379:527.776 - 0.404ms returns FALSE
T7150 379:559.200 JLINK_IsHalted()
T7150 379:559.840 - 0.637ms returns FALSE
T7150 379:559.904 JLINK_IsHalted()
T7150 379:560.512 - 0.583ms returns FALSE
T7150 379:667.808 JLINK_IsHalted()
T7150 379:668.704 - 0.911ms returns FALSE
T7150 379:668.800 JLINK_IsHalted()
T7150 379:669.312 - 0.523ms returns FALSE
T7150 379:777.696 JLINK_IsHalted()
T7150 379:778.240 - 0.556ms returns FALSE
T7150 379:778.368 JLINK_IsHalted()
T7150 379:778.912 - 0.582ms returns FALSE
T7150 379:887.808 JLINK_IsHalted()
T7150 379:888.256 - 0.457ms returns FALSE
T7150 379:888.320 JLINK_IsHalted()
T7150 379:888.672 - 0.368ms returns FALSE
T7150 379:996.640 JLINK_IsHalted()
T7150 379:997.056 - 0.407ms returns FALSE
T7150 379:997.120 JLINK_IsHalted()
T7150 379:997.472 - 0.357ms returns FALSE
T7150 380:106.048 JLINK_IsHalted()
T7150 380:106.560 - 0.557ms returns FALSE
T7150 380:106.656 JLINK_IsHalted()
T7150 380:107.072 - 0.434ms returns FALSE
T7150 380:215.232 JLINK_IsHalted()
T7150 380:215.904 - 0.676ms returns FALSE
T7150 380:215.968 JLINK_IsHalted()
T7150 380:216.448 - 0.486ms returns FALSE
T7150 380:323.904 JLINK_IsHalted()
T7150 380:324.672 - 0.772ms returns FALSE
T7150 380:324.768 JLINK_IsHalted()
T7150 380:325.376 - 0.617ms returns FALSE
T7150 380:433.792 JLINK_IsHalted()
T7150 380:434.336 - 0.538ms returns FALSE
T7150 380:434.400 JLINK_IsHalted()
T7150 380:434.784 - 0.385ms returns FALSE
T9440 380:528.672 JLINK_IsHalted()
T9440 380:529.280 - 0.609ms returns FALSE
T9440 380:529.344 JLINK_IsHalted()
T9440 380:529.792 - 0.417ms returns FALSE
T7150 380:542.624 JLINK_IsHalted()
T7150 380:543.104 - 0.492ms returns FALSE
T7150 380:543.136 JLINK_IsHalted()
T7150 380:543.520 - 0.377ms returns FALSE
T7150 380:652.544 JLINK_IsHalted()
T7150 380:652.992 - 0.420ms returns FALSE
T7150 380:653.024 JLINK_IsHalted()
T7150 380:653.440 - 0.380ms returns FALSE
T7150 380:761.472 JLINK_IsHalted()
T7150 380:766.432 - 4.976ms returns FALSE
T7150 380:766.528 JLINK_IsHalted()
T7150 380:772.416 - 5.850ms returns FALSE
T7150 380:870.848 JLINK_IsHalted()
T7150 380:871.232 - 0.387ms returns FALSE
T7150 380:871.264 JLINK_IsHalted()
T7150 380:871.648 - 0.382ms returns FALSE
T7150 380:980.128 JLINK_IsHalted()
T7150 380:980.544 - 0.447ms returns FALSE
T7150 380:980.640 JLINK_IsHalted()
T7150 380:980.960 - 0.340ms returns FALSE
T7150 381:090.240 JLINK_IsHalted()
T7150 381:090.848 - 0.618ms returns FALSE
T7150 381:090.944 JLINK_IsHalted()
T7150 381:091.520 - 0.547ms returns FALSE
T7150 381:199.456 JLINK_IsHalted()
T7150 381:201.280 - 1.813ms returns FALSE
T7150 381:201.472 JLINK_IsHalted()
T7150 381:202.112 - 0.637ms returns FALSE
T7150 381:308.672 JLINK_IsHalted()
T7150 381:311.136 - 2.450ms returns FALSE
T7150 381:311.168 JLINK_IsHalted()
T7150 381:311.648 - 0.453ms returns FALSE
T7150 381:418.496 JLINK_IsHalted()
T7150 381:419.040 - 0.536ms returns FALSE
T7150 381:419.104 JLINK_IsHalted()
T7150 381:419.552 - 0.429ms returns FALSE
T7150 381:527.648 JLINK_IsHalted()
T7150 381:528.416 - 0.781ms returns FALSE
T7150 381:528.480 JLINK_IsHalted()
T7150 381:528.896 - 0.446ms returns FALSE
T9440 381:530.720 JLINK_IsHalted()
T9440 381:531.168 - 0.434ms returns FALSE
T9440 381:531.200 JLINK_IsHalted()
T9440 381:531.648 - 0.434ms returns FALSE
T7150 381:636.672 JLINK_IsHalted()
T7150 381:638.688 - 2.010ms returns FALSE
T7150 381:638.720 JLINK_IsHalted()
T7150 381:639.200 - 0.491ms returns FALSE
T7150 381:746.400 JLINK_IsHalted()
T7150 381:747.008 - 0.622ms returns FALSE
T7150 381:747.104 JLINK_IsHalted()
T7150 381:747.616 - 0.491ms returns FALSE
T7150 381:856.096 JLINK_IsHalted()
T7150 381:856.704 - 0.601ms returns FALSE
T7150 381:856.736 JLINK_IsHalted()
T7150 381:857.216 - 0.493ms returns FALSE
T7150 381:965.120 JLINK_IsHalted()
T7150 381:965.824 - 0.682ms returns FALSE
T7150 381:965.952 JLINK_IsHalted()
T7150 381:966.400 - 0.446ms returns FALSE
T7150 382:074.016 JLINK_IsHalted()
T7150 382:074.656 - 0.661ms returns FALSE
T7150 382:074.720 JLINK_IsHalted()
T7150 382:075.328 - 0.610ms returns FALSE
T7150 382:183.552 JLINK_IsHalted()
T7150 382:184.320 - 0.746ms returns FALSE
T7150 382:184.384 JLINK_IsHalted()
T7150 382:184.864 - 0.446ms returns FALSE
T7150 382:293.056 JLINK_IsHalted()
T7150 382:293.728 - 0.660ms returns FALSE
T7150 382:293.824 JLINK_IsHalted()
T7150 382:294.400 - 0.592ms returns FALSE
T7150 382:402.080 JLINK_IsHalted()
T7150 382:402.528 - 0.459ms returns FALSE
T7150 382:402.624 JLINK_IsHalted()
T7150 382:403.072 - 0.457ms returns FALSE
T7150 382:511.712 JLINK_IsHalted()
T7150 382:512.352 - 0.642ms returns FALSE
T7150 382:512.416 JLINK_IsHalted()
T7150 382:512.800 - 0.384ms returns FALSE
T9440 382:532.224 JLINK_IsHalted()
T9440 382:532.800 - 0.601ms returns FALSE
T9440 382:532.928 JLINK_IsHalted()
T9440 382:533.824 - 0.912ms returns FALSE
T7150 382:620.896 JLINK_IsHalted()
T7150 382:621.504 - 0.591ms returns FALSE
T7150 382:621.536 JLINK_IsHalted()
T7150 382:622.144 - 0.605ms returns FALSE
T7150 382:730.848 JLINK_IsHalted()
T7150 382:731.456 - 0.614ms returns FALSE
T7150 382:731.552 JLINK_IsHalted()
T7150 382:732.160 - 0.630ms returns FALSE
T7150 382:840.512 JLINK_IsHalted()
T7150 382:842.432 - 1.940ms returns FALSE
T7150 382:842.560 JLINK_IsHalted()
T7150 382:843.200 - 0.623ms returns FALSE
T7150 382:949.952 JLINK_IsHalted()
T7150 382:950.528 - 0.592ms returns FALSE
T7150 382:950.624 JLINK_IsHalted()
T7150 382:951.104 - 0.470ms returns FALSE
T7150 383:059.104 JLINK_IsHalted()
T7150 383:059.648 - 0.561ms returns FALSE
T7150 383:059.712 JLINK_IsHalted()
T7150 383:060.032 - 0.323ms returns FALSE
T7150 383:168.064 JLINK_IsHalted()
T7150 383:168.832 - 0.796ms returns FALSE
T7150 383:168.960 JLINK_IsHalted()
T7150 383:169.472 - 0.513ms returns FALSE
T7150 383:277.504 JLINK_IsHalted()
T7150 383:277.952 - 0.461ms returns FALSE
T7150 383:278.016 JLINK_IsHalted()
T7150 383:278.368 - 0.370ms returns FALSE
T7150 383:386.592 JLINK_IsHalted()
T7150 383:387.072 - 0.492ms returns FALSE
T7150 383:387.168 JLINK_IsHalted()
T7150 383:387.552 - 0.399ms returns FALSE
T7150 383:496.160 JLINK_IsHalted()
T7150 383:496.576 - 0.409ms returns FALSE
T7150 383:496.608 JLINK_IsHalted()
T7150 383:496.928 - 0.324ms returns FALSE
T9440 383:534.912 JLINK_IsHalted()
T9440 383:535.552 - 0.652ms returns FALSE
T9440 383:535.616 JLINK_IsHalted()
T9440 383:536.096 - 0.488ms returns FALSE
T7150 383:605.984 JLINK_IsHalted()
T7150 383:606.720 - 0.735ms returns FALSE
T7150 383:606.816 JLINK_IsHalted()
T7150 383:607.296 - 0.499ms returns FALSE
T7150 383:714.976 JLINK_IsHalted()
T7150 383:715.488 - 0.524ms returns FALSE
T7150 383:715.552 JLINK_IsHalted()
T7150 383:716.000 - 0.426ms returns FALSE
T7150 383:824.000 JLINK_IsHalted()
T7150 383:824.480 - 0.496ms returns FALSE
T7150 383:824.512 JLINK_IsHalted()
T7150 383:824.992 - 0.477ms returns FALSE
T7150 383:933.248 JLINK_IsHalted()
T7150 383:933.792 - 0.525ms returns FALSE
T7150 383:933.824 JLINK_IsHalted()
T7150 383:934.240 - 0.403ms returns FALSE
T7150 384:043.520 JLINK_IsHalted()
T7150 384:044.032 - 0.527ms returns FALSE
T7150 384:044.096 JLINK_IsHalted()
T7150 384:044.480 - 0.400ms returns FALSE
T7150 384:152.128 JLINK_IsHalted()
T7150 384:152.576 - 0.460ms returns FALSE
T7150 384:152.608 JLINK_IsHalted()
T7150 384:152.928 - 0.327ms returns FALSE
T7150 384:262.208 JLINK_IsHalted()
T7150 384:262.752 - 0.534ms returns FALSE
T7150 384:262.784 JLINK_IsHalted()
T7150 384:263.232 - 0.435ms returns FALSE
T7150 384:371.488 JLINK_IsHalted()
T7150 384:372.064 - 0.595ms returns FALSE
T7150 384:372.096 JLINK_IsHalted()
T7150 384:372.416 - 0.324ms returns FALSE
T7150 384:480.448 JLINK_IsHalted()
T7150 384:482.048 - 1.624ms returns FALSE
T7150 384:482.080 JLINK_IsHalted()
T7150 384:482.592 - 0.494ms returns FALSE
T9440 384:537.472 JLINK_IsHalted()
T9440 384:537.952 - 0.484ms returns FALSE
T9440 384:538.016 JLINK_IsHalted()
T9440 384:538.336 - 0.334ms returns FALSE
T7150 384:590.272 JLINK_IsHalted()
T7150 384:590.912 - 0.642ms returns FALSE
T7150 384:590.976 JLINK_IsHalted()
T7150 384:591.360 - 0.402ms returns FALSE
T7150 384:699.456 JLINK_IsHalted()
T7150 384:699.968 - 0.529ms returns FALSE
T7150 384:700.000 JLINK_IsHalted()
T7150 384:700.416 - 0.406ms returns FALSE
T7150 384:808.480 JLINK_IsHalted()
T7150 384:809.184 - 0.731ms returns FALSE
T7150 384:809.248 JLINK_IsHalted()
T7150 384:809.664 - 0.434ms returns FALSE
T7150 384:917.696 JLINK_IsHalted()
T7150 384:919.744 - 2.058ms returns FALSE
T7150 384:919.840 JLINK_IsHalted()
T7150 384:920.352 - 0.503ms returns FALSE
T7150 385:027.424 JLINK_IsHalted()
T7150 385:027.872 - 0.415ms returns FALSE
T7150 385:027.904 JLINK_IsHalted()
T7150 385:028.192 - 0.307ms returns FALSE
T7150 385:137.184 JLINK_IsHalted()
T7150 385:137.664 - 0.494ms returns FALSE
T7150 385:137.696 JLINK_IsHalted()
T7150 385:137.984 - 0.310ms returns FALSE
T7150 385:245.792 JLINK_IsHalted()
T7150 385:246.528 - 0.708ms returns FALSE
T7150 385:246.592 JLINK_IsHalted()
T7150 385:247.104 - 0.520ms returns FALSE
T7150 385:355.264 JLINK_IsHalted()
T7150 385:355.968 - 0.692ms returns FALSE
T7150 385:356.032 JLINK_IsHalted()
T7150 385:356.480 - 0.459ms returns FALSE
T7150 385:465.024 JLINK_IsHalted()
T7150 385:465.696 - 0.706ms returns FALSE
T7150 385:465.792 JLINK_IsHalted()
T7150 385:466.336 - 0.550ms returns FALSE
T9440 385:539.552 JLINK_IsHalted()
T9440 385:540.096 - 0.531ms returns FALSE
T9440 385:540.160 JLINK_IsHalted()
T9440 385:540.544 - 0.383ms returns FALSE
T7150 385:574.720 JLINK_IsHalted()
T7150 385:575.232 - 0.515ms returns FALSE
T7150 385:575.328 JLINK_IsHalted()
T7150 385:575.872 - 0.541ms returns FALSE
T7150 385:683.552 JLINK_IsHalted()
T7150 385:684.032 - 0.491ms returns FALSE
T7150 385:684.064 JLINK_IsHalted()
T7150 385:684.416 - 0.346ms returns FALSE
T7150 385:793.248 JLINK_IsHalted()
T7150 385:793.888 - 0.633ms returns FALSE
T7150 385:793.952 JLINK_IsHalted()
T7150 385:794.368 - 0.404ms returns FALSE
T7150 385:902.016 JLINK_IsHalted()
T7150 385:902.528 - 0.497ms returns FALSE
T7150 385:902.592 JLINK_IsHalted()
T7150 385:903.040 - 0.460ms returns FALSE
T7150 386:011.776 JLINK_IsHalted()
T7150 386:012.544 - 0.761ms returns FALSE
T7150 386:012.608 JLINK_IsHalted()
T7150 386:013.120 - 0.510ms returns FALSE
T7150 386:121.248 JLINK_IsHalted()
T7150 386:121.792 - 0.530ms returns FALSE
T7150 386:121.824 JLINK_IsHalted()
T7150 386:122.304 - 0.498ms returns FALSE
T7150 386:230.976 JLINK_IsHalted()
T7150 386:231.520 - 0.548ms returns FALSE
T7150 386:231.552 JLINK_IsHalted()
T7150 386:232.096 - 0.521ms returns FALSE
T7150 386:340.352 JLINK_IsHalted()
T7150 386:342.144 - 1.792ms returns FALSE
T7150 386:342.272 JLINK_IsHalted()
T7150 386:342.816 - 0.554ms returns FALSE
T7150 386:449.472 JLINK_IsHalted()
T7150 386:450.176 - 0.686ms returns FALSE
T7150 386:450.240 JLINK_IsHalted()
T7150 386:450.880 - 0.637ms returns FALSE
T9440 386:540.608 JLINK_IsHalted()
T9440 386:541.120 - 0.488ms returns FALSE
T9440 386:541.120 JLINK_IsHalted()
T9440 386:541.504 - 0.397ms returns FALSE
T7150 386:558.208 JLINK_IsHalted()
T7150 386:558.688 - 0.490ms returns FALSE
T7150 386:558.752 JLINK_IsHalted()
T7150 386:559.168 - 0.410ms returns FALSE
T7150 386:668.224 JLINK_IsHalted()
T7150 386:668.832 - 0.585ms returns FALSE
T7150 386:668.864 JLINK_IsHalted()
T7150 386:669.216 - 0.370ms returns FALSE
T7150 386:777.088 JLINK_IsHalted()
T7150 386:779.296 - 2.197ms returns FALSE
T7150 386:779.328 JLINK_IsHalted()
T7150 386:779.840 - 0.536ms returns FALSE
T7150 386:887.680 JLINK_IsHalted()
T7150 386:888.576 - 0.898ms returns FALSE
T7150 386:888.736 JLINK_IsHalted()
T7150 386:889.376 - 0.643ms returns FALSE
T7150 386:995.968 JLINK_IsHalted()
T7150 386:996.448 - 0.487ms returns FALSE
T7150 386:996.544 JLINK_IsHalted()
T7150 386:996.896 - 0.361ms returns FALSE
T7150 387:105.248 JLINK_IsHalted()
T7150 387:105.952 - 0.710ms returns FALSE
T7150 387:106.016 JLINK_IsHalted()
T7150 387:106.592 - 0.549ms returns FALSE
T7150 387:214.880 JLINK_IsHalted()
T7150 387:215.552 - 0.651ms returns FALSE
T7150 387:215.584 JLINK_IsHalted()
T7150 387:216.064 - 0.502ms returns FALSE
T7150 387:324.128 JLINK_IsHalted()
T7150 387:324.640 - 0.503ms returns FALSE
T7150 387:324.672 JLINK_IsHalted()
T7150 387:324.992 - 0.294ms returns FALSE
T7150 387:433.792 JLINK_IsHalted()
T7150 387:434.400 - 0.599ms returns FALSE
T7150 387:434.432 JLINK_IsHalted()
T7150 387:434.976 - 0.545ms returns FALSE
T9440 387:542.656 JLINK_IsHalted()
T9440 387:543.296 - 0.631ms returns FALSE
T9440 387:543.392 JLINK_IsHalted()
T9440 387:543.936 - 0.536ms returns FALSE
T7150 387:544.096 JLINK_IsHalted()
T7150 387:544.512 - 0.432ms returns FALSE
T7150 387:544.576 JLINK_IsHalted()
T7150 387:544.992 - 0.397ms returns FALSE
T7150 387:652.704 JLINK_IsHalted()
T7150 387:653.504 - 0.799ms returns FALSE
T7150 387:653.760 JLINK_IsHalted()
T7150 387:654.336 - 0.559ms returns FALSE
T7150 387:762.240 JLINK_IsHalted()
T7150 387:762.752 - 0.486ms returns FALSE
T7150 387:762.784 JLINK_IsHalted()
T7150 387:763.136 - 0.342ms returns FALSE
T7150 387:871.552 JLINK_IsHalted()
T7150 387:872.224 - 0.675ms returns FALSE
T7150 387:872.320 JLINK_IsHalted()
T7150 387:872.896 - 0.572ms returns FALSE
T7150 387:980.224 JLINK_IsHalted()
T7150 387:980.768 - 0.533ms returns FALSE
T7150 387:980.832 JLINK_IsHalted()
T7150 387:981.248 - 0.408ms returns FALSE
T7150 388:089.856 JLINK_IsHalted()
T7150 388:090.368 - 0.525ms returns FALSE
T7150 388:090.400 JLINK_IsHalted()
T7150 388:090.848 - 0.447ms returns FALSE
T7150 388:199.424 JLINK_IsHalted()
T7150 388:199.968 - 0.543ms returns FALSE
T7150 388:200.000 JLINK_IsHalted()
T7150 388:200.384 - 0.419ms returns FALSE
T7150 388:309.056 JLINK_IsHalted()
T7150 388:309.696 - 0.609ms returns FALSE
T7150 388:309.728 JLINK_IsHalted()
T7150 388:310.208 - 0.490ms returns FALSE
T7150 388:417.632 JLINK_IsHalted()
T7150 388:418.016 - 0.393ms returns FALSE
T7150 388:418.112 JLINK_IsHalted()
T7150 388:418.432 - 0.338ms returns FALSE
T7150 388:528.032 JLINK_IsHalted()
T7150 388:528.768 - 0.752ms returns FALSE
T7150 388:528.864 JLINK_IsHalted()
T7150 388:529.440 - 0.558ms returns FALSE
T9440 388:545.984 JLINK_IsHalted()
T9440 388:546.464 - 0.481ms returns FALSE
T9440 388:546.592 JLINK_IsHalted()
T9440 388:547.040 - 0.472ms returns FALSE
T7150 388:637.152 JLINK_IsHalted()
T7150 388:637.824 - 0.660ms returns FALSE
T7150 388:637.888 JLINK_IsHalted()
T7150 388:638.272 - 0.386ms returns FALSE
T7150 388:745.760 JLINK_IsHalted()
T7150 388:746.304 - 0.527ms returns FALSE
T7150 388:746.336 JLINK_IsHalted()
T7150 388:746.752 - 0.421ms returns FALSE
T7150 388:855.872 JLINK_IsHalted()
T7150 388:856.320 - 0.451ms returns FALSE
T7150 388:856.384 JLINK_IsHalted()
T7150 388:856.768 - 0.408ms returns FALSE
T7150 388:964.544 JLINK_IsHalted()
T7150 388:965.056 - 0.468ms returns FALSE
T7150 388:965.056 JLINK_IsHalted()
T7150 388:965.568 - 0.473ms returns FALSE
T7150 389:074.688 JLINK_IsHalted()
T7150 389:076.416 - 1.718ms returns FALSE
T7150 389:076.416 JLINK_IsHalted()
T7150 389:076.864 - 0.434ms returns FALSE
T7150 389:183.488 JLINK_IsHalted()
T7150 389:184.320 - 0.818ms returns FALSE
T7150 389:184.448 JLINK_IsHalted()
T7150 389:185.088 - 0.672ms returns FALSE
T7150 389:293.120 JLINK_IsHalted()
T7150 389:293.824 - 0.699ms returns FALSE
T7150 389:293.888 JLINK_IsHalted()
T7150 389:294.368 - 0.481ms returns FALSE
T7150 389:402.816 JLINK_IsHalted()
T7150 389:403.424 - 0.597ms returns FALSE
T7150 389:403.488 JLINK_IsHalted()
T7150 389:403.968 - 0.495ms returns FALSE
T7150 389:512.384 JLINK_IsHalted()
T7150 389:513.152 - 0.725ms returns FALSE
T7150 389:513.280 JLINK_IsHalted()
T7150 389:513.920 - 0.680ms returns FALSE
T9440 389:548.896 JLINK_IsHalted()
T9440 389:551.296 - 2.402ms returns FALSE
T9440 389:551.584 JLINK_IsHalted()
T9440 389:552.288 - 0.708ms returns FALSE
T7150 389:620.992 JLINK_IsHalted()
T7150 389:621.760 - 0.752ms returns FALSE
T7150 389:621.920 JLINK_IsHalted()
T7150 389:622.560 - 0.635ms returns FALSE
T7150 389:730.816 JLINK_IsHalted()
T7150 389:731.328 - 0.509ms returns FALSE
T7150 389:731.360 JLINK_IsHalted()
T7150 389:731.808 - 0.468ms returns FALSE
T7150 389:839.872 JLINK_IsHalted()
T7150 389:841.888 - 2.020ms returns FALSE
T7150 389:842.016 JLINK_IsHalted()
T7150 389:842.688 - 0.658ms returns FALSE
T7150 389:949.312 JLINK_IsHalted()
T7150 389:950.016 - 0.707ms returns FALSE
T7150 389:950.112 JLINK_IsHalted()
T7150 389:950.624 - 0.520ms returns FALSE
T7150 390:058.720 JLINK_IsHalted()
T7150 390:059.296 - 0.550ms returns FALSE
T7150 390:059.328 JLINK_IsHalted()
T7150 390:059.840 - 0.491ms returns FALSE
T7150 390:167.968 JLINK_IsHalted()
T7150 390:168.640 - 0.646ms returns FALSE
T7150 390:168.640 JLINK_IsHalted()
T7150 390:169.152 - 0.471ms returns FALSE
T7150 390:277.440 JLINK_IsHalted()
T7150 390:277.824 - 0.422ms returns FALSE
T7150 390:277.888 JLINK_IsHalted()
T7150 390:278.240 - 0.340ms returns FALSE
T7150 390:386.784 JLINK_IsHalted()
T7150 390:387.264 - 0.498ms returns FALSE
T7150 390:387.328 JLINK_IsHalted()
T7150 390:387.776 - 0.455ms returns FALSE
T7150 390:497.088 JLINK_IsHalted()
T7150 390:499.200 - 2.087ms returns FALSE
T7150 390:499.392 JLINK_IsHalted()
T7150 390:500.128 - 0.723ms returns FALSE
T9440 390:552.832 JLINK_IsHalted()
T9440 390:553.504 - 0.674ms returns FALSE
T9440 390:553.568 JLINK_IsHalted()
T9440 390:554.144 - 0.543ms returns FALSE
T7150 390:605.280 JLINK_IsHalted()
T7150 390:605.888 - 0.616ms returns FALSE
T7150 390:605.952 JLINK_IsHalted()
T7150 390:607.872 - 1.920ms returns FALSE
T7150 390:715.488 JLINK_IsHalted()
T7150 390:716.096 - 0.585ms returns FALSE
T7150 390:716.128 JLINK_IsHalted()
T7150 390:716.608 - 0.453ms returns FALSE
T7150 390:824.416 JLINK_IsHalted()
T7150 390:825.056 - 0.653ms returns FALSE
T7150 390:825.120 JLINK_IsHalted()
T7150 390:825.664 - 0.551ms returns FALSE
T7150 390:933.824 JLINK_IsHalted()
T7150 390:934.464 - 0.625ms returns FALSE
T7150 390:934.592 JLINK_IsHalted()
T7150 390:935.072 - 0.473ms returns FALSE
T7150 391:042.624 JLINK_IsHalted()
T7150 391:043.264 - 0.654ms returns FALSE
T7150 391:043.328 JLINK_IsHalted()
T7150 391:043.936 - 0.617ms returns FALSE
T7150 391:152.928 JLINK_IsHalted()
T7150 391:153.536 - 0.618ms returns FALSE
T7150 391:153.600 JLINK_IsHalted()
T7150 391:154.240 - 0.601ms returns FALSE
T7150 391:261.408 JLINK_IsHalted()
T7150 391:261.824 - 0.414ms returns FALSE
T7150 391:261.856 JLINK_IsHalted()
T7150 391:262.144 - 0.304ms returns FALSE
T7150 391:371.552 JLINK_IsHalted()
T7150 391:372.032 - 0.501ms returns FALSE
T7150 391:372.064 JLINK_IsHalted()
T7150 391:372.448 - 0.374ms returns FALSE
T7150 391:480.960 JLINK_IsHalted()
T7150 391:481.600 - 0.630ms returns FALSE
T7150 391:481.632 JLINK_IsHalted()
T7150 391:482.080 - 0.479ms returns FALSE
T9440 391:555.072 JLINK_IsHalted()
T9440 391:555.712 - 0.626ms returns FALSE
T9440 391:555.776 JLINK_IsHalted()
T9440 391:556.320 - 0.553ms returns FALSE
T7150 391:590.080 JLINK_IsHalted()
T7150 391:590.592 - 0.492ms returns FALSE
T7150 391:590.592 JLINK_IsHalted()
T7150 391:591.008 - 0.413ms returns FALSE
T7150 391:699.104 JLINK_IsHalted()
T7150 391:699.616 - 0.518ms returns FALSE
T7150 391:699.648 JLINK_IsHalted()
T7150 391:700.000 - 0.364ms returns FALSE
T7150 391:808.704 JLINK_IsHalted()
T7150 391:809.120 - 0.446ms returns FALSE
T7150 391:809.152 JLINK_IsHalted()
T7150 391:809.504 - 0.365ms returns FALSE
T7150 391:918.016 JLINK_IsHalted()
T7150 391:918.720 - 0.717ms returns FALSE
T7150 391:918.880 JLINK_IsHalted()
T7150 391:919.552 - 0.681ms returns FALSE
T7150 392:027.776 JLINK_IsHalted()
T7150 392:028.224 - 0.422ms returns FALSE
T7150 392:028.256 JLINK_IsHalted()
T7150 392:028.704 - 0.454ms returns FALSE
T7150 392:136.832 JLINK_IsHalted()
T7150 392:139.424 - 2.594ms returns FALSE
T7150 392:139.552 JLINK_IsHalted()
T7150 392:140.096 - 0.533ms returns FALSE
T7150 392:246.496 JLINK_IsHalted()
T7150 392:246.944 - 0.443ms returns FALSE
T7150 392:246.976 JLINK_IsHalted()
T7150 392:247.424 - 0.456ms returns FALSE
T7150 392:355.392 JLINK_IsHalted()
T7150 392:355.936 - 0.527ms returns FALSE
T7150 392:356.000 JLINK_IsHalted()
T7150 392:356.384 - 0.383ms returns FALSE
T7150 392:464.832 JLINK_IsHalted()
T7150 392:465.440 - 0.600ms returns FALSE
T7150 392:465.472 JLINK_IsHalted()
T7150 392:465.792 - 0.332ms returns FALSE
T9440 392:557.024 JLINK_IsHalted()
T9440 392:557.600 - 0.556ms returns FALSE
T9440 392:557.632 JLINK_IsHalted()
T9440 392:558.080 - 0.448ms returns FALSE
T7150 392:575.264 JLINK_IsHalted()
T7150 392:575.904 - 0.644ms returns FALSE
T7150 392:575.936 JLINK_IsHalted()
T7150 392:576.416 - 0.454ms returns FALSE
T7150 392:683.904 JLINK_IsHalted()
T7150 392:684.544 - 0.646ms returns FALSE
T7150 392:684.640 JLINK_IsHalted()
T7150 392:685.344 - 0.685ms returns FALSE
T7150 392:792.800 JLINK_IsHalted()
T7150 392:793.440 - 0.640ms returns FALSE
T7150 392:793.504 JLINK_IsHalted()
T7150 392:793.792 - 0.307ms returns FALSE
T7150 392:902.272 JLINK_IsHalted()
T7150 392:902.848 - 0.551ms returns FALSE
T7150 392:902.880 JLINK_IsHalted()
T7150 392:903.392 - 0.515ms returns FALSE
T7150 393:011.424 JLINK_IsHalted()
T7150 393:011.904 - 0.473ms returns FALSE
T7150 393:011.968 JLINK_IsHalted()
T7150 393:012.416 - 0.437ms returns FALSE
T7150 393:121.056 JLINK_IsHalted()
T7150 393:121.760 - 0.719ms returns FALSE
T7150 393:121.856 JLINK_IsHalted()
T7150 393:122.368 - 0.510ms returns FALSE
T7150 393:230.560 JLINK_IsHalted()
T7150 393:231.104 - 0.521ms returns FALSE
T7150 393:231.136 JLINK_IsHalted()
T7150 393:231.552 - 0.423ms returns FALSE
T7150 393:339.936 JLINK_IsHalted()
T7150 393:340.480 - 0.551ms returns FALSE
T7150 393:340.544 JLINK_IsHalted()
T7150 393:341.056 - 0.534ms returns FALSE
T7150 393:449.696 JLINK_IsHalted()
T7150 393:450.304 - 0.594ms returns FALSE
T7150 393:450.304 JLINK_IsHalted()
T7150 393:450.688 - 0.382ms returns FALSE
T9440 393:558.592 JLINK_IsHalted()
T9440 393:559.232 - 0.632ms returns FALSE
T9440 393:559.296 JLINK_IsHalted()
T9440 393:559.872 - 0.584ms returns FALSE
T7150 393:560.032 JLINK_IsHalted()
T7150 393:560.640 - 0.576ms returns FALSE
T7150 393:560.672 JLINK_IsHalted()
T7150 393:561.248 - 0.547ms returns FALSE
T7150 393:667.744 JLINK_IsHalted()
T7150 393:668.416 - 0.653ms returns FALSE
T7150 393:668.448 JLINK_IsHalted()
T7150 393:669.024 - 0.547ms returns FALSE
T7150 393:777.056 JLINK_IsHalted()
T7150 393:777.632 - 0.604ms returns FALSE
T7150 393:777.728 JLINK_IsHalted()
T7150 393:778.240 - 0.546ms returns FALSE
T7150 393:886.912 JLINK_IsHalted()
T7150 393:889.440 - 2.534ms returns FALSE
T7150 393:889.536 JLINK_IsHalted()
T7150 393:889.952 - 0.420ms returns FALSE
T7150 393:996.608 JLINK_IsHalted()
T7150 393:997.504 - 0.898ms returns FALSE
T7150 393:997.632 JLINK_IsHalted()
T7150 393:998.272 - 0.610ms returns FALSE
T7150 394:105.504 JLINK_IsHalted()
T7150 394:106.304 - 0.836ms returns FALSE
T7150 394:106.432 JLINK_IsHalted()
T7150 394:107.200 - 0.733ms returns FALSE
T7150 394:214.496 JLINK_IsHalted()
T7150 394:215.168 - 0.679ms returns FALSE
T7150 394:215.232 JLINK_IsHalted()
T7150 394:215.744 - 0.516ms returns FALSE
T7150 394:324.672 JLINK_IsHalted()
T7150 394:325.248 - 0.594ms returns FALSE
T7150 394:325.312 JLINK_IsHalted()
T7150 394:325.792 - 0.471ms returns FALSE
T7150 394:433.760 JLINK_IsHalted()
T7150 394:434.336 - 0.574ms returns FALSE
T7150 394:434.400 JLINK_IsHalted()
T7150 394:434.848 - 0.448ms returns FALSE
T7150 394:542.976 JLINK_IsHalted()
T7150 394:543.424 - 0.445ms returns FALSE
T7150 394:543.456 JLINK_IsHalted()
T7150 394:543.840 - 0.381ms returns FALSE
T9440 394:561.696 JLINK_IsHalted()
T9440 394:562.080 - 0.384ms returns FALSE
T9440 394:562.112 JLINK_IsHalted()
T9440 394:562.432 - 0.312ms returns FALSE
T7150 394:652.096 JLINK_IsHalted()
T7150 394:652.544 - 0.446ms returns FALSE
T7150 394:652.608 JLINK_IsHalted()
T7150 394:653.152 - 0.562ms returns FALSE
T7150 394:761.472 JLINK_IsHalted()
T7150 394:762.080 - 0.607ms returns FALSE
T7150 394:762.144 JLINK_IsHalted()
T7150 394:762.560 - 0.401ms returns FALSE
T7150 394:871.488 JLINK_IsHalted()
T7150 394:872.096 - 0.605ms returns FALSE
T7150 394:872.128 JLINK_IsHalted()
T7150 394:872.544 - 0.414ms returns FALSE
T7150 394:980.832 JLINK_IsHalted()
T7150 394:981.536 - 0.680ms returns FALSE
T7150 394:981.568 JLINK_IsHalted()
T7150 394:982.048 - 0.475ms returns FALSE
T7150 395:089.600 JLINK_IsHalted()
T7150 395:090.048 - 0.449ms returns FALSE
T7150 395:090.080 JLINK_IsHalted()
T7150 395:090.400 - 0.336ms returns FALSE
T7150 395:199.136 JLINK_IsHalted()
T7150 395:199.584 - 0.453ms returns FALSE
T7150 395:199.648 JLINK_IsHalted()
T7150 395:200.064 - 0.430ms returns FALSE
T7150 395:308.832 JLINK_IsHalted()
T7150 395:309.248 - 0.425ms returns FALSE
T7150 395:309.280 JLINK_IsHalted()
T7150 395:309.728 - 0.433ms returns FALSE
T7150 395:419.328 JLINK_IsHalted()
T7150 395:419.840 - 0.512ms returns FALSE
T7150 395:419.872 JLINK_IsHalted()
T7150 395:420.288 - 0.398ms returns FALSE
T7150 395:527.744 JLINK_IsHalted()
T7150 395:528.288 - 0.542ms returns FALSE
T7150 395:528.384 JLINK_IsHalted()
T7150 395:528.768 - 0.424ms returns FALSE
T9440 395:563.520 JLINK_IsHalted()
T9440 395:564.032 - 0.509ms returns FALSE
T9440 395:564.096 JLINK_IsHalted()
T9440 395:564.480 - 0.390ms returns FALSE
T7150 395:636.416 JLINK_IsHalted()
T7150 395:637.056 - 0.608ms returns FALSE
T7150 395:637.056 JLINK_IsHalted()
T7150 395:637.440 - 0.342ms returns FALSE
T7150 395:746.144 JLINK_IsHalted()
T7150 395:746.624 - 0.470ms returns FALSE
T7150 395:746.656 JLINK_IsHalted()
T7150 395:747.264 - 0.594ms returns FALSE
T7150 395:856.864 JLINK_IsHalted()
T7150 395:857.248 - 0.375ms returns FALSE
T7150 395:857.312 JLINK_IsHalted()
T7150 395:857.664 - 0.357ms returns FALSE
T7150 395:965.312 JLINK_IsHalted()
T7150 395:965.792 - 0.482ms returns FALSE
T7150 395:965.856 JLINK_IsHalted()
T7150 395:966.208 - 0.361ms returns FALSE
T7150 396:074.784 JLINK_IsHalted()
T7150 396:075.328 - 0.533ms returns FALSE
T7150 396:075.392 JLINK_IsHalted()
T7150 396:075.712 - 0.339ms returns FALSE
T7150 396:183.840 JLINK_IsHalted()
T7150 396:184.672 - 0.847ms returns FALSE
T7150 396:184.832 JLINK_IsHalted()
T7150 396:185.440 - 0.633ms returns FALSE
T7150 396:292.864 JLINK_IsHalted()
T7150 396:293.568 - 0.695ms returns FALSE
T7150 396:293.664 JLINK_IsHalted()
T7150 396:294.176 - 0.509ms returns FALSE
T7150 396:402.784 JLINK_IsHalted()
T7150 396:403.232 - 0.447ms returns FALSE
T7150 396:403.264 JLINK_IsHalted()
T7150 396:403.584 - 0.317ms returns FALSE
T7150 396:512.288 JLINK_IsHalted()
T7150 396:514.592 - 2.311ms returns FALSE
T7150 396:514.752 JLINK_IsHalted()
T7150 396:515.392 - 0.607ms returns FALSE
T9440 396:565.184 JLINK_IsHalted()
T9440 396:565.952 - 0.791ms returns FALSE
T9440 396:566.112 JLINK_IsHalted()
T9440 396:566.720 - 0.599ms returns FALSE
T7150 396:621.504 JLINK_IsHalted()
T7150 396:621.920 - 0.427ms returns FALSE
T7150 396:622.016 JLINK_IsHalted()
T7150 396:622.304 - 0.328ms returns FALSE
T7150 396:730.592 JLINK_IsHalted()
T7150 396:731.392 - 0.798ms returns FALSE
T7150 396:731.456 JLINK_IsHalted()
T7150 396:733.408 - 1.951ms returns FALSE
T7150 396:839.872 JLINK_IsHalted()
T7150 396:840.384 - 0.511ms returns FALSE
T7150 396:840.480 JLINK_IsHalted()
T7150 396:842.816 - 2.360ms returns FALSE
T7150 396:949.312 JLINK_IsHalted()
T7150 396:949.856 - 0.559ms returns FALSE
T7150 396:949.952 JLINK_IsHalted()
T7150 396:950.336 - 0.400ms returns FALSE
T7150 397:058.976 JLINK_IsHalted()
T7150 397:059.584 - 0.612ms returns FALSE
T7150 397:059.648 JLINK_IsHalted()
T7150 397:060.128 - 0.497ms returns FALSE
T7150 397:168.256 JLINK_IsHalted()
T7150 397:168.672 - 0.428ms returns FALSE
T7150 397:168.704 JLINK_IsHalted()
T7150 397:168.992 - 0.278ms returns FALSE
T7150 397:277.280 JLINK_IsHalted()
T7150 397:277.792 - 0.510ms returns FALSE
T7150 397:277.824 JLINK_IsHalted()
T7150 397:278.272 - 0.436ms returns FALSE
T7150 397:387.424 JLINK_IsHalted()
T7150 397:388.064 - 0.647ms returns FALSE
T7150 397:388.096 JLINK_IsHalted()
T7150 397:388.480 - 0.419ms returns FALSE
T7150 397:496.384 JLINK_IsHalted()
T7150 397:498.048 - 1.658ms returns FALSE
T7150 397:498.144 JLINK_IsHalted()
T7150 397:498.816 - 0.707ms returns FALSE
T9440 397:568.352 JLINK_IsHalted()
T9440 397:568.992 - 0.649ms returns FALSE
T9440 397:569.056 JLINK_IsHalted()
T9440 397:570.848 - 1.781ms returns FALSE
T7150 397:606.432 JLINK_IsHalted()
T7150 397:608.288 - 1.869ms returns FALSE
T7150 397:608.384 JLINK_IsHalted()
T7150 397:608.864 - 0.490ms returns FALSE
T7150 397:715.392 JLINK_IsHalted()
T7150 397:716.000 - 0.605ms returns FALSE
T7150 397:716.096 JLINK_IsHalted()
T7150 397:716.512 - 0.422ms returns FALSE
T7150 397:823.872 JLINK_IsHalted()
T7150 397:824.320 - 0.463ms returns FALSE
T7150 397:824.384 JLINK_IsHalted()
T7150 397:824.736 - 0.350ms returns FALSE
T7150 397:933.856 JLINK_IsHalted()
T7150 397:936.352 - 2.488ms returns FALSE
T7150 397:936.448 JLINK_IsHalted()
T7150 397:938.688 - 2.216ms returns FALSE
T7150 398:043.392 JLINK_IsHalted()
T7150 398:043.936 - 0.555ms returns FALSE
T7150 398:043.968 JLINK_IsHalted()
T7150 398:044.256 - 0.290ms returns FALSE
T7150 398:152.384 JLINK_IsHalted()
T7150 398:152.896 - 0.489ms returns FALSE
T7150 398:152.896 JLINK_IsHalted()
T7150 398:153.312 - 0.412ms returns FALSE
T7150 398:261.728 JLINK_IsHalted()
T7150 398:262.624 - 0.900ms returns FALSE
T7150 398:262.784 JLINK_IsHalted()
T7150 398:263.488 - 0.685ms returns FALSE
T7150 398:371.616 JLINK_IsHalted()
T7150 398:372.352 - 0.736ms returns FALSE
T7150 398:372.448 JLINK_IsHalted()
T7150 398:372.960 - 0.534ms returns FALSE
T7150 398:481.088 JLINK_IsHalted()
T7150 398:481.824 - 0.737ms returns FALSE
T7150 398:481.856 JLINK_IsHalted()
T7150 398:483.968 - 2.108ms returns FALSE
T9440 398:571.840 JLINK_IsHalted()
T9440 398:572.448 - 0.596ms returns FALSE
T9440 398:572.480 JLINK_IsHalted()
T9440 398:572.960 - 0.439ms returns FALSE
T7150 398:590.304 JLINK_IsHalted()
T7150 398:590.784 - 0.474ms returns FALSE
T7150 398:590.816 JLINK_IsHalted()
T7150 398:591.264 - 0.440ms returns FALSE
T7150 398:699.424 JLINK_IsHalted()
T7150 398:700.064 - 0.638ms returns FALSE
T7150 398:700.096 JLINK_IsHalted()
T7150 398:700.480 - 0.398ms returns FALSE
T7150 398:808.512 JLINK_IsHalted()
T7150 398:809.056 - 0.581ms returns FALSE
T7150 398:809.152 JLINK_IsHalted()
T7150 398:809.728 - 0.579ms returns FALSE
T7150 398:918.496 JLINK_IsHalted()
T7150 398:919.104 - 0.617ms returns FALSE
T7150 398:919.168 JLINK_IsHalted()
T7150 398:919.808 - 0.621ms returns FALSE
T7150 399:027.008 JLINK_IsHalted()
T7150 399:027.584 - 0.579ms returns FALSE
T7150 399:027.648 JLINK_IsHalted()
T7150 399:028.160 - 0.489ms returns FALSE
T7150 399:137.216 JLINK_IsHalted()
T7150 399:137.728 - 0.552ms returns FALSE
T7150 399:137.824 JLINK_IsHalted()
T7150 399:138.144 - 0.326ms returns FALSE
T7150 399:246.144 JLINK_IsHalted()
T7150 399:246.624 - 0.466ms returns FALSE
T7150 399:246.656 JLINK_IsHalted()
T7150 399:247.008 - 0.327ms returns FALSE
T7150 399:356.064 JLINK_IsHalted()
T7150 399:356.608 - 0.539ms returns FALSE
T7150 399:356.640 JLINK_IsHalted()
T7150 399:356.992 - 0.352ms returns FALSE
T7150 399:466.944 JLINK_IsHalted()
T7150 399:467.328 - 0.394ms returns FALSE
T7150 399:467.360 JLINK_IsHalted()
T7150 399:467.712 - 0.358ms returns FALSE
T9440 399:573.696 JLINK_IsHalted()
T9440 399:574.272 - 0.589ms returns FALSE
T9440 399:574.336 JLINK_IsHalted()
T9440 399:574.816 - 0.471ms returns FALSE
T7150 399:574.880 JLINK_IsHalted()
T7150 399:575.392 - 0.504ms returns FALSE
T7150 399:575.424 JLINK_IsHalted()
T7150 399:575.872 - 0.420ms returns FALSE
T7150 399:684.160 JLINK_IsHalted()
T7150 399:684.736 - 0.583ms returns FALSE
T7150 399:684.768 JLINK_IsHalted()
T7150 399:685.184 - 0.422ms returns FALSE
T7150 399:793.472 JLINK_IsHalted()
T7150 399:794.112 - 0.630ms returns FALSE
T7150 399:794.208 JLINK_IsHalted()
T7150 399:796.032 - 1.842ms returns FALSE
T7150 399:902.272 JLINK_IsHalted()
T7150 399:902.848 - 0.558ms returns FALSE
T7150 399:902.880 JLINK_IsHalted()
T7150 399:903.168 - 0.310ms returns FALSE
T7150 400:012.096 JLINK_IsHalted()
T7150 400:012.832 - 0.703ms returns FALSE
T7150 400:012.864 JLINK_IsHalted()
T7150 400:013.408 - 0.549ms returns FALSE
T7150 400:121.056 JLINK_IsHalted()
T7150 400:121.600 - 0.514ms returns FALSE
T7150 400:121.632 JLINK_IsHalted()
T7150 400:121.920 - 0.282ms returns FALSE
T7150 400:230.368 JLINK_IsHalted()
T7150 400:231.008 - 0.641ms returns FALSE
T7150 400:231.072 JLINK_IsHalted()
T7150 400:231.392 - 0.329ms returns FALSE
T7150 400:339.744 JLINK_IsHalted()
T7150 400:340.320 - 0.577ms returns FALSE
T7150 400:340.352 JLINK_IsHalted()
T7150 400:340.736 - 0.382ms returns FALSE
T7150 400:449.536 JLINK_IsHalted()
T7150 400:450.240 - 0.708ms returns FALSE
T7150 400:450.336 JLINK_IsHalted()
T7150 400:450.848 - 0.513ms returns FALSE
T7150 400:558.400 JLINK_IsHalted()
T7150 400:558.912 - 0.529ms returns FALSE
T7150 400:558.944 JLINK_IsHalted()
T7150 400:559.424 - 0.500ms returns FALSE
T9440 400:576.512 JLINK_IsHalted()
T9440 400:577.088 - 0.597ms returns FALSE
T9440 400:577.216 JLINK_IsHalted()
T9440 400:577.568 - 0.359ms returns FALSE
T7150 400:668.480 JLINK_IsHalted()
T7150 400:669.280 - 0.777ms returns FALSE
T7150 400:669.376 JLINK_IsHalted()
T7150 400:671.392 - 2.002ms returns FALSE
T7150 400:777.120 JLINK_IsHalted()
T7150 400:777.696 - 0.601ms returns FALSE
T7150 400:777.728 JLINK_IsHalted()
T7150 400:778.176 - 0.417ms returns FALSE
T7150 400:886.368 JLINK_IsHalted()
T7150 400:887.040 - 0.670ms returns FALSE
T7150 400:887.104 JLINK_IsHalted()
T7150 400:887.520 - 0.428ms returns FALSE
T7150 400:996.160 JLINK_IsHalted()
T7150 400:998.592 - 2.396ms returns FALSE
T7150 400:998.656 JLINK_IsHalted()
T7150 401:000.224 - 1.571ms returns FALSE
T7150 401:105.856 JLINK_IsHalted()
T7150 401:106.272 - 0.414ms returns FALSE
T7150 401:106.304 JLINK_IsHalted()
T7150 401:106.752 - 0.465ms returns FALSE
T7150 401:215.040 JLINK_IsHalted()
T7150 401:215.616 - 0.592ms returns FALSE
T7150 401:215.680 JLINK_IsHalted()
T7150 401:216.192 - 0.525ms returns FALSE
T7150 401:324.480 JLINK_IsHalted()
T7150 401:324.992 - 0.475ms returns FALSE
T7150 401:325.024 JLINK_IsHalted()
T7150 401:325.408 - 0.399ms returns FALSE
T7150 401:434.240 JLINK_IsHalted()
T7150 401:435.072 - 0.842ms returns FALSE
T7150 401:435.200 JLINK_IsHalted()
T7150 401:435.840 - 0.647ms returns FALSE
T7150 401:543.232 JLINK_IsHalted()
T7150 401:543.776 - 0.552ms returns FALSE
T7150 401:543.872 JLINK_IsHalted()
T7150 401:544.320 - 0.472ms returns FALSE
T9440 401:578.400 JLINK_IsHalted()
T9440 401:578.944 - 0.538ms returns FALSE
T9440 401:579.008 JLINK_IsHalted()
T9440 401:579.424 - 0.417ms returns FALSE
T7150 401:652.096 JLINK_IsHalted()
T7150 401:652.768 - 0.658ms returns FALSE
T7150 401:652.832 JLINK_IsHalted()
T7150 401:653.408 - 0.556ms returns FALSE
T7150 401:761.600 JLINK_IsHalted()
T7150 401:762.176 - 0.552ms returns FALSE
T7150 401:762.240 JLINK_IsHalted()
T7150 401:762.720 - 0.503ms returns FALSE
T7150 401:870.976 JLINK_IsHalted()
T7150 401:873.056 - 2.076ms returns FALSE
T7150 401:873.152 JLINK_IsHalted()
T7150 401:873.760 - 0.636ms returns FALSE
T7150 401:980.288 JLINK_IsHalted()
T7150 401:980.896 - 0.607ms returns FALSE
T7150 401:980.960 JLINK_IsHalted()
T7150 401:981.408 - 0.476ms returns FALSE
T7150 402:090.080 JLINK_IsHalted()
T7150 402:090.816 - 0.712ms returns FALSE
T7150 402:090.880 JLINK_IsHalted()
T7150 402:091.424 - 0.553ms returns FALSE
T7150 402:199.104 JLINK_IsHalted()
T7150 402:199.808 - 0.702ms returns FALSE
T7150 402:199.872 JLINK_IsHalted()
T7150 402:200.512 - 0.619ms returns FALSE
T7150 402:308.416 JLINK_IsHalted()
T7150 402:308.928 - 0.529ms returns FALSE
T7150 402:308.960 JLINK_IsHalted()
T7150 402:309.280 - 0.302ms returns FALSE
T7150 402:418.208 JLINK_IsHalted()
T7150 402:418.880 - 0.690ms returns FALSE
T7150 402:418.944 JLINK_IsHalted()
T7150 402:419.456 - 0.522ms returns FALSE
T7150 402:528.032 JLINK_IsHalted()
T7150 402:528.832 - 0.811ms returns FALSE
T7150 402:528.960 JLINK_IsHalted()
T7150 402:531.008 - 2.047ms returns FALSE
T9440 402:579.744 JLINK_IsHalted()
T9440 402:580.384 - 0.639ms returns FALSE
T9440 402:580.480 JLINK_IsHalted()
T9440 402:580.864 - 0.388ms returns FALSE
T7150 402:637.376 JLINK_IsHalted()
T7150 402:639.424 - 2.051ms returns FALSE
T7150 402:639.616 JLINK_IsHalted()
T7150 402:640.224 - 0.611ms returns FALSE
T7150 402:746.048 JLINK_IsHalted()
T7150 402:746.880 - 0.850ms returns FALSE
T7150 402:746.944 JLINK_IsHalted()
T7150 402:747.520 - 0.565ms returns FALSE
T7150 402:855.104 JLINK_IsHalted()
T7150 402:857.152 - 2.037ms returns FALSE
T7150 402:857.280 JLINK_IsHalted()
T7150 402:857.824 - 0.581ms returns FALSE
T7150 402:964.736 JLINK_IsHalted()
T7150 402:965.344 - 0.616ms returns FALSE
T7150 402:965.408 JLINK_IsHalted()
T7150 402:965.952 - 0.532ms returns FALSE
T7150 403:074.368 JLINK_IsHalted()
T7150 403:074.912 - 0.572ms returns FALSE
T7150 403:075.008 JLINK_IsHalted()
T7150 403:075.520 - 0.541ms returns FALSE
T7150 403:184.224 JLINK_IsHalted()
T7150 403:184.768 - 0.552ms returns FALSE
T7150 403:184.864 JLINK_IsHalted()
T7150 403:185.408 - 0.549ms returns FALSE
T7150 403:293.376 JLINK_IsHalted()
T7150 403:293.856 - 0.499ms returns FALSE
T7150 403:293.888 JLINK_IsHalted()
T7150 403:294.272 - 0.401ms returns FALSE
T7150 403:402.560 JLINK_IsHalted()
T7150 403:403.200 - 0.600ms returns FALSE
T7150 403:403.264 JLINK_IsHalted()
T7150 403:403.840 - 0.594ms returns FALSE
T7150 403:512.128 JLINK_IsHalted()
T7150 403:512.736 - 0.615ms returns FALSE
T7150 403:512.768 JLINK_IsHalted()
T7150 403:513.152 - 0.393ms returns FALSE
T9440 403:582.720 JLINK_IsHalted()
T9440 403:583.488 - 0.760ms returns FALSE
T9440 403:583.584 JLINK_IsHalted()
T9440 403:586.336 - 2.742ms returns FALSE
T7150 403:621.120 JLINK_IsHalted()
T7150 403:621.824 - 0.680ms returns FALSE
T7150 403:621.888 JLINK_IsHalted()
T7150 403:622.496 - 0.604ms returns FALSE
T7150 403:730.784 JLINK_IsHalted()
T7150 403:731.456 - 0.677ms returns FALSE
T7150 403:731.520 JLINK_IsHalted()
T7150 403:732.032 - 0.488ms returns FALSE
T7150 403:840.096 JLINK_IsHalted()
T7150 403:840.768 - 0.654ms returns FALSE
T7150 403:840.832 JLINK_IsHalted()
T7150 403:841.376 - 0.539ms returns FALSE
T7150 403:949.056 JLINK_IsHalted()
T7150 403:949.728 - 0.658ms returns FALSE
T7150 403:949.760 JLINK_IsHalted()
T7150 403:950.272 - 0.487ms returns FALSE
T7150 404:058.944 JLINK_IsHalted()
T7150 404:059.648 - 0.682ms returns FALSE
T7150 404:059.712 JLINK_IsHalted()
T7150 404:060.384 - 0.658ms returns FALSE
T7150 404:167.712 JLINK_IsHalted()
T7150 404:168.416 - 0.714ms returns FALSE
T7150 404:168.512 JLINK_IsHalted()
T7150 404:169.024 - 0.501ms returns FALSE
T7150 404:278.080 JLINK_IsHalted()
T7150 404:278.976 - 0.863ms returns FALSE
T7150 404:279.104 JLINK_IsHalted()
T7150 404:279.808 - 0.701ms returns FALSE
T7150 404:387.136 JLINK_IsHalted()
T7150 404:387.680 - 0.558ms returns FALSE
T7150 404:387.744 JLINK_IsHalted()
T7150 404:388.288 - 0.568ms returns FALSE
T7150 404:496.192 JLINK_IsHalted()
T7150 404:496.672 - 0.458ms returns FALSE
T7150 404:496.704 JLINK_IsHalted()
T7150 404:497.152 - 0.422ms returns FALSE
T9440 404:586.752 JLINK_IsHalted()
T9440 404:587.200 - 0.427ms returns FALSE
T9440 404:587.232 JLINK_IsHalted()
T9440 404:587.584 - 0.319ms returns FALSE
T7150 404:605.568 JLINK_IsHalted()
T7150 404:605.952 - 0.394ms returns FALSE
T7150 404:605.984 JLINK_IsHalted()
T7150 404:606.368 - 0.368ms returns FALSE
T7150 404:714.976 JLINK_IsHalted()
T7150 404:715.776 - 0.792ms returns FALSE
T7150 404:715.904 JLINK_IsHalted()
T7150 404:716.480 - 0.594ms returns FALSE
T7150 404:824.352 JLINK_IsHalted()
T7150 404:824.992 - 0.627ms returns FALSE
T7150 404:825.024 JLINK_IsHalted()
T7150 404:825.600 - 0.545ms returns FALSE
T7150 404:933.472 JLINK_IsHalted()
T7150 404:933.920 - 0.450ms returns FALSE
T7150 404:933.984 JLINK_IsHalted()
T7150 404:934.336 - 0.346ms returns FALSE
T7150 405:042.816 JLINK_IsHalted()
T7150 405:043.392 - 0.611ms returns FALSE
T7150 405:043.456 JLINK_IsHalted()
T7150 405:044.000 - 0.548ms returns FALSE
T7150 405:152.800 JLINK_IsHalted()
T7150 405:153.472 - 0.667ms returns FALSE
T7150 405:153.504 JLINK_IsHalted()
T7150 405:154.080 - 0.563ms returns FALSE
T7150 405:261.632 JLINK_IsHalted()
T7150 405:262.336 - 0.671ms returns FALSE
T7150 405:262.400 JLINK_IsHalted()
T7150 405:262.848 - 0.473ms returns FALSE
T7150 405:371.072 JLINK_IsHalted()
T7150 405:371.712 - 0.647ms returns FALSE
T7150 405:371.776 JLINK_IsHalted()
T7150 405:372.352 - 0.572ms returns FALSE
T7150 405:481.024 JLINK_IsHalted()
T7150 405:481.568 - 0.556ms returns FALSE
T7150 405:481.632 JLINK_IsHalted()
T7150 405:482.176 - 0.542ms returns FALSE
T9440 405:588.288 JLINK_IsHalted()
T9440 405:588.992 - 0.685ms returns FALSE
T9440 405:589.056 JLINK_IsHalted()
T9440 405:589.504 - 0.458ms returns FALSE
T7150 405:589.952 JLINK_IsHalted()
T7150 405:590.496 - 0.537ms returns FALSE
T7150 405:590.560 JLINK_IsHalted()
T7150 405:591.136 - 0.577ms returns FALSE
T7150 405:698.944 JLINK_IsHalted()
T7150 405:699.552 - 0.630ms returns FALSE
T7150 405:699.648 JLINK_IsHalted()
T7150 405:702.112 - 2.480ms returns FALSE
T7150 405:808.448 JLINK_IsHalted()
T7150 405:808.896 - 0.428ms returns FALSE
T7150 405:808.928 JLINK_IsHalted()
T7150 405:809.280 - 0.340ms returns FALSE
T7150 405:917.824 JLINK_IsHalted()
T7150 405:918.400 - 0.557ms returns FALSE
T7150 405:918.400 JLINK_IsHalted()
T7150 405:918.912 - 0.472ms returns FALSE
T7150 406:027.712 JLINK_IsHalted()
T7150 406:028.448 - 0.698ms returns FALSE
T7150 406:028.480 JLINK_IsHalted()
T7150 406:028.992 - 0.512ms returns FALSE
T7150 406:136.416 JLINK_IsHalted()
T7150 406:137.024 - 0.605ms returns FALSE
T7150 406:137.088 JLINK_IsHalted()
T7150 406:137.440 - 0.352ms returns FALSE
T7150 406:246.144 JLINK_IsHalted()
T7150 406:246.752 - 0.592ms returns FALSE
T7150 406:246.848 JLINK_IsHalted()
T7150 406:247.232 - 0.376ms returns FALSE
T7150 406:355.328 JLINK_IsHalted()
T7150 406:355.712 - 0.391ms returns FALSE
T7150 406:355.776 JLINK_IsHalted()
T7150 406:356.256 - 0.477ms returns FALSE
T7150 406:465.248 JLINK_IsHalted()
T7150 406:465.632 - 0.403ms returns FALSE
T7150 406:465.728 JLINK_IsHalted()
T7150 406:466.080 - 0.361ms returns FALSE
T7150 406:574.528 JLINK_IsHalted()
T7150 406:574.944 - 0.451ms returns FALSE
T7150 406:575.008 JLINK_IsHalted()
T7150 406:575.360 - 0.358ms returns FALSE
T9440 406:595.328 JLINK_IsHalted()
T9440 406:595.776 - 0.457ms returns FALSE
T9440 406:595.872 JLINK_IsHalted()
T9440 406:596.160 - 0.313ms returns FALSE
T7150 406:683.200 JLINK_IsHalted()
T7150 406:683.584 - 0.364ms returns FALSE
T7150 406:683.616 JLINK_IsHalted()
T7150 406:683.968 - 0.336ms returns FALSE
T7150 406:792.608 JLINK_IsHalted()
T7150 406:792.992 - 0.391ms returns FALSE
T7150 406:793.024 JLINK_IsHalted()
T7150 406:793.312 - 0.289ms returns FALSE
T7150 406:902.560 JLINK_IsHalted()
T7150 406:903.232 - 0.659ms returns FALSE
T7150 406:903.328 JLINK_IsHalted()
T7150 406:903.744 - 0.426ms returns FALSE
T7150 407:011.616 JLINK_IsHalted()
T7150 407:012.384 - 0.766ms returns FALSE
T7150 407:012.480 JLINK_IsHalted()
T7150 407:013.056 - 0.544ms returns FALSE
T7150 407:120.832 JLINK_IsHalted()
T7150 407:121.248 - 0.445ms returns FALSE
T7150 407:121.312 JLINK_IsHalted()
T7150 407:121.696 - 0.387ms returns FALSE
T7150 407:230.336 JLINK_IsHalted()
T7150 407:230.816 - 0.502ms returns FALSE
T7150 407:230.880 JLINK_IsHalted()
T7150 407:231.264 - 0.377ms returns FALSE
T7150 407:340.256 JLINK_IsHalted()
T7150 407:340.832 - 0.571ms returns FALSE
T7150 407:340.992 JLINK_IsHalted()
T7150 407:341.504 - 0.509ms returns FALSE
T7150 407:449.600 JLINK_IsHalted()
T7150 407:450.304 - 0.706ms returns FALSE
T7150 407:450.336 JLINK_IsHalted()
T7150 407:450.816 - 0.446ms returns FALSE
T7150 407:558.272 JLINK_IsHalted()
T7150 407:559.008 - 0.757ms returns FALSE
T7150 407:559.104 JLINK_IsHalted()
T7150 407:559.680 - 0.578ms returns FALSE
T9440 407:596.960 JLINK_IsHalted()
T9440 407:597.568 - 0.614ms returns FALSE
T9440 407:597.632 JLINK_IsHalted()
T9440 407:598.144 - 0.508ms returns FALSE
T7150 407:668.544 JLINK_IsHalted()
T7150 407:669.248 - 0.686ms returns FALSE
T7150 407:669.440 JLINK_IsHalted()
T7150 407:669.984 - 0.514ms returns FALSE
T7150 407:777.504 JLINK_IsHalted()
T7150 407:778.176 - 0.649ms returns FALSE
T7150 407:778.176 JLINK_IsHalted()
T7150 407:778.560 - 0.373ms returns FALSE
T7150 407:886.592 JLINK_IsHalted()
T7150 407:887.296 - 0.701ms returns FALSE
T7150 407:887.424 JLINK_IsHalted()
T7150 407:887.968 - 0.569ms returns FALSE
T7150 407:996.544 JLINK_IsHalted()
T7150 407:997.184 - 0.653ms returns FALSE
T7150 407:997.248 JLINK_IsHalted()
T7150 407:997.760 - 0.516ms returns FALSE
T7150 408:105.280 JLINK_IsHalted()
T7150 408:106.240 - 0.969ms returns FALSE
T7150 408:106.400 JLINK_IsHalted()
T7150 408:106.880 - 0.470ms returns FALSE
T7150 408:215.392 JLINK_IsHalted()
T7150 408:215.840 - 0.430ms returns FALSE
T7150 408:215.872 JLINK_IsHalted()
T7150 408:216.160 - 0.297ms returns FALSE
T7150 408:324.128 JLINK_IsHalted()
T7150 408:324.672 - 0.537ms returns FALSE
T7150 408:324.704 JLINK_IsHalted()
T7150 408:325.056 - 0.356ms returns FALSE
T7150 408:433.568 JLINK_IsHalted()
T7150 408:434.048 - 0.476ms returns FALSE
T7150 408:434.080 JLINK_IsHalted()
T7150 408:434.496 - 0.411ms returns FALSE
T7150 408:542.912 JLINK_IsHalted()
T7150 408:543.552 - 0.662ms returns FALSE
T7150 408:543.648 JLINK_IsHalted()
T7150 408:544.192 - 0.535ms returns FALSE
T9440 408:599.104 JLINK_IsHalted()
T9440 408:599.744 - 0.618ms returns FALSE
T9440 408:599.808 JLINK_IsHalted()
T9440 408:600.288 - 0.509ms returns FALSE
T7150 408:652.352 JLINK_IsHalted()
T7150 408:653.024 - 0.669ms returns FALSE
T7150 408:653.088 JLINK_IsHalted()
T7150 408:653.568 - 0.495ms returns FALSE
T7150 408:761.920 JLINK_IsHalted()
T7150 408:762.464 - 0.551ms returns FALSE
T7150 408:762.560 JLINK_IsHalted()
T7150 408:763.072 - 0.511ms returns FALSE
T7150 408:870.816 JLINK_IsHalted()
T7150 408:871.328 - 0.511ms returns FALSE
T7150 408:871.360 JLINK_IsHalted()
T7150 408:871.776 - 0.423ms returns FALSE
T7150 408:980.320 JLINK_IsHalted()
T7150 408:980.992 - 0.663ms returns FALSE
T7150 408:981.024 JLINK_IsHalted()
T7150 408:981.504 - 0.478ms returns FALSE
T7150 409:090.368 JLINK_IsHalted()
T7150 409:091.040 - 0.700ms returns FALSE
T7150 409:091.168 JLINK_IsHalted()
T7150 409:091.872 - 0.673ms returns FALSE
T7150 409:199.808 JLINK_IsHalted()
T7150 409:200.416 - 0.590ms returns FALSE
T7150 409:200.448 JLINK_IsHalted()
T7150 409:200.800 - 0.347ms returns FALSE
T7150 409:309.088 JLINK_IsHalted()
T7150 409:309.536 - 0.470ms returns FALSE
T7150 409:309.600 JLINK_IsHalted()
T7150 409:310.048 - 0.456ms returns FALSE
T7150 409:418.240 JLINK_IsHalted()
T7150 409:418.880 - 0.634ms returns FALSE
T7150 409:418.944 JLINK_IsHalted()
T7150 409:419.456 - 0.524ms returns FALSE
T7150 409:527.488 JLINK_IsHalted()
T7150 409:528.096 - 0.624ms returns FALSE
T7150 409:528.128 JLINK_IsHalted()
T7150 409:528.544 - 0.412ms returns FALSE
T9440 409:600.384 JLINK_IsHalted()
T9440 409:600.928 - 0.529ms returns FALSE
T9440 409:600.960 JLINK_IsHalted()
T9440 409:601.440 - 0.456ms returns FALSE
T7150 409:636.352 JLINK_IsHalted()
T7150 409:636.800 - 0.447ms returns FALSE
T7150 409:636.832 JLINK_IsHalted()
T7150 409:637.216 - 0.385ms returns FALSE
T7150 409:746.496 JLINK_IsHalted()
T7150 409:747.104 - 0.608ms returns FALSE
T7150 409:747.200 JLINK_IsHalted()
T7150 409:747.776 - 0.564ms returns FALSE
T7150 409:855.328 JLINK_IsHalted()
T7150 409:856.032 - 0.695ms returns FALSE
T7150 409:856.096 JLINK_IsHalted()
T7150 409:856.448 - 0.366ms returns FALSE
T7150 409:965.120 JLINK_IsHalted()
T7150 409:965.504 - 0.368ms returns FALSE
T7150 409:965.504 JLINK_IsHalted()
T7150 409:965.952 - 0.424ms returns FALSE
T7150 410:074.240 JLINK_IsHalted()
T7150 410:074.880 - 0.629ms returns FALSE
T7150 410:074.976 JLINK_IsHalted()
T7150 410:075.584 - 0.612ms returns FALSE
T7150 410:183.264 JLINK_IsHalted()
T7150 410:183.712 - 0.421ms returns FALSE
T7150 410:183.744 JLINK_IsHalted()
T7150 410:184.352 - 0.603ms returns FALSE
T7150 410:292.672 JLINK_IsHalted()
T7150 410:293.184 - 0.515ms returns FALSE
T7150 410:293.216 JLINK_IsHalted()
T7150 410:293.632 - 0.403ms returns FALSE
T7150 410:402.400 JLINK_IsHalted()
T7150 410:403.008 - 0.611ms returns FALSE
T7150 410:403.072 JLINK_IsHalted()
T7150 410:403.584 - 0.503ms returns FALSE
T7150 410:511.808 JLINK_IsHalted()
T7150 410:513.792 - 2.008ms returns FALSE
T7150 410:513.856 JLINK_IsHalted()
T7150 410:514.368 - 0.523ms returns FALSE
T9440 410:601.408 JLINK_IsHalted()
T9440 410:601.952 - 0.547ms returns FALSE
T9440 410:602.016 JLINK_IsHalted()
T9440 410:602.368 - 0.358ms returns FALSE
T7150 410:620.704 JLINK_IsHalted()
T7150 410:621.248 - 0.530ms returns FALSE
T7150 410:621.280 JLINK_IsHalted()
T7150 410:621.664 - 0.385ms returns FALSE
T7150 410:730.528 JLINK_IsHalted()
T7150 410:731.104 - 0.579ms returns FALSE
T7150 410:731.168 JLINK_IsHalted()
T7150 410:731.744 - 0.602ms returns FALSE
T7150 410:840.000 JLINK_IsHalted()
T7150 410:840.480 - 0.488ms returns FALSE
T7150 410:840.512 JLINK_IsHalted()
T7150 410:840.896 - 0.387ms returns FALSE
T7150 410:949.472 JLINK_IsHalted()
T7150 410:949.952 - 0.490ms returns FALSE
T7150 410:950.016 JLINK_IsHalted()
T7150 410:950.336 - 0.348ms returns FALSE
T7150 411:058.240 JLINK_IsHalted()
T7150 411:058.752 - 0.469ms returns FALSE
T7150 411:058.752 JLINK_IsHalted()
T7150 411:059.072 - 0.323ms returns FALSE
T7150 411:167.776 JLINK_IsHalted()
T7150 411:168.320 - 0.568ms returns FALSE
T7150 411:168.384 JLINK_IsHalted()
T7150 411:168.960 - 0.555ms returns FALSE
T7150 411:277.280 JLINK_IsHalted()
T7150 411:277.920 - 0.629ms returns FALSE
T7150 411:277.984 JLINK_IsHalted()
T7150 411:278.432 - 0.442ms returns FALSE
T7150 411:387.040 JLINK_IsHalted()
T7150 411:387.584 - 0.548ms returns FALSE
T7150 411:387.584 JLINK_IsHalted()
T7150 411:387.968 - 0.357ms returns FALSE
T7150 411:496.128 JLINK_IsHalted()
T7150 411:496.512 - 0.405ms returns FALSE
T7150 411:496.576 JLINK_IsHalted()
T7150 411:496.896 - 0.302ms returns FALSE
T9440 411:603.648 JLINK_IsHalted()
T9440 411:604.096 - 0.416ms returns FALSE
T9440 411:604.128 JLINK_IsHalted()
T9440 411:604.544 - 0.428ms returns FALSE
T7150 411:605.856 JLINK_IsHalted()
T7150 411:606.240 - 0.397ms returns FALSE
T7150 411:606.304 JLINK_IsHalted()
T7150 411:606.720 - 0.408ms returns FALSE
T7150 411:715.040 JLINK_IsHalted()
T7150 411:715.424 - 0.377ms returns FALSE
T7150 411:715.456 JLINK_IsHalted()
T7150 411:717.024 - 1.560ms returns FALSE
T7150 411:825.088 JLINK_IsHalted()
T7150 411:825.632 - 0.532ms returns FALSE
T7150 411:825.696 JLINK_IsHalted()
T7150 411:826.080 - 0.377ms returns FALSE
T7150 411:933.600 JLINK_IsHalted()
T7150 411:934.144 - 0.546ms returns FALSE
T7150 411:934.208 JLINK_IsHalted()
T7150 411:934.784 - 0.565ms returns FALSE
T7150 412:042.752 JLINK_IsHalted()
T7150 412:043.200 - 0.468ms returns FALSE
T7150 412:043.296 JLINK_IsHalted()
T7150 412:043.712 - 0.439ms returns FALSE
T7150 412:152.128 JLINK_IsHalted()
T7150 412:152.544 - 0.419ms returns FALSE
T7150 412:152.608 JLINK_IsHalted()
T7150 412:153.024 - 0.400ms returns FALSE
T7150 412:261.536 JLINK_IsHalted()
T7150 412:261.920 - 0.402ms returns FALSE
T7150 412:261.952 JLINK_IsHalted()
T7150 412:262.304 - 0.335ms returns FALSE
T7150 412:370.688 JLINK_IsHalted()
T7150 412:371.040 - 0.371ms returns FALSE
T7150 412:371.072 JLINK_IsHalted()
T7150 412:371.488 - 0.391ms returns FALSE
T7150 412:480.512 JLINK_IsHalted()
T7150 412:481.184 - 0.655ms returns FALSE
T7150 412:481.216 JLINK_IsHalted()
T7150 412:481.664 - 0.437ms returns FALSE
T7150 412:589.728 JLINK_IsHalted()
T7150 412:590.240 - 0.512ms returns FALSE
T7150 412:590.272 JLINK_IsHalted()
T7150 412:590.720 - 0.465ms returns FALSE
T9440 412:604.736 JLINK_IsHalted()
T9440 412:605.248 - 0.520ms returns FALSE
T9440 412:605.248 JLINK_IsHalted()
T9440 412:605.632 - 0.394ms returns FALSE
T7150 412:698.912 JLINK_IsHalted()
T7150 412:699.328 - 0.426ms returns FALSE
T7150 412:699.360 JLINK_IsHalted()
T7150 412:699.712 - 0.325ms returns FALSE
T7150 412:808.832 JLINK_IsHalted()
T7150 412:809.248 - 0.423ms returns FALSE
T7150 412:809.280 JLINK_IsHalted()
T7150 412:809.600 - 0.333ms returns FALSE
T7150 412:917.888 JLINK_IsHalted()
T7150 412:918.464 - 0.556ms returns FALSE
T7150 412:918.496 JLINK_IsHalted()
T7150 412:918.976 - 0.443ms returns FALSE
T7150 413:027.008 JLINK_IsHalted()
T7150 413:027.552 - 0.545ms returns FALSE
T7150 413:027.616 JLINK_IsHalted()
T7150 413:028.032 - 0.407ms returns FALSE
T7150 413:136.576 JLINK_IsHalted()
T7150 413:137.152 - 0.546ms returns FALSE
T7150 413:137.216 JLINK_IsHalted()
T7150 413:137.632 - 0.436ms returns FALSE
T7150 413:247.200 JLINK_IsHalted()
T7150 413:247.776 - 0.570ms returns FALSE
T7150 413:247.808 JLINK_IsHalted()
T7150 413:248.192 - 0.398ms returns FALSE
T7150 413:356.128 JLINK_IsHalted()
T7150 413:356.608 - 0.466ms returns FALSE
T7150 413:356.608 JLINK_IsHalted()
T7150 413:356.992 - 0.341ms returns FALSE
T7150 413:464.672 JLINK_IsHalted()
T7150 413:465.152 - 0.498ms returns FALSE
T7150 413:465.216 JLINK_IsHalted()
T7150 413:465.696 - 0.491ms returns FALSE
T7150 413:575.040 JLINK_IsHalted()
T7150 413:575.776 - 0.750ms returns FALSE
T7150 413:575.840 JLINK_IsHalted()
T7150 413:576.256 - 0.423ms returns FALSE
T9440 413:606.080 JLINK_IsHalted()
T9440 413:606.784 - 0.678ms returns FALSE
T9440 413:606.848 JLINK_IsHalted()
T9440 413:607.232 - 0.402ms returns FALSE
T7150 413:684.224 JLINK_IsHalted()
T7150 413:684.800 - 0.573ms returns FALSE
T7150 413:684.832 JLINK_IsHalted()
T7150 413:685.344 - 0.503ms returns FALSE
T7150 413:793.216 JLINK_IsHalted()
T7150 413:793.824 - 0.623ms returns FALSE
T7150 413:793.856 JLINK_IsHalted()
T7150 413:794.368 - 0.499ms returns FALSE
T7150 413:902.624 JLINK_IsHalted()
T7150 413:903.008 - 0.395ms returns FALSE
T7150 413:903.040 JLINK_IsHalted()
T7150 413:903.296 - 0.262ms returns FALSE
T7150 414:011.968 JLINK_IsHalted()
T7150 414:012.704 - 0.743ms returns FALSE
T7150 414:012.800 JLINK_IsHalted()
T7150 414:013.472 - 0.658ms returns FALSE
T7150 414:120.960 JLINK_IsHalted()
T7150 414:121.600 - 0.630ms returns FALSE
T7150 414:121.664 JLINK_IsHalted()
T7150 414:122.176 - 0.517ms returns FALSE
T7150 414:231.136 JLINK_IsHalted()
T7150 414:231.808 - 0.647ms returns FALSE
T7150 414:231.872 JLINK_IsHalted()
T7150 414:232.448 - 0.579ms returns FALSE
T7150 414:340.032 JLINK_IsHalted()
T7150 414:340.544 - 0.546ms returns FALSE
T7150 414:340.608 JLINK_IsHalted()
T7150 414:341.088 - 0.485ms returns FALSE
T7150 414:449.440 JLINK_IsHalted()
T7150 414:450.112 - 0.657ms returns FALSE
T7150 414:450.176 JLINK_IsHalted()
T7150 414:450.720 - 0.525ms returns FALSE
T7150 414:558.400 JLINK_IsHalted()
T7150 414:559.040 - 0.618ms returns FALSE
T7150 414:559.104 JLINK_IsHalted()
T7150 414:559.648 - 0.547ms returns FALSE
T9440 414:608.192 JLINK_IsHalted()
T9440 414:608.832 - 0.639ms returns FALSE
T9440 414:608.864 JLINK_IsHalted()
T9440 414:609.344 - 0.497ms returns FALSE
T7150 414:667.968 JLINK_IsHalted()
T7150 414:668.640 - 0.684ms returns FALSE
T7150 414:668.736 JLINK_IsHalted()
T7150 414:669.408 - 0.654ms returns FALSE
T7150 414:777.408 JLINK_IsHalted()
T7150 414:779.296 - 1.859ms returns FALSE
T7150 414:779.392 JLINK_IsHalted()
T7150 414:780.032 - 0.658ms returns FALSE
T7150 414:888.512 JLINK_IsHalted()
T7150 414:889.152 - 0.653ms returns FALSE
T7150 414:889.280 JLINK_IsHalted()
T7150 414:889.824 - 0.558ms returns FALSE
T7150 414:996.224 JLINK_IsHalted()
T7150 414:996.832 - 0.624ms returns FALSE
T7150 414:996.928 JLINK_IsHalted()
T7150 414:997.504 - 0.600ms returns FALSE
T7150 415:105.728 JLINK_IsHalted()
T7150 415:106.592 - 0.861ms returns FALSE
T7150 415:106.816 JLINK_IsHalted()
T7150 415:107.552 - 0.761ms returns FALSE
T7150 415:214.848 JLINK_IsHalted()
T7150 415:215.264 - 0.400ms returns FALSE
T7150 415:215.296 JLINK_IsHalted()
T7150 415:215.616 - 0.304ms returns FALSE
T7150 415:324.800 JLINK_IsHalted()
T7150 415:325.568 - 0.762ms returns FALSE
T7150 415:325.632 JLINK_IsHalted()
T7150 415:326.208 - 0.552ms returns FALSE
T7150 415:433.696 JLINK_IsHalted()
T7150 415:434.368 - 0.655ms returns FALSE
T7150 415:434.464 JLINK_IsHalted()
T7150 415:435.040 - 0.570ms returns FALSE
T7150 415:543.104 JLINK_IsHalted()
T7150 415:543.552 - 0.455ms returns FALSE
T7150 415:543.616 JLINK_IsHalted()
T7150 415:543.904 - 0.303ms returns FALSE
T9440 415:610.976 JLINK_IsHalted()
T9440 415:611.712 - 0.703ms returns FALSE
T9440 415:611.808 JLINK_IsHalted()
T9440 415:612.224 - 0.413ms returns FALSE
T7150 415:652.096 JLINK_IsHalted()
T7150 415:652.608 - 0.531ms returns FALSE
T7150 415:652.672 JLINK_IsHalted()
T7150 415:653.152 - 0.484ms returns FALSE
T7150 415:762.208 JLINK_IsHalted()
T7150 415:762.656 - 0.448ms returns FALSE
T7150 415:762.656 JLINK_IsHalted()
T7150 415:763.072 - 0.405ms returns FALSE
T7150 415:871.552 JLINK_IsHalted()
T7150 415:872.224 - 0.681ms returns FALSE
T7150 415:872.320 JLINK_IsHalted()
T7150 415:872.832 - 0.509ms returns FALSE
T7150 415:980.224 JLINK_IsHalted()
T7150 415:980.768 - 0.529ms returns FALSE
T7150 415:980.832 JLINK_IsHalted()
T7150 415:981.152 - 0.347ms returns FALSE
T7150 416:089.856 JLINK_IsHalted()
T7150 416:090.400 - 0.555ms returns FALSE
T7150 416:090.432 JLINK_IsHalted()
T7150 416:090.880 - 0.439ms returns FALSE
T7150 416:199.456 JLINK_IsHalted()
T7150 416:200.320 - 0.866ms returns FALSE
T7150 416:200.416 JLINK_IsHalted()
T7150 416:200.992 - 0.568ms returns FALSE
T7150 416:308.672 JLINK_IsHalted()
T7150 416:309.184 - 0.507ms returns FALSE
T7150 416:309.216 JLINK_IsHalted()
T7150 416:309.632 - 0.407ms returns FALSE
T7150 416:417.824 JLINK_IsHalted()
T7150 416:418.368 - 0.578ms returns FALSE
T7150 416:418.432 JLINK_IsHalted()
T7150 416:418.848 - 0.425ms returns FALSE
T7150 416:527.968 JLINK_IsHalted()
T7150 416:528.448 - 0.478ms returns FALSE
T7150 416:528.480 JLINK_IsHalted()
T7150 416:529.056 - 0.550ms returns FALSE
T9440 416:613.472 JLINK_IsHalted()
T9440 416:614.176 - 0.675ms returns FALSE
T9440 416:614.208 JLINK_IsHalted()
T9440 416:614.720 - 0.476ms returns FALSE
T7150 416:636.448 JLINK_IsHalted()
T7150 416:637.184 - 0.739ms returns FALSE
T7150 416:637.280 JLINK_IsHalted()
T7150 416:637.888 - 0.586ms returns FALSE
T7150 416:746.368 JLINK_IsHalted()
T7150 416:746.848 - 0.488ms returns FALSE
T7150 416:746.944 JLINK_IsHalted()
T7150 416:747.328 - 0.431ms returns FALSE
T7150 416:855.904 JLINK_IsHalted()
T7150 416:856.480 - 0.574ms returns FALSE
T7150 416:856.512 JLINK_IsHalted()
T7150 416:856.896 - 0.354ms returns FALSE
T7150 416:964.640 JLINK_IsHalted()
T7150 416:964.992 - 0.348ms returns FALSE
T7150 416:965.056 JLINK_IsHalted()
T7150 416:965.408 - 0.344ms returns FALSE
T7150 417:074.368 JLINK_IsHalted()
T7150 417:074.848 - 0.443ms returns FALSE
T7150 417:074.880 JLINK_IsHalted()
T7150 417:075.392 - 0.543ms returns FALSE
T7150 417:183.680 JLINK_IsHalted()
T7150 417:184.160 - 0.453ms returns FALSE
T7150 417:184.192 JLINK_IsHalted()
T7150 417:184.608 - 0.442ms returns FALSE
T7150 417:292.800 JLINK_IsHalted()
T7150 417:293.376 - 0.563ms returns FALSE
T7150 417:293.408 JLINK_IsHalted()
T7150 417:293.792 - 0.376ms returns FALSE
T7150 417:402.880 JLINK_IsHalted()
T7150 417:403.456 - 0.574ms returns FALSE
T7150 417:403.520 JLINK_IsHalted()
T7150 417:404.096 - 0.539ms returns FALSE
T7150 417:511.648 JLINK_IsHalted()
T7150 417:512.064 - 0.397ms returns FALSE
T7150 417:512.096 JLINK_IsHalted()
T7150 417:512.416 - 0.337ms returns FALSE
T9440 417:615.264 JLINK_IsHalted()
T9440 417:615.840 - 0.597ms returns FALSE
T9440 417:615.968 JLINK_IsHalted()
T9440 417:616.544 - 0.562ms returns FALSE
T7150 417:622.432 JLINK_IsHalted()
T7150 417:622.880 - 0.442ms returns FALSE
T7150 417:622.912 JLINK_IsHalted()
T7150 417:623.712 - 0.795ms returns FALSE
T7150 417:730.944 JLINK_IsHalted()
T7150 417:731.616 - 0.652ms returns FALSE
T7150 417:731.648 JLINK_IsHalted()
T7150 417:732.192 - 0.528ms returns FALSE
T7150 417:839.488 JLINK_IsHalted()
T7150 417:840.000 - 0.513ms returns FALSE
T7150 417:840.032 JLINK_IsHalted()
T7150 417:840.448 - 0.392ms returns FALSE
T7150 417:949.568 JLINK_IsHalted()
T7150 417:951.200 - 1.650ms returns FALSE
T7150 417:951.296 JLINK_IsHalted()
T7150 417:951.840 - 0.533ms returns FALSE
T7150 418:058.432 JLINK_IsHalted()
T7150 418:058.816 - 0.391ms returns FALSE
T7150 418:058.816 JLINK_IsHalted()
T7150 418:059.168 - 0.333ms returns FALSE
T7150 418:167.680 JLINK_IsHalted()
T7150 418:168.288 - 0.617ms returns FALSE
T7150 418:168.352 JLINK_IsHalted()
T7150 418:168.896 - 0.569ms returns FALSE
T7150 418:277.824 JLINK_IsHalted()
T7150 418:278.560 - 0.726ms returns FALSE
T7150 418:278.688 JLINK_IsHalted()
T7150 418:279.264 - 0.590ms returns FALSE
T7150 418:386.432 JLINK_IsHalted()
T7150 418:386.944 - 0.534ms returns FALSE
T7150 418:387.008 JLINK_IsHalted()
T7150 418:387.392 - 0.395ms returns FALSE
T7150 418:496.448 JLINK_IsHalted()
T7150 418:496.960 - 0.495ms returns FALSE
T7150 418:497.024 JLINK_IsHalted()
T7150 418:497.504 - 0.505ms returns FALSE
T7150 418:605.856 JLINK_IsHalted()
T7150 418:606.496 - 0.632ms returns FALSE
T7150 418:606.560 JLINK_IsHalted()
T7150 418:607.168 - 0.588ms returns FALSE
T9440 418:617.120 JLINK_IsHalted()
T9440 418:617.728 - 0.607ms returns FALSE
T9440 418:617.792 JLINK_IsHalted()
T9440 418:618.240 - 0.440ms returns FALSE
T7150 418:715.648 JLINK_IsHalted()
T7150 418:716.288 - 0.641ms returns FALSE
T7150 418:716.384 JLINK_IsHalted()
T7150 418:717.088 - 0.697ms returns FALSE
T7150 418:824.384 JLINK_IsHalted()
T7150 418:825.088 - 0.672ms returns FALSE
T7150 418:825.152 JLINK_IsHalted()
T7150 418:825.536 - 0.412ms returns FALSE
T7150 418:934.912 JLINK_IsHalted()
T7150 418:936.992 - 2.086ms returns FALSE
T7150 418:937.088 JLINK_IsHalted()
T7150 418:937.664 - 0.586ms returns FALSE
T7150 419:043.008 JLINK_IsHalted()
T7150 419:043.616 - 0.598ms returns FALSE
T7150 419:043.680 JLINK_IsHalted()
T7150 419:044.256 - 0.561ms returns FALSE
T7150 419:152.128 JLINK_IsHalted()
T7150 419:152.864 - 0.746ms returns FALSE
T7150 419:152.960 JLINK_IsHalted()
T7150 419:153.600 - 0.609ms returns FALSE
T7150 419:262.016 JLINK_IsHalted()
T7150 419:262.880 - 0.833ms returns FALSE
T7150 419:262.976 JLINK_IsHalted()
T7150 419:263.552 - 0.572ms returns FALSE
T7150 419:371.328 JLINK_IsHalted()
T7150 419:371.968 - 0.670ms returns FALSE
T7150 419:372.032 JLINK_IsHalted()
T7150 419:372.608 - 0.560ms returns FALSE
T7150 419:480.480 JLINK_IsHalted()
T7150 419:481.024 - 0.534ms returns FALSE
T7150 419:481.056 JLINK_IsHalted()
T7150 419:481.472 - 0.423ms returns FALSE
T7150 419:589.664 JLINK_IsHalted()
T7150 419:590.464 - 0.785ms returns FALSE
T7150 419:590.560 JLINK_IsHalted()
T7150 419:591.168 - 0.617ms returns FALSE
T9440 419:619.360 JLINK_IsHalted()
T9440 419:620.096 - 0.729ms returns FALSE
T9440 419:620.192 JLINK_IsHalted()
T9440 419:620.800 - 0.610ms returns FALSE
T7150 419:699.520 JLINK_IsHalted()
T7150 419:700.032 - 0.521ms returns FALSE
T7150 419:700.096 JLINK_IsHalted()
T7150 419:700.576 - 0.473ms returns FALSE
T7150 419:808.576 JLINK_IsHalted()
T7150 419:809.216 - 0.632ms returns FALSE
T7150 419:809.280 JLINK_IsHalted()
T7150 419:809.760 - 0.491ms returns FALSE
T7150 419:918.144 JLINK_IsHalted()
T7150 419:918.656 - 0.506ms returns FALSE
T7150 419:918.720 JLINK_IsHalted()
T7150 419:919.168 - 0.428ms returns FALSE
T7150 420:027.456 JLINK_IsHalted()
T7150 420:028.096 - 0.647ms returns FALSE
T7150 420:028.160 JLINK_IsHalted()
T7150 420:028.640 - 0.488ms returns FALSE
T7150 420:136.768 JLINK_IsHalted()
T7150 420:137.280 - 0.527ms returns FALSE
T7150 420:137.344 JLINK_IsHalted()
T7150 420:137.728 - 0.408ms returns FALSE
T7150 420:246.400 JLINK_IsHalted()
T7150 420:248.320 - 1.925ms returns FALSE
T7150 420:248.448 JLINK_IsHalted()
T7150 420:249.120 - 0.661ms returns FALSE
T7150 420:355.456 JLINK_IsHalted()
T7150 420:355.904 - 0.441ms returns FALSE
T7150 420:355.936 JLINK_IsHalted()
T7150 420:356.352 - 0.412ms returns FALSE
T7150 420:465.280 JLINK_IsHalted()
T7150 420:465.792 - 0.516ms returns FALSE
T7150 420:465.856 JLINK_IsHalted()
T7150 420:466.240 - 0.386ms returns FALSE
T7150 420:574.496 JLINK_IsHalted()
T7150 420:575.296 - 0.798ms returns FALSE
T7150 420:575.360 JLINK_IsHalted()
T7150 420:576.000 - 0.639ms returns FALSE
T9440 420:621.888 JLINK_IsHalted()
T9440 420:622.496 - 0.586ms returns FALSE
T9440 420:622.560 JLINK_IsHalted()
T9440 420:624.352 - 1.789ms returns FALSE
T7150 420:683.552 JLINK_IsHalted()
T7150 420:684.288 - 0.727ms returns FALSE
T7150 420:684.448 JLINK_IsHalted()
T7150 420:686.272 - 1.847ms returns FALSE
T7150 420:792.768 JLINK_IsHalted()
T7150 420:793.408 - 0.628ms returns FALSE
T7150 420:793.472 JLINK_IsHalted()
T7150 420:794.016 - 0.546ms returns FALSE
T7150 420:902.496 JLINK_IsHalted()
T7150 420:902.976 - 0.499ms returns FALSE
T7150 420:903.040 JLINK_IsHalted()
T7150 420:903.456 - 0.419ms returns FALSE
T7150 421:011.616 JLINK_IsHalted()
T7150 421:012.192 - 0.597ms returns FALSE
T7150 421:012.224 JLINK_IsHalted()
T7150 421:012.640 - 0.404ms returns FALSE
T7150 421:121.440 JLINK_IsHalted()
T7150 421:121.984 - 0.542ms returns FALSE
T7150 421:122.048 JLINK_IsHalted()
T7150 421:122.592 - 0.547ms returns FALSE
T7150 421:230.528 JLINK_IsHalted()
T7150 421:231.008 - 0.498ms returns FALSE
T7150 421:231.040 JLINK_IsHalted()
T7150 421:231.392 - 0.343ms returns FALSE
T7150 421:340.288 JLINK_IsHalted()
T7150 421:340.864 - 0.589ms returns FALSE
T7150 421:340.960 JLINK_IsHalted()
T7150 421:341.600 - 0.635ms returns FALSE
T7150 421:449.440 JLINK_IsHalted()
T7150 421:449.920 - 0.465ms returns FALSE
T7150 421:449.984 JLINK_IsHalted()
T7150 421:450.432 - 0.427ms returns FALSE
T7150 421:558.560 JLINK_IsHalted()
T7150 421:559.104 - 0.551ms returns FALSE
T7150 421:559.136 JLINK_IsHalted()
T7150 421:559.584 - 0.437ms returns FALSE
T9440 421:625.952 JLINK_IsHalted()
T9440 421:626.496 - 0.519ms returns FALSE
T9440 421:626.560 JLINK_IsHalted()
T9440 421:627.008 - 0.422ms returns FALSE
T7150 421:668.064 JLINK_IsHalted()
T7150 421:668.480 - 0.414ms returns FALSE
T7150 421:668.544 JLINK_IsHalted()
T7150 421:668.928 - 0.382ms returns FALSE
T7150 421:777.344 JLINK_IsHalted()
T7150 421:777.856 - 0.521ms returns FALSE
T7150 421:777.920 JLINK_IsHalted()
T7150 421:778.240 - 0.327ms returns FALSE
T7150 421:886.336 JLINK_IsHalted()
T7150 421:886.784 - 0.447ms returns FALSE
T7150 421:886.848 JLINK_IsHalted()
T7150 421:887.168 - 0.326ms returns FALSE
T7150 421:996.480 JLINK_IsHalted()
T7150 421:997.120 - 0.648ms returns FALSE
T7150 421:997.184 JLINK_IsHalted()
T7150 421:997.760 - 0.596ms returns FALSE
T7150 422:105.920 JLINK_IsHalted()
T7150 422:106.464 - 0.540ms returns FALSE
T7150 422:106.528 JLINK_IsHalted()
T7150 422:106.944 - 0.402ms returns FALSE
T7150 422:215.232 JLINK_IsHalted()
T7150 422:215.872 - 0.636ms returns FALSE
T7150 422:215.904 JLINK_IsHalted()
T7150 422:216.384 - 0.488ms returns FALSE
T7150 422:324.512 JLINK_IsHalted()
T7150 422:326.496 - 1.984ms returns FALSE
T7150 422:326.560 JLINK_IsHalted()
T7150 422:327.008 - 0.462ms returns FALSE
T7150 422:433.920 JLINK_IsHalted()
T7150 422:434.400 - 0.478ms returns FALSE
T7150 422:434.464 JLINK_IsHalted()
T7150 422:435.936 - 1.501ms returns FALSE
T7150 422:544.032 JLINK_IsHalted()
T7150 422:544.640 - 0.599ms returns FALSE
T7150 422:544.672 JLINK_IsHalted()
T7150 422:545.216 - 0.526ms returns FALSE
T9440 422:628.032 JLINK_IsHalted()
T9440 422:628.672 - 0.622ms returns FALSE
T9440 422:628.736 JLINK_IsHalted()
T9440 422:629.184 - 0.452ms returns FALSE
T7150 422:652.960 JLINK_IsHalted()
T7150 422:653.760 - 0.795ms returns FALSE
T7150 422:653.952 JLINK_IsHalted()
T7150 422:654.848 - 0.895ms returns FALSE
T7150 422:761.504 JLINK_IsHalted()
T7150 422:762.176 - 0.688ms returns FALSE
T7150 422:762.304 JLINK_IsHalted()
T7150 422:762.944 - 0.657ms returns FALSE
T7150 422:871.200 JLINK_IsHalted()
T7150 422:871.936 - 0.723ms returns FALSE
T7150 422:872.064 JLINK_IsHalted()
T7150 422:872.640 - 0.560ms returns FALSE
T7150 422:980.640 JLINK_IsHalted()
T7150 422:981.312 - 0.646ms returns FALSE
T7150 422:981.312 JLINK_IsHalted()
T7150 422:981.824 - 0.495ms returns FALSE
T7150 423:089.536 JLINK_IsHalted()
T7150 423:090.016 - 0.480ms returns FALSE
T7150 423:090.080 JLINK_IsHalted()
T7150 423:090.400 - 0.335ms returns FALSE
T7150 423:199.168 JLINK_IsHalted()
T7150 423:200.000 - 0.833ms returns FALSE
T7150 423:200.096 JLINK_IsHalted()
T7150 423:200.576 - 0.485ms returns FALSE
T7150 423:308.384 JLINK_IsHalted()
T7150 423:308.992 - 0.575ms returns FALSE
T7150 423:309.056 JLINK_IsHalted()
T7150 423:309.632 - 0.585ms returns FALSE
T7150 423:418.432 JLINK_IsHalted()
T7150 423:418.944 - 0.550ms returns FALSE
T7150 423:419.008 JLINK_IsHalted()
T7150 423:419.456 - 0.440ms returns FALSE
T7150 423:527.232 JLINK_IsHalted()
T7150 423:527.840 - 0.570ms returns FALSE
T7150 423:527.872 JLINK_IsHalted()
T7150 423:528.288 - 0.448ms returns FALSE
T9440 423:630.560 JLINK_IsHalted()
T9440 423:631.168 - 0.589ms returns FALSE
T9440 423:631.264 JLINK_IsHalted()
T9440 423:631.776 - 0.509ms returns FALSE
T7150 423:637.376 JLINK_IsHalted()
T7150 423:637.824 - 0.479ms returns FALSE
T7150 423:637.888 JLINK_IsHalted()
T7150 423:638.208 - 0.308ms returns FALSE
T7150 423:746.208 JLINK_IsHalted()
T7150 423:746.752 - 0.544ms returns FALSE
T7150 423:746.816 JLINK_IsHalted()
T7150 423:747.264 - 0.476ms returns FALSE
T7150 423:855.200 JLINK_IsHalted()
T7150 423:855.936 - 0.744ms returns FALSE
T7150 423:857.440 JLINK_IsHalted()
T7150 423:858.144 - 0.723ms returns FALSE
T7150 423:965.248 JLINK_IsHalted()
T7150 423:965.696 - 0.475ms returns FALSE
T7150 423:965.728 JLINK_IsHalted()
T7150 423:966.080 - 0.351ms returns FALSE
T7150 424:074.240 JLINK_IsHalted()
T7150 424:074.816 - 0.560ms returns FALSE
T7150 424:074.848 JLINK_IsHalted()
T7150 424:075.328 - 0.456ms returns FALSE
T7150 424:184.032 JLINK_IsHalted()
T7150 424:184.480 - 0.431ms returns FALSE
T7150 424:184.512 JLINK_IsHalted()
T7150 424:184.896 - 0.371ms returns FALSE
T7150 424:293.088 JLINK_IsHalted()
T7150 424:293.696 - 0.591ms returns FALSE
T7150 424:293.728 JLINK_IsHalted()
T7150 424:294.080 - 0.350ms returns FALSE
T7150 424:402.752 JLINK_IsHalted()
T7150 424:403.264 - 0.555ms returns FALSE
T7150 424:403.328 JLINK_IsHalted()
T7150 424:403.776 - 0.439ms returns FALSE
T7150 424:512.320 JLINK_IsHalted()
T7150 424:512.896 - 0.597ms returns FALSE
T7150 424:512.960 JLINK_IsHalted()
T7150 424:513.536 - 0.563ms returns FALSE
T7150 424:620.928 JLINK_IsHalted()
T7150 424:621.440 - 0.508ms returns FALSE
T7150 424:621.504 JLINK_IsHalted()
T7150 424:621.792 - 0.308ms returns FALSE
T9440 424:632.256 JLINK_IsHalted()
T9440 424:632.672 - 0.391ms returns FALSE
T9440 424:632.704 JLINK_IsHalted()
T9440 424:632.928 - 0.247ms returns FALSE
T7150 424:730.400 JLINK_IsHalted()
T7150 424:730.816 - 0.413ms returns FALSE
T7150 424:730.848 JLINK_IsHalted()
T7150 424:731.232 - 0.396ms returns FALSE
T7150 424:839.744 JLINK_IsHalted()
T7150 424:840.224 - 0.490ms returns FALSE
T7150 424:840.256 JLINK_IsHalted()
T7150 424:840.640 - 0.381ms returns FALSE
T7150 424:948.896 JLINK_IsHalted()
T7150 424:949.408 - 0.515ms returns FALSE
T7150 424:949.440 JLINK_IsHalted()
T7150 424:949.728 - 0.303ms returns FALSE
T7150 425:058.368 JLINK_IsHalted()
T7150 425:058.912 - 0.551ms returns FALSE
T7150 425:058.976 JLINK_IsHalted()
T7150 425:059.392 - 0.402ms returns FALSE
T7150 425:168.032 JLINK_IsHalted()
T7150 425:168.576 - 0.537ms returns FALSE
T7150 425:168.608 JLINK_IsHalted()
T7150 425:169.024 - 0.422ms returns FALSE
T7150 425:277.824 JLINK_IsHalted()
T7150 425:278.272 - 0.444ms returns FALSE
T7150 425:278.304 JLINK_IsHalted()
T7150 425:278.656 - 0.360ms returns FALSE
T7150 425:387.584 JLINK_IsHalted()
T7150 425:388.000 - 0.437ms returns FALSE
T7150 425:388.032 JLINK_IsHalted()
T7150 425:388.352 - 0.310ms returns FALSE
T7150 425:496.000 JLINK_IsHalted()
T7150 425:496.512 - 0.510ms returns FALSE
T7150 425:496.544 JLINK_IsHalted()
T7150 425:496.928 - 0.370ms returns FALSE
T7150 425:605.792 JLINK_IsHalted()
T7150 425:606.368 - 0.596ms returns FALSE
T7150 425:606.464 JLINK_IsHalted()
T7150 425:606.976 - 0.533ms returns FALSE
T9440 425:634.720 JLINK_IsHalted()
T9440 425:636.800 - 2.112ms returns FALSE
T9440 425:636.960 JLINK_IsHalted()
T9440 425:638.976 - 1.997ms returns FALSE
T7150 425:715.264 JLINK_IsHalted()
T7150 425:718.112 - 2.833ms returns FALSE
T7150 425:718.272 JLINK_IsHalted()
T7150 425:718.880 - 0.622ms returns FALSE
T7150 425:823.968 JLINK_IsHalted()
T7150 425:824.832 - 0.848ms returns FALSE
T7150 425:824.896 JLINK_IsHalted()
T7150 425:825.472 - 0.570ms returns FALSE
T7150 425:933.632 JLINK_IsHalted()
T7150 425:934.080 - 0.471ms returns FALSE
T7150 425:934.144 JLINK_IsHalted()
T7150 425:934.528 - 0.380ms returns FALSE
T7150 426:043.456 JLINK_IsHalted()
T7150 426:043.904 - 0.422ms returns FALSE
T7150 426:043.968 JLINK_IsHalted()
T7150 426:044.320 - 0.367ms returns FALSE
T7150 426:152.768 JLINK_IsHalted()
T7150 426:153.344 - 0.550ms returns FALSE
T7150 426:153.408 JLINK_IsHalted()
T7150 426:153.856 - 0.434ms returns FALSE
T7150 426:261.824 JLINK_IsHalted()
T7150 426:262.464 - 0.637ms returns FALSE
T7150 426:262.528 JLINK_IsHalted()
T7150 426:262.944 - 0.414ms returns FALSE
T7150 426:371.200 JLINK_IsHalted()
T7150 426:371.904 - 0.692ms returns FALSE
T7150 426:372.000 JLINK_IsHalted()
T7150 426:373.152 - 1.144ms returns FALSE
T7150 426:480.224 JLINK_IsHalted()
T7150 426:480.800 - 0.559ms returns FALSE
T7150 426:480.896 JLINK_IsHalted()
T7150 426:481.376 - 0.495ms returns FALSE
T7150 426:589.824 JLINK_IsHalted()
T7150 426:590.272 - 0.445ms returns FALSE
T7150 426:590.304 JLINK_IsHalted()
T7150 426:590.688 - 0.372ms returns FALSE
T9440 426:640.288 JLINK_IsHalted()
T9440 426:640.896 - 0.622ms returns FALSE
T9440 426:640.960 JLINK_IsHalted()
T9440 426:641.440 - 0.441ms returns FALSE
T7150 426:699.488 JLINK_IsHalted()
T7150 426:699.968 - 0.469ms returns FALSE
T7150 426:700.000 JLINK_IsHalted()
T7150 426:700.384 - 0.364ms returns FALSE
T7150 426:808.480 JLINK_IsHalted()
T7150 426:809.120 - 0.627ms returns FALSE
T7150 426:809.216 JLINK_IsHalted()
T7150 426:809.792 - 0.579ms returns FALSE
T7150 426:918.496 JLINK_IsHalted()
T7150 426:919.168 - 0.680ms returns FALSE
T7150 426:919.232 JLINK_IsHalted()
T7150 426:919.840 - 0.582ms returns FALSE
T7150 427:027.200 JLINK_IsHalted()
T7150 427:029.152 - 1.958ms returns FALSE
T7150 427:029.248 JLINK_IsHalted()
T7150 427:029.824 - 0.594ms returns FALSE
T7150 427:136.960 JLINK_IsHalted()
T7150 427:137.600 - 0.611ms returns FALSE
T7150 427:137.632 JLINK_IsHalted()
T7150 427:138.208 - 0.560ms returns FALSE
T7150 427:245.856 JLINK_IsHalted()
T7150 427:246.304 - 0.466ms returns FALSE
T7150 427:246.336 JLINK_IsHalted()
T7150 427:246.656 - 0.297ms returns FALSE
T7150 427:355.136 JLINK_IsHalted()
T7150 427:355.872 - 0.733ms returns FALSE
T7150 427:355.968 JLINK_IsHalted()
T7150 427:356.512 - 0.566ms returns FALSE
T7150 427:465.504 JLINK_IsHalted()
T7150 427:465.952 - 0.469ms returns FALSE
T7150 427:466.048 JLINK_IsHalted()
T7150 427:466.944 - 0.915ms returns FALSE
T7150 427:574.656 JLINK_IsHalted()
T7150 427:575.072 - 0.416ms returns FALSE
T7150 427:575.104 JLINK_IsHalted()
T7150 427:575.424 - 0.338ms returns FALSE
T9440 427:642.560 JLINK_IsHalted()
T9440 427:643.072 - 0.513ms returns FALSE
T9440 427:643.104 JLINK_IsHalted()
T9440 427:643.584 - 0.468ms returns FALSE
T7150 427:683.520 JLINK_IsHalted()
T7150 427:684.032 - 0.553ms returns FALSE
T7150 427:684.096 JLINK_IsHalted()
T7150 427:684.448 - 0.372ms returns FALSE
T7150 427:793.152 JLINK_IsHalted()
T7150 427:793.728 - 0.550ms returns FALSE
T7150 427:793.728 JLINK_IsHalted()
T7150 427:794.080 - 0.333ms returns FALSE
T7150 427:902.784 JLINK_IsHalted()
T7150 427:903.328 - 0.537ms returns FALSE
T7150 427:903.360 JLINK_IsHalted()
T7150 427:903.712 - 0.370ms returns FALSE
T7150 428:011.488 JLINK_IsHalted()
T7150 428:012.096 - 0.601ms returns FALSE
T7150 428:012.096 JLINK_IsHalted()
T7150 428:012.544 - 0.417ms returns FALSE
T7150 428:121.152 JLINK_IsHalted()
T7150 428:121.888 - 0.705ms returns FALSE
T7150 428:121.920 JLINK_IsHalted()
T7150 428:122.528 - 0.580ms returns FALSE
T7150 428:230.368 JLINK_IsHalted()
T7150 428:230.848 - 0.466ms returns FALSE
T7150 428:230.848 JLINK_IsHalted()
T7150 428:231.392 - 0.531ms returns FALSE
T7150 428:339.936 JLINK_IsHalted()
T7150 428:340.320 - 0.378ms returns FALSE
T7150 428:340.352 JLINK_IsHalted()
T7150 428:340.640 - 0.280ms returns FALSE
T7150 428:449.568 JLINK_IsHalted()
T7150 428:449.952 - 0.379ms returns FALSE
T7150 428:449.984 JLINK_IsHalted()
T7150 428:450.368 - 0.359ms returns FALSE
T7150 428:558.304 JLINK_IsHalted()
T7150 428:558.752 - 0.435ms returns FALSE
T7150 428:558.784 JLINK_IsHalted()
T7150 428:559.168 - 0.394ms returns FALSE
T9440 428:644.128 JLINK_IsHalted()
T9440 428:644.512 - 0.382ms returns FALSE
T9440 428:644.544 JLINK_IsHalted()
T9440 428:644.896 - 0.335ms returns FALSE
T7150 428:668.032 JLINK_IsHalted()
T7150 428:668.480 - 0.426ms returns FALSE
T7150 428:668.512 JLINK_IsHalted()
T7150 428:668.832 - 0.306ms returns FALSE
T7150 428:777.408 JLINK_IsHalted()
T7150 428:777.792 - 0.404ms returns FALSE
T7150 428:777.824 JLINK_IsHalted()
T7150 428:778.176 - 0.355ms returns FALSE
T7150 428:887.296 JLINK_IsHalted()
T7150 428:887.712 - 0.426ms returns FALSE
T7150 428:887.776 JLINK_IsHalted()
T7150 428:888.064 - 0.300ms returns FALSE
T7150 428:996.640 JLINK_IsHalted()
T7150 428:997.184 - 0.545ms returns FALSE
T7150 428:997.280 JLINK_IsHalted()
T7150 428:997.600 - 0.325ms returns FALSE
T7150 429:105.600 JLINK_IsHalted()
T7150 429:106.144 - 0.568ms returns FALSE
T7150 429:106.176 JLINK_IsHalted()
T7150 429:106.496 - 0.325ms returns FALSE
T7150 429:214.464 JLINK_IsHalted()
T7150 429:215.040 - 0.559ms returns FALSE
T7150 429:215.072 JLINK_IsHalted()
T7150 429:215.552 - 0.468ms returns FALSE
T7150 429:324.640 JLINK_IsHalted()
T7150 429:326.656 - 1.998ms returns FALSE
T7150 429:326.656 JLINK_IsHalted()
T7150 429:327.136 - 0.456ms returns FALSE
T7150 429:433.408 JLINK_IsHalted()
T7150 429:434.112 - 0.694ms returns FALSE
T7150 429:434.208 JLINK_IsHalted()
T7150 429:434.784 - 0.544ms returns FALSE
T7150 429:543.232 JLINK_IsHalted()
T7150 429:543.744 - 0.538ms returns FALSE
T7150 429:543.776 JLINK_IsHalted()
T7150 429:544.352 - 0.560ms returns FALSE
T9440 429:646.144 JLINK_IsHalted()
T9440 429:646.912 - 0.768ms returns FALSE
T9440 429:647.040 JLINK_IsHalted()
T9440 429:647.680 - 0.643ms returns FALSE
T7150 429:652.544 JLINK_IsHalted()
T7150 429:653.344 - 0.800ms returns FALSE
T7150 429:653.440 JLINK_IsHalted()
T7150 429:655.104 - 1.652ms returns FALSE
T7150 429:761.952 JLINK_IsHalted()
T7150 429:762.464 - 0.505ms returns FALSE
T7150 429:762.496 JLINK_IsHalted()
T7150 429:762.880 - 0.343ms returns FALSE
T7150 429:871.040 JLINK_IsHalted()
T7150 429:871.520 - 0.476ms returns FALSE
T7150 429:871.552 JLINK_IsHalted()
T7150 429:872.064 - 0.495ms returns FALSE
T7150 429:980.352 JLINK_IsHalted()
T7150 429:980.736 - 0.401ms returns FALSE
T7150 429:980.768 JLINK_IsHalted()
T7150 429:981.120 - 0.319ms returns FALSE
T7150 430:090.848 JLINK_IsHalted()
T7150 430:091.360 - 0.534ms returns FALSE
T7150 430:091.424 JLINK_IsHalted()
T7150 430:091.936 - 0.507ms returns FALSE
T7150 430:199.360 JLINK_IsHalted()
T7150 430:199.744 - 0.428ms returns FALSE
T7150 430:199.808 JLINK_IsHalted()
T7150 430:200.128 - 0.343ms returns FALSE
T7150 430:308.448 JLINK_IsHalted()
T7150 430:309.024 - 0.550ms returns FALSE
T7150 430:309.056 JLINK_IsHalted()
T7150 430:309.472 - 0.443ms returns FALSE
T7150 430:417.664 JLINK_IsHalted()
T7150 430:418.368 - 0.732ms returns FALSE
T7150 430:418.432 JLINK_IsHalted()
T7150 430:419.040 - 0.608ms returns FALSE
T7150 430:527.072 JLINK_IsHalted()
T7150 430:527.488 - 0.400ms returns FALSE
T7150 430:527.488 JLINK_IsHalted()
T7150 430:527.904 - 0.377ms returns FALSE
T7150 430:636.448 JLINK_IsHalted()
T7150 430:636.960 - 0.545ms returns FALSE
T7150 430:637.056 JLINK_IsHalted()
T7150 430:637.632 - 0.560ms returns FALSE
T9440 430:648.480 JLINK_IsHalted()
T9440 430:649.184 - 0.740ms returns FALSE
T9440 430:649.344 JLINK_IsHalted()
T9440 430:649.952 - 0.586ms returns FALSE
T7150 430:745.856 JLINK_IsHalted()
T7150 430:746.464 - 0.599ms returns FALSE
T7150 430:746.528 JLINK_IsHalted()
T7150 430:746.976 - 0.478ms returns FALSE
T7150 430:855.264 JLINK_IsHalted()
T7150 430:855.840 - 0.535ms returns FALSE
T7150 430:855.872 JLINK_IsHalted()
T7150 430:856.256 - 0.352ms returns FALSE
T7150 430:965.088 JLINK_IsHalted()
T7150 430:967.456 - 2.356ms returns FALSE
T7150 430:967.552 JLINK_IsHalted()
T7150 430:968.064 - 0.533ms returns FALSE
T7150 431:073.888 JLINK_IsHalted()
T7150 431:074.464 - 0.565ms returns FALSE
T7150 431:074.496 JLINK_IsHalted()
T7150 431:074.976 - 0.457ms returns FALSE
T7150 431:183.616 JLINK_IsHalted()
T7150 431:184.192 - 0.563ms returns FALSE
T7150 431:184.224 JLINK_IsHalted()
T7150 431:184.576 - 0.340ms returns FALSE
T7150 431:293.376 JLINK_IsHalted()
T7150 431:293.856 - 0.457ms returns FALSE
T7150 431:293.856 JLINK_IsHalted()
T7150 431:294.208 - 0.365ms returns FALSE
T7150 431:403.328 JLINK_IsHalted()
T7150 431:403.936 - 0.578ms returns FALSE
T7150 431:403.936 JLINK_IsHalted()
T7150 431:404.384 - 0.460ms returns FALSE
T7150 431:511.744 JLINK_IsHalted()
T7150 431:512.384 - 0.599ms returns FALSE
T7150 431:512.416 JLINK_IsHalted()
T7150 431:512.896 - 0.453ms returns FALSE
T7150 431:621.120 JLINK_IsHalted()
T7150 431:621.568 - 0.469ms returns FALSE
T7150 431:621.632 JLINK_IsHalted()
T7150 431:621.984 - 0.348ms returns FALSE
T9440 431:650.624 JLINK_IsHalted()
T9440 431:651.072 - 0.451ms returns FALSE
T9440 431:651.136 JLINK_IsHalted()
T9440 431:651.584 - 0.417ms returns FALSE
T7150 431:730.240 JLINK_IsHalted()
T7150 431:730.848 - 0.579ms returns FALSE
T7150 431:730.880 JLINK_IsHalted()
T7150 431:731.264 - 0.405ms returns FALSE
T7150 431:840.096 JLINK_IsHalted()
T7150 431:840.608 - 0.527ms returns FALSE
T7150 431:840.608 JLINK_IsHalted()
T7150 431:841.024 - 0.374ms returns FALSE
T7150 431:948.992 JLINK_IsHalted()
T7150 431:949.472 - 0.480ms returns FALSE
T7150 431:949.472 JLINK_IsHalted()
T7150 431:949.824 - 0.341ms returns FALSE
T7150 432:058.304 JLINK_IsHalted()
T7150 432:058.976 - 0.683ms returns FALSE
T7150 432:059.072 JLINK_IsHalted()
T7150 432:059.648 - 0.549ms returns FALSE
T7150 432:168.192 JLINK_IsHalted()
T7150 432:168.800 - 0.599ms returns FALSE
T7150 432:168.800 JLINK_IsHalted()
T7150 432:169.280 - 0.434ms returns FALSE
T7150 432:277.152 JLINK_IsHalted()
T7150 432:277.760 - 0.611ms returns FALSE
T7150 432:277.824 JLINK_IsHalted()
T7150 432:278.208 - 0.418ms returns FALSE
T7150 432:386.752 JLINK_IsHalted()
T7150 432:387.392 - 0.605ms returns FALSE
T7150 432:387.424 JLINK_IsHalted()
T7150 432:388.000 - 0.579ms returns FALSE
T7150 432:495.776 JLINK_IsHalted()
T7150 432:496.384 - 0.612ms returns FALSE
T7150 432:496.448 JLINK_IsHalted()
T7150 432:496.896 - 0.445ms returns FALSE
T7150 432:605.248 JLINK_IsHalted()
T7150 432:605.632 - 0.407ms returns FALSE
T7150 432:605.696 JLINK_IsHalted()
T7150 432:606.016 - 0.335ms returns FALSE
T9440 432:652.128 JLINK_IsHalted()
T9440 432:654.400 - 2.258ms returns FALSE
T9440 432:654.496 JLINK_IsHalted()
T9440 432:654.944 - 0.466ms returns FALSE
T7150 432:715.200 JLINK_IsHalted()
T7150 432:715.776 - 0.542ms returns FALSE
T7150 432:715.840 JLINK_IsHalted()
T7150 432:716.224 - 0.428ms returns FALSE
T7150 432:823.968 JLINK_IsHalted()
T7150 432:824.416 - 0.483ms returns FALSE
T7150 432:824.480 JLINK_IsHalted()
T7150 432:824.896 - 0.391ms returns FALSE
T7150 432:933.216 JLINK_IsHalted()
T7150 432:933.728 - 0.504ms returns FALSE
T7150 432:933.792 JLINK_IsHalted()
T7150 432:934.080 - 0.290ms returns FALSE
T7150 433:042.944 JLINK_IsHalted()
T7150 433:043.360 - 0.423ms returns FALSE
T7150 433:043.392 JLINK_IsHalted()
T7150 433:043.712 - 0.326ms returns FALSE
T7150 433:153.184 JLINK_IsHalted()
T7150 433:153.888 - 0.708ms returns FALSE
T7150 433:153.952 JLINK_IsHalted()
T7150 433:154.496 - 0.527ms returns FALSE
T7150 433:262.272 JLINK_IsHalted()
T7150 433:262.784 - 0.508ms returns FALSE
T7150 433:262.784 JLINK_IsHalted()
T7150 433:263.104 - 0.298ms returns FALSE
T7150 433:371.456 JLINK_IsHalted()
T7150 433:371.840 - 0.421ms returns FALSE
T7150 433:371.904 JLINK_IsHalted()
T7150 433:372.224 - 0.310ms returns FALSE
T7150 433:480.384 JLINK_IsHalted()
T7150 433:480.960 - 0.554ms returns FALSE
T7150 433:481.024 JLINK_IsHalted()
T7150 433:481.408 - 0.415ms returns FALSE
T7150 433:590.080 JLINK_IsHalted()
T7150 433:590.464 - 0.436ms returns FALSE
T7150 433:590.528 JLINK_IsHalted()
T7150 433:590.848 - 0.320ms returns FALSE
T9440 433:655.616 JLINK_IsHalted()
T9440 433:656.000 - 0.415ms returns FALSE
T9440 433:656.000 JLINK_IsHalted()
T9440 433:656.384 - 0.357ms returns FALSE
T7150 433:699.488 JLINK_IsHalted()
T7150 433:700.000 - 0.514ms returns FALSE
T7150 433:700.000 JLINK_IsHalted()
T7150 433:700.352 - 0.362ms returns FALSE
T7150 433:808.896 JLINK_IsHalted()
T7150 433:809.408 - 0.521ms returns FALSE
T7150 433:809.472 JLINK_IsHalted()
T7150 433:809.984 - 0.517ms returns FALSE
T7150 433:918.400 JLINK_IsHalted()
T7150 433:918.912 - 0.540ms returns FALSE
T7150 433:919.040 JLINK_IsHalted()
T7150 433:919.392 - 0.401ms returns FALSE
T7150 434:027.360 JLINK_IsHalted()
T7150 434:027.968 - 0.590ms returns FALSE
T7150 434:027.968 JLINK_IsHalted()
T7150 434:028.384 - 0.413ms returns FALSE
T7150 434:137.280 JLINK_IsHalted()
T7150 434:138.112 - 0.801ms returns FALSE
T7150 434:138.176 JLINK_IsHalted()
T7150 434:138.720 - 0.549ms returns FALSE
T7150 434:246.208 JLINK_IsHalted()
T7150 434:246.720 - 0.498ms returns FALSE
T7150 434:246.752 JLINK_IsHalted()
T7150 434:247.232 - 0.468ms returns FALSE
T7150 434:355.104 JLINK_IsHalted()
T7150 434:355.648 - 0.567ms returns FALSE
T7150 434:355.648 JLINK_IsHalted()
T7150 434:356.128 - 0.416ms returns FALSE
T7150 434:464.704 JLINK_IsHalted()
T7150 434:465.120 - 0.425ms returns FALSE
T7150 434:465.184 JLINK_IsHalted()
T7150 434:465.600 - 0.402ms returns FALSE
T7150 434:573.920 JLINK_IsHalted()
T7150 434:574.336 - 0.451ms returns FALSE
T7150 434:574.400 JLINK_IsHalted()
T7150 434:574.688 - 0.330ms returns FALSE
T9440 434:656.672 JLINK_IsHalted()
T9440 434:657.216 - 0.558ms returns FALSE
T9440 434:657.280 JLINK_IsHalted()
T9440 434:657.728 - 0.486ms returns FALSE
T7150 434:684.224 JLINK_IsHalted()
T7150 434:684.608 - 0.429ms returns FALSE
T7150 434:684.672 JLINK_IsHalted()
T7150 434:685.120 - 0.428ms returns FALSE
T7150 434:792.864 JLINK_IsHalted()
T7150 434:793.376 - 0.511ms returns FALSE
T7150 434:793.408 JLINK_IsHalted()
T7150 434:793.792 - 0.328ms returns FALSE
T7150 434:902.944 JLINK_IsHalted()
T7150 434:903.296 - 0.365ms returns FALSE
T7150 434:903.360 JLINK_IsHalted()
T7150 434:903.616 - 0.272ms returns FALSE
T7150 435:012.448 JLINK_IsHalted()
T7150 435:013.024 - 0.545ms returns FALSE
T7150 435:013.056 JLINK_IsHalted()
T7150 435:013.536 - 0.458ms returns FALSE
T7150 435:121.472 JLINK_IsHalted()
T7150 435:122.112 - 0.655ms returns FALSE
T7150 435:122.176 JLINK_IsHalted()
T7150 435:122.592 - 0.435ms returns FALSE
T7150 435:230.816 JLINK_IsHalted()
T7150 435:231.232 - 0.391ms returns FALSE
T7150 435:231.232 JLINK_IsHalted()
T7150 435:231.552 - 0.275ms returns FALSE
T7150 435:340.032 JLINK_IsHalted()
T7150 435:340.544 - 0.519ms returns FALSE
T7150 435:340.544 JLINK_IsHalted()
T7150 435:340.992 - 0.425ms returns FALSE
T7150 435:449.184 JLINK_IsHalted()
T7150 435:449.760 - 0.539ms returns FALSE
T7150 435:449.792 JLINK_IsHalted()
T7150 435:450.176 - 0.335ms returns FALSE
T7150 435:558.400 JLINK_IsHalted()
T7150 435:558.976 - 0.561ms returns FALSE
T7150 435:559.008 JLINK_IsHalted()
T7150 435:559.488 - 0.463ms returns FALSE
T9440 435:658.144 JLINK_IsHalted()
T9440 435:658.592 - 0.462ms returns FALSE
T9440 435:658.656 JLINK_IsHalted()
T9440 435:659.008 - 0.362ms returns FALSE
T7150 435:668.416 JLINK_IsHalted()
T7150 435:668.832 - 0.407ms returns FALSE
T7150 435:668.896 JLINK_IsHalted()
T7150 435:669.248 - 0.328ms returns FALSE
T7150 435:777.184 JLINK_IsHalted()
T7150 435:777.536 - 0.381ms returns FALSE
T7150 435:777.600 JLINK_IsHalted()
T7150 435:777.888 - 0.306ms returns FALSE
T7150 435:887.104 JLINK_IsHalted()
T7150 435:887.616 - 0.485ms returns FALSE
T7150 435:887.680 JLINK_IsHalted()
T7150 435:887.968 - 0.321ms returns FALSE
T7150 435:996.576 JLINK_IsHalted()
T7150 435:996.992 - 0.420ms returns FALSE
T7150 435:997.024 JLINK_IsHalted()
T7150 435:997.344 - 0.331ms returns FALSE
T7150 436:105.312 JLINK_IsHalted()
T7150 436:105.728 - 0.411ms returns FALSE
T7150 436:105.792 JLINK_IsHalted()
T7150 436:106.080 - 0.279ms returns FALSE
T7150 436:215.360 JLINK_IsHalted()
T7150 436:215.808 - 0.442ms returns FALSE
T7150 436:215.872 JLINK_IsHalted()
T7150 436:216.128 - 0.291ms returns FALSE
T7150 436:324.032 JLINK_IsHalted()
T7150 436:324.512 - 0.447ms returns FALSE
T7150 436:324.544 JLINK_IsHalted()
T7150 436:324.960 - 0.424ms returns FALSE
T7150 436:433.568 JLINK_IsHalted()
T7150 436:434.016 - 0.454ms returns FALSE
T7150 436:434.080 JLINK_IsHalted()
T7150 436:434.368 - 0.331ms returns FALSE
T7150 436:542.656 JLINK_IsHalted()
T7150 436:543.136 - 0.455ms returns FALSE
T7150 436:543.136 JLINK_IsHalted()
T7150 436:543.488 - 0.348ms returns FALSE
T7150 436:652.544 JLINK_IsHalted()
T7150 436:652.960 - 0.402ms returns FALSE
T7150 436:652.992 JLINK_IsHalted()
T7150 436:653.408 - 0.420ms returns FALSE
T9440 436:659.808 JLINK_IsHalted()
T9440 436:660.288 - 0.487ms returns FALSE
T9440 436:660.384 JLINK_IsHalted()
T9440 436:660.800 - 0.385ms returns FALSE
T7150 436:762.624 JLINK_IsHalted()
T7150 436:762.976 - 0.334ms returns FALSE
T7150 436:763.040 JLINK_IsHalted()
T7150 436:763.328 - 0.326ms returns FALSE
T7150 436:871.744 JLINK_IsHalted()
T7150 436:872.128 - 0.434ms returns FALSE
T7150 436:872.192 JLINK_IsHalted()
T7150 436:872.704 - 0.479ms returns FALSE
T7150 436:980.992 JLINK_IsHalted()
T7150 436:981.408 - 0.390ms returns FALSE
T7150 436:981.408 JLINK_IsHalted()
T7150 436:981.760 - 0.331ms returns FALSE
T7150 437:089.600 JLINK_IsHalted()
T7150 437:089.952 - 0.374ms returns FALSE
T7150 437:089.952 JLINK_IsHalted()
T7150 437:090.240 - 0.294ms returns FALSE
T7150 437:199.168 JLINK_IsHalted()
T7150 437:199.552 - 0.418ms returns FALSE
T7150 437:199.552 JLINK_IsHalted()
T7150 437:199.936 - 0.326ms returns FALSE
T7150 437:308.864 JLINK_IsHalted()
T7150 437:309.376 - 0.494ms returns FALSE
T7150 437:309.504 JLINK_IsHalted()
T7150 437:309.856 - 0.386ms returns FALSE
T7150 437:418.048 JLINK_IsHalted()
T7150 437:418.656 - 0.591ms returns FALSE
T7150 437:418.688 JLINK_IsHalted()
T7150 437:419.104 - 0.417ms returns FALSE
T7150 437:527.968 JLINK_IsHalted()
T7150 437:528.480 - 0.532ms returns FALSE
T7150 437:528.512 JLINK_IsHalted()
T7150 437:528.896 - 0.349ms returns FALSE
T7150 437:637.120 JLINK_IsHalted()
T7150 437:637.568 - 0.462ms returns FALSE
T7150 437:637.632 JLINK_IsHalted()
T7150 437:638.048 - 0.409ms returns FALSE
T9440 437:661.504 JLINK_IsHalted()
T9440 437:661.888 - 0.418ms returns FALSE
T9440 437:661.952 JLINK_IsHalted()
T9440 437:662.304 - 0.373ms returns FALSE
T7150 437:746.080 JLINK_IsHalted()
T7150 437:746.528 - 0.477ms returns FALSE
T7150 437:746.592 JLINK_IsHalted()
T7150 437:746.944 - 0.359ms returns FALSE
T7150 437:855.744 JLINK_IsHalted()
T7150 437:856.192 - 0.466ms returns FALSE
T7150 437:856.256 JLINK_IsHalted()
T7150 437:856.608 - 0.357ms returns FALSE
T7150 437:964.480 JLINK_IsHalted()
T7150 437:964.960 - 0.473ms returns FALSE
T7150 437:964.992 JLINK_IsHalted()
T7150 437:965.376 - 0.354ms returns FALSE
T7150 438:074.784 JLINK_IsHalted()
T7150 438:075.296 - 0.506ms returns FALSE
T7150 438:075.296 JLINK_IsHalted()
T7150 438:075.584 - 0.289ms returns FALSE
T7150 438:184.288 JLINK_IsHalted()
T7150 438:184.704 - 0.406ms returns FALSE
T7150 438:184.768 JLINK_IsHalted()
T7150 438:185.056 - 0.333ms returns FALSE
T7150 438:293.568 JLINK_IsHalted()
T7150 438:294.016 - 0.458ms returns FALSE
T7150 438:294.080 JLINK_IsHalted()
T7150 438:294.528 - 0.483ms returns FALSE
T7150 438:402.560 JLINK_IsHalted()
T7150 438:402.976 - 0.445ms returns FALSE
T7150 438:403.008 JLINK_IsHalted()
T7150 438:403.488 - 0.459ms returns FALSE
T7150 438:512.704 JLINK_IsHalted()
T7150 438:513.088 - 0.403ms returns FALSE
T7150 438:513.152 JLINK_IsHalted()
T7150 438:513.568 - 0.387ms returns FALSE
T7150 438:622.816 JLINK_IsHalted()
T7150 438:623.424 - 0.653ms returns FALSE
T7150 438:623.552 JLINK_IsHalted()
T7150 438:623.904 - 0.353ms returns FALSE
T9440 438:662.912 JLINK_IsHalted()
T9440 438:663.488 - 0.581ms returns FALSE
T9440 438:663.584 JLINK_IsHalted()
T9440 438:663.872 - 0.353ms returns FALSE
T7150 438:730.240 JLINK_IsHalted()
T7150 438:730.816 - 0.560ms returns FALSE
T7150 438:730.912 JLINK_IsHalted()
T7150 438:731.424 - 0.503ms returns FALSE
T7150 438:839.904 JLINK_IsHalted()
T7150 438:840.480 - 0.568ms returns FALSE
T7150 438:840.512 JLINK_IsHalted()
T7150 438:840.928 - 0.406ms returns FALSE
T7150 438:949.312 JLINK_IsHalted()
T7150 438:949.888 - 0.579ms returns FALSE
T7150 438:949.952 JLINK_IsHalted()
T7150 438:950.336 - 0.416ms returns FALSE
T7150 439:058.432 JLINK_IsHalted()
T7150 439:059.104 - 0.687ms returns FALSE
T7150 439:059.136 JLINK_IsHalted()
T7150 439:059.616 - 0.447ms returns FALSE
T7150 439:167.744 JLINK_IsHalted()
T7150 439:168.416 - 0.651ms returns FALSE
T7150 439:168.416 JLINK_IsHalted()
T7150 439:168.832 - 0.403ms returns FALSE
T7150 439:277.216 JLINK_IsHalted()
T7150 439:277.920 - 0.747ms returns FALSE
T7150 439:278.016 JLINK_IsHalted()
T7150 439:280.128 - 2.089ms returns FALSE
T7150 439:386.784 JLINK_IsHalted()
T7150 439:387.456 - 0.652ms returns FALSE
T7150 439:387.552 JLINK_IsHalted()
T7150 439:388.096 - 0.576ms returns FALSE
T7150 439:495.936 JLINK_IsHalted()
T7150 439:496.640 - 0.696ms returns FALSE
T7150 439:496.704 JLINK_IsHalted()
T7150 439:497.152 - 0.462ms returns FALSE
T7150 439:605.952 JLINK_IsHalted()
T7150 439:606.464 - 0.524ms returns FALSE
T7150 439:606.528 JLINK_IsHalted()
T7150 439:607.104 - 0.576ms returns FALSE
T9440 439:664.576 JLINK_IsHalted()
T9440 439:665.088 - 0.516ms returns FALSE
T9440 439:665.152 JLINK_IsHalted()
T9440 439:665.600 - 0.429ms returns FALSE
T7150 439:715.072 JLINK_IsHalted()
T7150 439:715.648 - 0.564ms returns FALSE
T7150 439:715.680 JLINK_IsHalted()
T7150 439:716.032 - 0.379ms returns FALSE
T7150 439:824.032 JLINK_IsHalted()
T7150 439:824.736 - 0.752ms returns FALSE
T7150 439:824.832 JLINK_IsHalted()
T7150 439:825.344 - 0.507ms returns FALSE
T7150 439:933.792 JLINK_IsHalted()
T7150 439:934.304 - 0.545ms returns FALSE
T7150 439:934.400 JLINK_IsHalted()
T7150 439:934.976 - 0.575ms returns FALSE
T7150 440:043.936 JLINK_IsHalted()
T7150 440:044.544 - 0.652ms returns FALSE
T7150 440:044.640 JLINK_IsHalted()
T7150 440:045.152 - 0.536ms returns FALSE
T7150 440:152.736 JLINK_IsHalted()
T7150 440:153.184 - 0.441ms returns FALSE
T7150 440:153.184 JLINK_IsHalted()
T7150 440:153.600 - 0.403ms returns FALSE
T7150 440:262.752 JLINK_IsHalted()
T7150 440:263.360 - 0.633ms returns FALSE
T7150 440:263.488 JLINK_IsHalted()
T7150 440:264.000 - 0.516ms returns FALSE
T7150 440:371.520 JLINK_IsHalted()
T7150 440:372.320 - 0.780ms returns FALSE
T7150 440:372.416 JLINK_IsHalted()
T7150 440:372.992 - 0.582ms returns FALSE
T7150 440:480.832 JLINK_IsHalted()
T7150 440:481.376 - 0.572ms returns FALSE
T7150 440:481.472 JLINK_IsHalted()
T7150 440:481.984 - 0.510ms returns FALSE
T7150 440:590.688 JLINK_IsHalted()
T7150 440:591.520 - 0.817ms returns FALSE
T7150 440:591.616 JLINK_IsHalted()
T7150 440:593.568 - 1.937ms returns FALSE
T9440 440:666.720 JLINK_IsHalted()
T9440 440:667.296 - 0.566ms returns FALSE
T9440 440:667.328 JLINK_IsHalted()
T9440 440:667.744 - 0.431ms returns FALSE
T7150 440:699.584 JLINK_IsHalted()
T7150 440:700.064 - 0.480ms returns FALSE
T7150 440:700.096 JLINK_IsHalted()
T7150 440:700.576 - 0.448ms returns FALSE
T7150 440:808.384 JLINK_IsHalted()
T7150 440:810.304 - 1.858ms returns FALSE
T7150 440:810.496 JLINK_IsHalted()
T7150 440:812.704 - 2.210ms returns FALSE
T7150 440:918.368 JLINK_IsHalted()
T7150 440:918.880 - 0.483ms returns FALSE
T7150 440:918.880 JLINK_IsHalted()
T7150 440:919.296 - 0.414ms returns FALSE
T7150 441:027.840 JLINK_IsHalted()
T7150 441:028.352 - 0.497ms returns FALSE
T7150 441:028.448 JLINK_IsHalted()
T7150 441:028.768 - 0.349ms returns FALSE
T7150 441:136.384 JLINK_IsHalted()
T7150 441:137.088 - 0.727ms returns FALSE
T7150 441:137.216 JLINK_IsHalted()
T7150 441:137.728 - 0.508ms returns FALSE
T7150 441:246.624 JLINK_IsHalted()
T7150 441:247.296 - 0.693ms returns FALSE
T7150 441:247.392 JLINK_IsHalted()
T7150 441:247.936 - 0.544ms returns FALSE
T7150 441:355.680 JLINK_IsHalted()
T7150 441:356.192 - 0.512ms returns FALSE
T7150 441:356.224 JLINK_IsHalted()
T7150 441:356.640 - 0.423ms returns FALSE
T7150 441:465.152 JLINK_IsHalted()
T7150 441:465.792 - 0.670ms returns FALSE
T7150 441:465.856 JLINK_IsHalted()
T7150 441:466.368 - 0.501ms returns FALSE
T7150 441:573.984 JLINK_IsHalted()
T7150 441:574.592 - 0.570ms returns FALSE
T7150 441:574.720 JLINK_IsHalted()
T7150 441:575.328 - 0.600ms returns FALSE
T9440 441:669.216 JLINK_IsHalted()
T9440 441:669.888 - 0.648ms returns FALSE
T9440 441:669.952 JLINK_IsHalted()
T9440 441:670.336 - 0.394ms returns FALSE
T7150 441:683.712 JLINK_IsHalted()
T7150 441:684.320 - 0.655ms returns FALSE
T7150 441:684.480 JLINK_IsHalted()
T7150 441:684.992 - 0.483ms returns FALSE
T7150 441:792.672 JLINK_IsHalted()
T7150 441:795.232 - 2.541ms returns FALSE
T7150 441:795.264 JLINK_IsHalted()
T7150 441:795.648 - 0.386ms returns FALSE
T7150 441:902.688 JLINK_IsHalted()
T7150 441:903.264 - 0.588ms returns FALSE
T7150 441:903.424 JLINK_IsHalted()
T7150 441:903.936 - 0.503ms returns FALSE
T7150 442:011.648 JLINK_IsHalted()
T7150 442:012.352 - 0.700ms returns FALSE
T7150 442:012.416 JLINK_IsHalted()
T7150 442:012.928 - 0.526ms returns FALSE
T7150 442:121.568 JLINK_IsHalted()
T7150 442:122.080 - 0.552ms returns FALSE
T7150 442:122.144 JLINK_IsHalted()
T7150 442:122.592 - 0.426ms returns FALSE
T7150 442:230.112 JLINK_IsHalted()
T7150 442:230.784 - 0.691ms returns FALSE
T7150 442:230.880 JLINK_IsHalted()
T7150 442:231.488 - 0.605ms returns FALSE
T7150 442:339.520 JLINK_IsHalted()
T7150 442:340.416 - 0.830ms returns FALSE
T7150 442:340.448 JLINK_IsHalted()
T7150 442:341.216 - 0.755ms returns FALSE
T7150 442:449.504 JLINK_IsHalted()
T7150 442:450.240 - 0.716ms returns FALSE
T7150 442:450.272 JLINK_IsHalted()
T7150 442:450.848 - 0.550ms returns FALSE
T7150 442:558.656 JLINK_IsHalted()
T7150 442:559.296 - 0.616ms returns FALSE
T7150 442:559.296 JLINK_IsHalted()
T7150 442:559.840 - 0.522ms returns FALSE
T7150 442:668.352 JLINK_IsHalted()
T7150 442:669.504 - 1.201ms returns FALSE
T7150 442:669.632 JLINK_IsHalted()
T7150 442:670.176 - 0.564ms returns FALSE
T9440 442:672.032 JLINK_IsHalted()
T9440 442:672.704 - 0.681ms returns FALSE
T9440 442:672.800 JLINK_IsHalted()
T9440 442:674.784 - 1.920ms returns FALSE
T7150 442:777.856 JLINK_IsHalted()
T7150 442:778.272 - 0.407ms returns FALSE
T7150 442:778.304 JLINK_IsHalted()
T7150 442:778.624 - 0.295ms returns FALSE
T7150 442:886.752 JLINK_IsHalted()
T7150 442:887.168 - 0.416ms returns FALSE
T7150 442:887.232 JLINK_IsHalted()
T7150 442:887.520 - 0.334ms returns FALSE
T7150 442:996.128 JLINK_IsHalted()
T7150 442:996.576 - 0.458ms returns FALSE
T7150 442:996.576 JLINK_IsHalted()
T7150 442:996.928 - 0.330ms returns FALSE
T7150 443:105.280 JLINK_IsHalted()
T7150 443:105.952 - 0.653ms returns FALSE
T7150 443:105.952 JLINK_IsHalted()
T7150 443:106.304 - 0.361ms returns FALSE
T7150 443:215.296 JLINK_IsHalted()
T7150 443:215.936 - 0.579ms returns FALSE
T7150 443:215.968 JLINK_IsHalted()
T7150 443:216.288 - 0.311ms returns FALSE
T7150 443:324.480 JLINK_IsHalted()
T7150 443:324.768 - 0.330ms returns FALSE
T7150 443:324.832 JLINK_IsHalted()
T7150 443:325.120 - 0.300ms returns FALSE
T7150 443:433.472 JLINK_IsHalted()
T7150 443:433.888 - 0.410ms returns FALSE
T7150 443:433.920 JLINK_IsHalted()
T7150 443:434.176 - 0.276ms returns FALSE
T7150 443:543.616 JLINK_IsHalted()
T7150 443:544.160 - 0.585ms returns FALSE
T7150 443:544.224 JLINK_IsHalted()
T7150 443:544.640 - 0.379ms returns FALSE
T7150 443:652.032 JLINK_IsHalted()
T7150 443:652.512 - 0.461ms returns FALSE
T7150 443:652.544 JLINK_IsHalted()
T7150 443:652.800 - 0.290ms returns FALSE
T9440 443:676.736 JLINK_IsHalted()
T9440 443:677.280 - 0.576ms returns FALSE
T9440 443:677.344 JLINK_IsHalted()
T9440 443:677.856 - 0.491ms returns FALSE
T7150 443:762.080 JLINK_IsHalted()
T7150 443:762.592 - 0.485ms returns FALSE
T7150 443:762.592 JLINK_IsHalted()
T7150 443:763.040 - 0.438ms returns FALSE
T7150 443:871.424 JLINK_IsHalted()
T7150 443:874.752 - 3.302ms returns FALSE
T7150 443:874.816 JLINK_IsHalted()
T7150 443:875.328 - 0.520ms returns FALSE
T7150 443:980.544 JLINK_IsHalted()
T7150 443:981.152 - 0.639ms returns FALSE
T7150 443:981.248 JLINK_IsHalted()
T7150 443:981.760 - 0.546ms returns FALSE
T7150 444:090.368 JLINK_IsHalted()
T7150 444:090.944 - 0.566ms returns FALSE
T7150 444:090.976 JLINK_IsHalted()
T7150 444:091.392 - 0.409ms returns FALSE
T7150 444:199.424 JLINK_IsHalted()
T7150 444:200.096 - 0.690ms returns FALSE
T7150 444:200.128 JLINK_IsHalted()
T7150 444:200.704 - 0.559ms returns FALSE
T7150 444:308.672 JLINK_IsHalted()
T7150 444:309.408 - 0.700ms returns FALSE
T7150 444:309.440 JLINK_IsHalted()
T7150 444:309.952 - 0.547ms returns FALSE
T7150 444:417.632 JLINK_IsHalted()
T7150 444:418.304 - 0.662ms returns FALSE
T7150 444:418.368 JLINK_IsHalted()
T7150 444:418.912 - 0.553ms returns FALSE
T7150 444:527.616 JLINK_IsHalted()
T7150 444:528.320 - 0.731ms returns FALSE
T7150 444:528.448 JLINK_IsHalted()
T7150 444:529.056 - 0.612ms returns FALSE
T7150 444:636.992 JLINK_IsHalted()
T7150 444:637.376 - 0.423ms returns FALSE
T7150 444:637.440 JLINK_IsHalted()
T7150 444:637.792 - 0.354ms returns FALSE
T9440 444:678.720 JLINK_IsHalted()
T9440 444:679.072 - 0.383ms returns FALSE
T9440 444:679.104 JLINK_IsHalted()
T9440 444:679.488 - 0.329ms returns FALSE
T7150 444:745.824 JLINK_IsHalted()
T7150 444:746.176 - 0.383ms returns FALSE
T7150 444:746.240 JLINK_IsHalted()
T7150 444:746.688 - 0.430ms returns FALSE
T7150 444:855.232 JLINK_IsHalted()
T7150 444:855.872 - 0.583ms returns FALSE
T7150 444:855.904 JLINK_IsHalted()
T7150 444:856.384 - 0.459ms returns FALSE
T7150 444:965.216 JLINK_IsHalted()
T7150 444:965.792 - 0.547ms returns FALSE
T7150 444:965.792 JLINK_IsHalted()
T7150 444:966.208 - 0.406ms returns FALSE
T7150 445:074.112 JLINK_IsHalted()
T7150 445:074.624 - 0.480ms returns FALSE
T7150 445:074.624 JLINK_IsHalted()
T7150 445:075.008 - 0.328ms returns FALSE
T7150 445:184.160 JLINK_IsHalted()
T7150 445:184.672 - 0.499ms returns FALSE
T7150 445:184.928 JLINK_IsHalted()
T7150 445:185.344 - 0.366ms returns FALSE
T7150 445:293.312 JLINK_IsHalted()
T7150 445:293.984 - 0.678ms returns FALSE
T7150 445:294.016 JLINK_IsHalted()
T7150 445:294.528 - 0.503ms returns FALSE
T7150 445:402.208 JLINK_IsHalted()
T7150 445:402.688 - 0.463ms returns FALSE
T7150 445:402.688 JLINK_IsHalted()
T7150 445:403.136 - 0.443ms returns FALSE
T7150 445:511.328 JLINK_IsHalted()
T7150 445:512.000 - 0.643ms returns FALSE
T7150 445:512.000 JLINK_IsHalted()
T7150 445:512.544 - 0.537ms returns FALSE
T7150 445:621.664 JLINK_IsHalted()
T7150 445:622.336 - 0.679ms returns FALSE
T7150 445:622.432 JLINK_IsHalted()
T7150 445:622.944 - 0.536ms returns FALSE
T9440 445:680.320 JLINK_IsHalted()
T9440 445:680.992 - 0.666ms returns FALSE
T9440 445:681.056 JLINK_IsHalted()
T9440 445:683.360 - 2.278ms returns FALSE
T7150 445:730.400 JLINK_IsHalted()
T7150 445:730.880 - 0.484ms returns FALSE
T7150 445:730.912 JLINK_IsHalted()
T7150 445:731.264 - 0.376ms returns FALSE
T7150 445:840.032 JLINK_IsHalted()
T7150 445:840.480 - 0.463ms returns FALSE
T7150 445:840.544 JLINK_IsHalted()
T7150 445:840.832 - 0.314ms returns FALSE
T7150 445:949.632 JLINK_IsHalted()
T7150 445:950.048 - 0.414ms returns FALSE
T7150 445:950.112 JLINK_IsHalted()
T7150 445:950.400 - 0.316ms returns FALSE
T7150 446:058.592 JLINK_IsHalted()
T7150 446:059.008 - 0.403ms returns FALSE
T7150 446:059.008 JLINK_IsHalted()
T7150 446:059.360 - 0.323ms returns FALSE
T7150 446:168.000 JLINK_IsHalted()
T7150 446:168.576 - 0.589ms returns FALSE
T7150 446:168.640 JLINK_IsHalted()
T7150 446:169.024 - 0.412ms returns FALSE
T7150 446:277.120 JLINK_IsHalted()
T7150 446:277.888 - 0.767ms returns FALSE
T7150 446:278.048 JLINK_IsHalted()
T7150 446:278.656 - 0.622ms returns FALSE
T7150 446:386.848 JLINK_IsHalted()
T7150 446:387.456 - 0.615ms returns FALSE
T7150 446:387.456 JLINK_IsHalted()
T7150 446:387.904 - 0.432ms returns FALSE
T7150 446:496.064 JLINK_IsHalted()
T7150 446:496.576 - 0.541ms returns FALSE
T7150 446:496.608 JLINK_IsHalted()
T7150 446:497.024 - 0.381ms returns FALSE
T7150 446:605.376 JLINK_IsHalted()
T7150 446:605.760 - 0.432ms returns FALSE
T7150 446:605.824 JLINK_IsHalted()
T7150 446:606.144 - 0.318ms returns FALSE
T9440 446:684.832 JLINK_IsHalted()
T9440 446:685.376 - 0.575ms returns FALSE
T9440 446:685.504 JLINK_IsHalted()
T9440 446:685.952 - 0.479ms returns FALSE
T7150 446:715.232 JLINK_IsHalted()
T7150 446:715.904 - 0.660ms returns FALSE
T7150 446:715.968 JLINK_IsHalted()
T7150 446:716.512 - 0.563ms returns FALSE
T7150 446:824.544 JLINK_IsHalted()
T7150 446:825.280 - 0.740ms returns FALSE
T7150 446:825.376 JLINK_IsHalted()
T7150 446:825.920 - 0.556ms returns FALSE
T7150 446:933.408 JLINK_IsHalted()
T7150 446:934.016 - 0.584ms returns FALSE
T7150 446:934.112 JLINK_IsHalted()
T7150 446:934.688 - 0.553ms returns FALSE
T7150 447:043.168 JLINK_IsHalted()
T7150 447:043.904 - 0.691ms returns FALSE
T7150 447:043.936 JLINK_IsHalted()
T7150 447:044.416 - 0.446ms returns FALSE
T7150 447:152.224 JLINK_IsHalted()
T7150 447:152.992 - 0.767ms returns FALSE
T7150 447:153.088 JLINK_IsHalted()
T7150 447:153.600 - 0.520ms returns FALSE
T7150 447:262.464 JLINK_IsHalted()
T7150 447:263.136 - 0.674ms returns FALSE
T7150 447:263.168 JLINK_IsHalted()
T7150 447:263.744 - 0.572ms returns FALSE
T7150 447:371.008 JLINK_IsHalted()
T7150 447:371.616 - 0.595ms returns FALSE
T7150 447:371.680 JLINK_IsHalted()
T7150 447:372.128 - 0.457ms returns FALSE
T7150 447:480.512 JLINK_IsHalted()
T7150 447:481.280 - 0.746ms returns FALSE
T7150 447:481.408 JLINK_IsHalted()
T7150 447:482.048 - 0.645ms returns FALSE
T7150 447:589.632 JLINK_IsHalted()
T7150 447:590.304 - 0.650ms returns FALSE
T7150 447:590.400 JLINK_IsHalted()
T7150 447:590.912 - 0.511ms returns FALSE
T9440 447:687.072 JLINK_IsHalted()
T9440 447:687.744 - 0.697ms returns FALSE
T9440 447:687.872 JLINK_IsHalted()
T9440 447:688.448 - 0.567ms returns FALSE
T7150 447:699.136 JLINK_IsHalted()
T7150 447:699.808 - 0.659ms returns FALSE
T7150 447:699.872 JLINK_IsHalted()
T7150 447:700.416 - 0.561ms returns FALSE
T7150 447:810.400 JLINK_IsHalted()
T7150 447:811.264 - 0.865ms returns FALSE
T7150 447:811.392 JLINK_IsHalted()
T7150 447:812.096 - 0.708ms returns FALSE
T7150 447:917.824 JLINK_IsHalted()
T7150 447:918.496 - 0.660ms returns FALSE
T7150 447:918.528 JLINK_IsHalted()
T7150 447:918.848 - 0.325ms returns FALSE
T7150 448:028.160 JLINK_IsHalted()
T7150 448:028.832 - 0.693ms returns FALSE
T7150 448:028.928 JLINK_IsHalted()
T7150 448:029.376 - 0.470ms returns FALSE
T7150 448:136.512 JLINK_IsHalted()
T7150 448:137.216 - 0.684ms returns FALSE
T7150 448:137.280 JLINK_IsHalted()
T7150 448:137.824 - 0.570ms returns FALSE
T7150 448:246.432 JLINK_IsHalted()
T7150 448:247.136 - 0.718ms returns FALSE
T7150 448:247.232 JLINK_IsHalted()
T7150 448:247.712 - 0.470ms returns FALSE
T7150 448:355.680 JLINK_IsHalted()
T7150 448:356.288 - 0.647ms returns FALSE
T7150 448:356.352 JLINK_IsHalted()
T7150 448:356.768 - 0.405ms returns FALSE
T7150 448:464.576 JLINK_IsHalted()
T7150 448:465.216 - 0.586ms returns FALSE
T7150 448:465.216 JLINK_IsHalted()
T7150 448:465.728 - 0.502ms returns FALSE
T7150 448:574.816 JLINK_IsHalted()
T7150 448:575.296 - 0.485ms returns FALSE
T7150 448:575.328 JLINK_IsHalted()
T7150 448:575.808 - 0.440ms returns FALSE
T7150 448:683.936 JLINK_IsHalted()
T7150 448:689.920 - 5.978ms returns FALSE
T7150 448:690.080 JLINK_IsHalted()
T7150 448:715.456 - 25.427ms returns FALSE
T9440 448:717.888 JLINK_IsHalted()
T9440 448:718.336 - 0.472ms returns FALSE
T9440 448:718.400 JLINK_IsHalted()
T9440 448:718.752 - 0.333ms returns FALSE
T7150 448:824.320 JLINK_IsHalted()
T7150 448:826.304 - 2.001ms returns FALSE
T7150 448:826.464 JLINK_IsHalted()
T7150 448:827.136 - 0.635ms returns FALSE
T7150 448:933.472 JLINK_IsHalted()
T7150 448:934.304 - 0.827ms returns FALSE
T7150 448:934.464 JLINK_IsHalted()
T7150 448:935.072 - 0.606ms returns FALSE
T7150 449:042.688 JLINK_IsHalted()
T7150 449:043.264 - 0.534ms returns FALSE
T7150 449:043.296 JLINK_IsHalted()
T7150 449:043.712 - 0.432ms returns FALSE
T7150 449:152.928 JLINK_IsHalted()
T7150 449:153.536 - 0.613ms returns FALSE
T7150 449:153.632 JLINK_IsHalted()
T7150 449:154.208 - 0.524ms returns FALSE
T7150 449:263.456 JLINK_IsHalted()
T7150 449:265.664 - 2.169ms returns FALSE
T7150 449:265.760 JLINK_IsHalted()
T7150 449:266.496 - 0.687ms returns FALSE
T7150 449:371.904 JLINK_IsHalted()
T7150 449:372.736 - 0.833ms returns FALSE
T7150 449:372.832 JLINK_IsHalted()
T7150 449:374.720 - 1.909ms returns FALSE
T7150 449:480.704 JLINK_IsHalted()
T7150 449:481.216 - 0.508ms returns FALSE
T7150 449:481.280 JLINK_IsHalted()
T7150 449:481.792 - 0.511ms returns FALSE
T7150 449:590.432 JLINK_IsHalted()
T7150 449:591.040 - 0.609ms returns FALSE
T7150 449:591.104 JLINK_IsHalted()
T7150 449:591.616 - 0.536ms returns FALSE
T7150 449:700.000 JLINK_IsHalted()
T7150 449:700.608 - 0.619ms returns FALSE
T7150 449:700.672 JLINK_IsHalted()
T7150 449:701.120 - 0.422ms returns FALSE
T9440 449:719.648 JLINK_IsHalted()
T9440 449:720.416 - 0.737ms returns FALSE
T9440 449:720.480 JLINK_IsHalted()
T9440 449:720.992 - 0.498ms returns FALSE
T7150 449:808.832 JLINK_IsHalted()
T7150 449:809.408 - 0.566ms returns FALSE
T7150 449:809.504 JLINK_IsHalted()
T7150 449:810.016 - 0.494ms returns FALSE
T7150 449:918.304 JLINK_IsHalted()
T7150 449:918.784 - 0.447ms returns FALSE
T7150 449:918.784 JLINK_IsHalted()
T7150 449:919.296 - 0.499ms returns FALSE
T7150 450:027.072 JLINK_IsHalted()
T7150 450:027.680 - 0.637ms returns FALSE
T7150 450:027.712 JLINK_IsHalted()
T7150 450:028.352 - 0.587ms returns FALSE
T7150 450:136.384 JLINK_IsHalted()
T7150 450:136.992 - 0.608ms returns FALSE
T7150 450:137.088 JLINK_IsHalted()
T7150 450:137.600 - 0.523ms returns FALSE
T7150 450:246.144 JLINK_IsHalted()
T7150 450:246.816 - 0.704ms returns FALSE
T7150 450:246.912 JLINK_IsHalted()
T7150 450:247.584 - 0.647ms returns FALSE
T7150 450:356.128 JLINK_IsHalted()
T7150 450:356.672 - 0.546ms returns FALSE
T7150 450:356.736 JLINK_IsHalted()
T7150 450:357.248 - 0.496ms returns FALSE
T7150 450:465.120 JLINK_IsHalted()
T7150 450:465.728 - 0.613ms returns FALSE
T7150 450:465.792 JLINK_IsHalted()
T7150 450:466.240 - 0.465ms returns FALSE
T7150 450:574.176 JLINK_IsHalted()
T7150 450:574.848 - 0.662ms returns FALSE
T7150 450:574.912 JLINK_IsHalted()
T7150 450:575.456 - 0.580ms returns FALSE
T7150 450:684.096 JLINK_IsHalted()
T7150 450:684.672 - 0.570ms returns FALSE
T7150 450:684.736 JLINK_IsHalted()
T7150 450:685.344 - 0.602ms returns FALSE
T9440 450:722.048 JLINK_IsHalted()
T9440 450:723.904 - 1.827ms returns FALSE
T9440 450:723.936 JLINK_IsHalted()
T9440 450:724.448 - 0.534ms returns FALSE
T7150 450:793.984 JLINK_IsHalted()
T7150 450:794.656 - 0.683ms returns FALSE
T7150 450:794.752 JLINK_IsHalted()
T7150 450:795.360 - 0.617ms returns FALSE
T7150 450:902.880 JLINK_IsHalted()
T7150 450:903.488 - 0.628ms returns FALSE
T7150 450:903.552 JLINK_IsHalted()
T7150 450:905.920 - 2.375ms returns FALSE
T7150 451:012.000 JLINK_IsHalted()
T7150 451:012.512 - 0.499ms returns FALSE
T7150 451:012.544 JLINK_IsHalted()
T7150 451:012.864 - 0.338ms returns FALSE
T7150 451:121.664 JLINK_IsHalted()
T7150 451:122.240 - 0.602ms returns FALSE
T7150 451:122.336 JLINK_IsHalted()
T7150 451:122.880 - 0.572ms returns FALSE
T7150 451:230.304 JLINK_IsHalted()
T7150 451:230.784 - 0.463ms returns FALSE
T7150 451:230.816 JLINK_IsHalted()
T7150 451:231.296 - 0.464ms returns FALSE
T7150 451:339.456 JLINK_IsHalted()
T7150 451:339.872 - 0.456ms returns FALSE
T7150 451:339.936 JLINK_IsHalted()
T7150 451:340.384 - 0.444ms returns FALSE
T7150 451:449.664 JLINK_IsHalted()
T7150 451:450.112 - 0.476ms returns FALSE
T7150 451:450.176 JLINK_IsHalted()
T7150 451:450.528 - 0.359ms returns FALSE
T7150 451:558.912 JLINK_IsHalted()
T7150 451:559.744 - 0.823ms returns FALSE
T7150 451:559.936 JLINK_IsHalted()
T7150 451:560.544 - 0.629ms returns FALSE
T7150 451:667.968 JLINK_IsHalted()
T7150 451:668.800 - 0.774ms returns FALSE
T7150 451:668.928 JLINK_IsHalted()
T7150 451:669.568 - 0.627ms returns FALSE
T9440 451:727.264 JLINK_IsHalted()
T9440 451:727.968 - 0.679ms returns FALSE
T9440 451:728.032 JLINK_IsHalted()
T9440 451:728.480 - 0.449ms returns FALSE
T7150 451:777.376 JLINK_IsHalted()
T7150 451:777.888 - 0.526ms returns FALSE
T7150 451:777.984 JLINK_IsHalted()
T7150 451:778.400 - 0.423ms returns FALSE
T7150 451:886.528 JLINK_IsHalted()
T7150 451:887.104 - 0.583ms returns FALSE
T7150 451:887.168 JLINK_IsHalted()
T7150 451:887.616 - 0.470ms returns FALSE
T7150 451:996.608 JLINK_IsHalted()
T7150 451:997.184 - 0.580ms returns FALSE
T7150 451:997.248 JLINK_IsHalted()
T7150 451:997.696 - 0.470ms returns FALSE
T7150 452:105.792 JLINK_IsHalted()
T7150 452:106.400 - 0.606ms returns FALSE
T7150 452:106.432 JLINK_IsHalted()
T7150 452:107.008 - 0.575ms returns FALSE
T7150 452:214.528 JLINK_IsHalted()
T7150 452:215.040 - 0.518ms returns FALSE
T7150 452:215.104 JLINK_IsHalted()
T7150 452:215.456 - 0.354ms returns FALSE
T7150 452:324.416 JLINK_IsHalted()
T7150 452:325.056 - 0.647ms returns FALSE
T7150 452:325.120 JLINK_IsHalted()
T7150 452:325.568 - 0.501ms returns FALSE
T7150 452:433.920 JLINK_IsHalted()
T7150 452:434.496 - 0.550ms returns FALSE
T7150 452:434.528 JLINK_IsHalted()
T7150 452:435.008 - 0.444ms returns FALSE
T7150 452:542.656 JLINK_IsHalted()
T7150 452:543.392 - 0.717ms returns FALSE
T7150 452:543.488 JLINK_IsHalted()
T7150 452:544.096 - 0.659ms returns FALSE
T7150 452:652.704 JLINK_IsHalted()
T7150 452:653.376 - 0.644ms returns FALSE
T7150 452:653.408 JLINK_IsHalted()
T7150 452:653.888 - 0.439ms returns FALSE
T9440 452:730.272 JLINK_IsHalted()
T9440 452:731.072 - 0.818ms returns FALSE
T9440 452:731.200 JLINK_IsHalted()
T9440 452:733.600 - 2.411ms returns FALSE
T7150 452:761.760 JLINK_IsHalted()
T7150 452:762.624 - 0.835ms returns FALSE
T7150 452:762.720 JLINK_IsHalted()
T7150 452:763.328 - 0.625ms returns FALSE
T7150 452:871.360 JLINK_IsHalted()
T7150 452:872.032 - 0.638ms returns FALSE
T7150 452:872.096 JLINK_IsHalted()
T7150 452:872.544 - 0.435ms returns FALSE
T7150 452:981.248 JLINK_IsHalted()
T7150 452:981.856 - 0.588ms returns FALSE
T7150 452:981.920 JLINK_IsHalted()
T7150 452:982.368 - 0.480ms returns FALSE
T7150 453:089.984 JLINK_IsHalted()
T7150 453:090.464 - 0.461ms returns FALSE
T7150 453:090.496 JLINK_IsHalted()
T7150 453:090.816 - 0.338ms returns FALSE
T7150 453:199.872 JLINK_IsHalted()
T7150 453:200.544 - 0.671ms returns FALSE
T7150 453:200.640 JLINK_IsHalted()
T7150 453:201.216 - 0.589ms returns FALSE
T7150 453:308.736 JLINK_IsHalted()
T7150 453:309.376 - 0.696ms returns FALSE
T7150 453:309.440 JLINK_IsHalted()
T7150 453:310.112 - 0.654ms returns FALSE
T7150 453:417.920 JLINK_IsHalted()
T7150 453:418.592 - 0.663ms returns FALSE
T7150 453:418.656 JLINK_IsHalted()
T7150 453:419.168 - 0.517ms returns FALSE
T7150 453:527.136 JLINK_IsHalted()
T7150 453:527.712 - 0.567ms returns FALSE
T7150 453:527.744 JLINK_IsHalted()
T7150 453:530.176 - 2.405ms returns FALSE
T7150 453:637.056 JLINK_IsHalted()
T7150 453:637.792 - 0.699ms returns FALSE
T7150 453:637.824 JLINK_IsHalted()
T7150 453:638.464 - 0.598ms returns FALSE
T9440 453:734.912 JLINK_IsHalted()
T9440 453:735.520 - 0.621ms returns FALSE
T9440 453:735.584 JLINK_IsHalted()
T9440 453:736.128 - 0.531ms returns FALSE
T7150 453:746.528 JLINK_IsHalted()
T7150 453:747.264 - 0.721ms returns FALSE
T7150 453:747.296 JLINK_IsHalted()
T7150 453:747.904 - 0.598ms returns FALSE
T7150 453:855.552 JLINK_IsHalted()
T7150 453:856.160 - 0.617ms returns FALSE
T7150 453:856.192 JLINK_IsHalted()
T7150 453:856.672 - 0.465ms returns FALSE
T7150 453:965.376 JLINK_IsHalted()
T7150 453:966.016 - 0.667ms returns FALSE
T7150 453:966.080 JLINK_IsHalted()
T7150 453:966.656 - 0.556ms returns FALSE
T7150 454:074.368 JLINK_IsHalted()
T7150 454:074.944 - 0.568ms returns FALSE
T7150 454:074.976 JLINK_IsHalted()
T7150 454:075.456 - 0.429ms returns FALSE
T7150 454:183.520 JLINK_IsHalted()
T7150 454:184.128 - 0.637ms returns FALSE
T7150 454:184.192 JLINK_IsHalted()
T7150 454:184.704 - 0.486ms returns FALSE
T7150 454:293.824 JLINK_IsHalted()
T7150 454:294.432 - 0.631ms returns FALSE
T7150 454:294.528 JLINK_IsHalted()
T7150 454:295.104 - 0.548ms returns FALSE
T7150 454:402.912 JLINK_IsHalted()
T7150 454:403.424 - 0.482ms returns FALSE
T7150 454:403.488 JLINK_IsHalted()
T7150 454:404.000 - 0.514ms returns FALSE
T7150 454:511.552 JLINK_IsHalted()
T7150 454:512.320 - 0.762ms returns FALSE
T7150 454:512.384 JLINK_IsHalted()
T7150 454:512.960 - 0.553ms returns FALSE
T7150 454:621.440 JLINK_IsHalted()
T7150 454:622.304 - 0.873ms returns FALSE
T7150 454:622.400 JLINK_IsHalted()
T7150 454:622.976 - 0.535ms returns FALSE
T7150 454:730.656 JLINK_IsHalted()
T7150 454:731.104 - 0.466ms returns FALSE
T7150 454:731.168 JLINK_IsHalted()
T7150 454:731.520 - 0.360ms returns FALSE
T9440 454:737.664 JLINK_IsHalted()
T9440 454:738.336 - 0.663ms returns FALSE
T9440 454:738.368 JLINK_IsHalted()
T9440 454:738.752 - 0.371ms returns FALSE
T7150 454:840.480 JLINK_IsHalted()
T7150 454:841.408 - 0.904ms returns FALSE
T7150 454:841.504 JLINK_IsHalted()
T7150 454:842.208 - 0.703ms returns FALSE
T7150 454:949.696 JLINK_IsHalted()
T7150 454:950.144 - 0.495ms returns FALSE
T7150 454:950.240 JLINK_IsHalted()
T7150 454:950.720 - 0.471ms returns FALSE
T7150 455:058.880 JLINK_IsHalted()
T7150 455:059.456 - 0.541ms returns FALSE
T7150 455:059.520 JLINK_IsHalted()
T7150 455:059.808 - 0.349ms returns FALSE
T7150 455:168.320 JLINK_IsHalted()
T7150 455:168.864 - 0.557ms returns FALSE
T7150 455:168.928 JLINK_IsHalted()
T7150 455:169.440 - 0.491ms returns FALSE
T7150 455:277.984 JLINK_IsHalted()
T7150 455:278.688 - 0.703ms returns FALSE
T7150 455:278.752 JLINK_IsHalted()
T7150 455:281.728 - 2.980ms returns FALSE
T7150 455:387.136 JLINK_IsHalted()
T7150 455:387.584 - 0.458ms returns FALSE
T7150 455:387.648 JLINK_IsHalted()
T7150 455:388.064 - 0.423ms returns FALSE
T7150 455:495.744 JLINK_IsHalted()
T7150 455:496.192 - 0.465ms returns FALSE
T7150 455:496.256 JLINK_IsHalted()
T7150 455:496.704 - 0.482ms returns FALSE
T7150 455:605.568 JLINK_IsHalted()
T7150 455:606.208 - 0.669ms returns FALSE
T7150 455:606.336 JLINK_IsHalted()
T7150 455:606.848 - 0.548ms returns FALSE
T7150 455:714.560 JLINK_IsHalted()
T7150 455:715.136 - 0.545ms returns FALSE
T7150 455:715.168 JLINK_IsHalted()
T7150 455:715.584 - 0.434ms returns FALSE
T9440 455:740.480 JLINK_IsHalted()
T9440 455:741.024 - 0.576ms returns FALSE
T9440 455:741.120 JLINK_IsHalted()
T9440 455:741.600 - 0.467ms returns FALSE
T7150 455:824.704 JLINK_IsHalted()
T7150 455:825.408 - 0.688ms returns FALSE
T7150 455:825.504 JLINK_IsHalted()
T7150 455:827.552 - 2.012ms returns FALSE
T7150 455:934.112 JLINK_IsHalted()
T7150 455:934.656 - 0.590ms returns FALSE
T7150 455:934.720 JLINK_IsHalted()
T7150 455:935.136 - 0.409ms returns FALSE
T7150 456:043.200 JLINK_IsHalted()
T7150 456:043.776 - 0.543ms returns FALSE
T7150 456:043.840 JLINK_IsHalted()
T7150 456:044.128 - 0.305ms returns FALSE
T7150 456:151.968 JLINK_IsHalted()
T7150 456:152.416 - 0.445ms returns FALSE
T7150 456:152.480 JLINK_IsHalted()
T7150 456:152.832 - 0.374ms returns FALSE
T7150 456:262.304 JLINK_IsHalted()
T7150 456:262.752 - 0.464ms returns FALSE
T7150 456:262.816 JLINK_IsHalted()
T7150 456:263.264 - 0.468ms returns FALSE
T7150 456:371.104 JLINK_IsHalted()
T7150 456:371.552 - 0.442ms returns FALSE
T7150 456:371.616 JLINK_IsHalted()
T7150 456:372.032 - 0.418ms returns FALSE
T7150 456:480.096 JLINK_IsHalted()
T7150 456:480.448 - 0.367ms returns FALSE
T7150 456:480.512 JLINK_IsHalted()
T7150 456:480.832 - 0.295ms returns FALSE
T7150 456:590.496 JLINK_IsHalted()
T7150 456:593.088 - 2.613ms returns FALSE
T7150 456:593.216 JLINK_IsHalted()
T7150 456:593.760 - 0.575ms returns FALSE
T7150 456:699.456 JLINK_IsHalted()
T7150 456:700.064 - 0.626ms returns FALSE
T7150 456:700.160 JLINK_IsHalted()
T7150 456:700.672 - 0.552ms returns FALSE
T9440 456:742.816 JLINK_IsHalted()
T9440 456:743.488 - 0.647ms returns FALSE
T9440 456:743.584 JLINK_IsHalted()
T9440 456:744.096 - 0.537ms returns FALSE
T7150 456:808.192 JLINK_IsHalted()
T7150 456:808.704 - 0.496ms returns FALSE
T7150 456:808.768 JLINK_IsHalted()
T7150 456:809.152 - 0.415ms returns FALSE
T7150 456:918.368 JLINK_IsHalted()
T7150 456:918.944 - 0.569ms returns FALSE
T7150 456:919.040 JLINK_IsHalted()
T7150 456:919.360 - 0.335ms returns FALSE
T7150 457:027.904 JLINK_IsHalted()
T7150 457:028.544 - 0.661ms returns FALSE
T7150 457:028.608 JLINK_IsHalted()
T7150 457:029.120 - 0.504ms returns FALSE
T7150 457:136.832 JLINK_IsHalted()
T7150 457:137.472 - 0.581ms returns FALSE
T7150 457:137.504 JLINK_IsHalted()
T7150 457:138.016 - 0.501ms returns FALSE
T7150 457:246.144 JLINK_IsHalted()
T7150 457:246.720 - 0.547ms returns FALSE
T7150 457:246.784 JLINK_IsHalted()
T7150 457:247.296 - 0.528ms returns FALSE
T7150 457:355.200 JLINK_IsHalted()
T7150 457:355.968 - 0.735ms returns FALSE
T7150 457:356.032 JLINK_IsHalted()
T7150 457:356.544 - 0.521ms returns FALSE
T7150 457:464.576 JLINK_IsHalted()
T7150 457:465.248 - 0.675ms returns FALSE
T7150 457:465.344 JLINK_IsHalted()
T7150 457:465.920 - 0.577ms returns FALSE
T7150 457:574.848 JLINK_IsHalted()
T7150 457:575.328 - 0.459ms returns FALSE
T7150 457:575.360 JLINK_IsHalted()
T7150 457:575.744 - 0.359ms returns FALSE
T7150 457:683.616 JLINK_IsHalted()
T7150 457:684.064 - 0.454ms returns FALSE
T7150 457:684.128 JLINK_IsHalted()
T7150 457:684.416 - 0.338ms returns FALSE
T9440 457:744.832 JLINK_IsHalted()
T9440 457:745.248 - 0.420ms returns FALSE
T9440 457:745.312 JLINK_IsHalted()
T9440 457:745.600 - 0.305ms returns FALSE
T7150 457:793.024 JLINK_IsHalted()
T7150 457:793.472 - 0.458ms returns FALSE
T7150 457:793.536 JLINK_IsHalted()
T7150 457:793.952 - 0.379ms returns FALSE
T7150 457:902.144 JLINK_IsHalted()
T7150 457:902.848 - 0.673ms returns FALSE
T7150 457:902.944 JLINK_IsHalted()
T7150 457:903.680 - 0.698ms returns FALSE
T7150 458:012.352 JLINK_IsHalted()
T7150 458:013.248 - 0.852ms returns FALSE
T7150 458:013.376 JLINK_IsHalted()
T7150 458:014.016 - 0.622ms returns FALSE
T7150 458:121.312 JLINK_IsHalted()
T7150 458:122.080 - 0.776ms returns FALSE
T7150 458:122.144 JLINK_IsHalted()
T7150 458:122.752 - 0.593ms returns FALSE
T7150 458:230.944 JLINK_IsHalted()
T7150 458:231.392 - 0.443ms returns FALSE
T7150 458:231.456 JLINK_IsHalted()
T7150 458:231.808 - 0.370ms returns FALSE
T7150 458:341.056 JLINK_IsHalted()
T7150 458:341.728 - 0.645ms returns FALSE
T7150 458:341.792 JLINK_IsHalted()
T7150 458:342.304 - 0.506ms returns FALSE
T7150 458:449.664 JLINK_IsHalted()
T7150 458:452.160 - 2.526ms returns FALSE
T7150 458:452.320 JLINK_IsHalted()
T7150 458:452.928 - 0.626ms returns FALSE
T7150 458:559.136 JLINK_IsHalted()
T7150 458:559.808 - 0.682ms returns FALSE
T7150 458:559.840 JLINK_IsHalted()
T7150 458:560.416 - 0.556ms returns FALSE
T7150 458:668.128 JLINK_IsHalted()
T7150 458:668.736 - 0.612ms returns FALSE
T7150 458:668.800 JLINK_IsHalted()
T7150 458:669.312 - 0.524ms returns FALSE
T9440 458:747.136 JLINK_IsHalted()
T9440 458:747.744 - 0.630ms returns FALSE
T9440 458:747.840 JLINK_IsHalted()
T9440 458:748.416 - 0.539ms returns FALSE
T7150 458:777.856 JLINK_IsHalted()
T7150 458:778.784 - 0.942ms returns FALSE
T7150 458:778.944 JLINK_IsHalted()
T7150 458:779.712 - 0.760ms returns FALSE
T7150 458:886.464 JLINK_IsHalted()
T7150 458:886.976 - 0.544ms returns FALSE
T7150 458:887.008 JLINK_IsHalted()
T7150 458:887.520 - 0.507ms returns FALSE
T7150 458:996.320 JLINK_IsHalted()
T7150 458:996.928 - 0.618ms returns FALSE
T7150 458:996.992 JLINK_IsHalted()
T7150 458:997.568 - 0.554ms returns FALSE
T7150 459:105.120 JLINK_IsHalted()
T7150 459:107.744 - 2.603ms returns FALSE
T7150 459:107.840 JLINK_IsHalted()
T7150 459:108.416 - 0.554ms returns FALSE
T7150 459:214.656 JLINK_IsHalted()
T7150 459:215.040 - 0.440ms returns FALSE
T7150 459:215.104 JLINK_IsHalted()
T7150 459:215.456 - 0.359ms returns FALSE
T7150 459:324.064 JLINK_IsHalted()
T7150 459:324.768 - 0.693ms returns FALSE
T7150 459:324.864 JLINK_IsHalted()
T7150 459:325.536 - 0.653ms returns FALSE
T7150 459:434.048 JLINK_IsHalted()
T7150 459:434.752 - 0.702ms returns FALSE
T7150 459:434.848 JLINK_IsHalted()
T7150 459:435.424 - 0.566ms returns FALSE
T7150 459:543.360 JLINK_IsHalted()
T7150 459:544.128 - 0.732ms returns FALSE
T7150 459:544.160 JLINK_IsHalted()
T7150 459:544.832 - 0.648ms returns FALSE
T7150 459:652.672 JLINK_IsHalted()
T7150 459:653.184 - 0.525ms returns FALSE
T7150 459:653.216 JLINK_IsHalted()
T7150 459:653.632 - 0.410ms returns FALSE
T9440 459:749.120 JLINK_IsHalted()
T9440 459:749.568 - 0.452ms returns FALSE
T9440 459:749.632 JLINK_IsHalted()
T9440 459:749.984 - 0.378ms returns FALSE
T7150 459:761.920 JLINK_IsHalted()
T7150 459:762.432 - 0.537ms returns FALSE
T7150 459:762.528 JLINK_IsHalted()
T7150 459:762.848 - 0.350ms returns FALSE
T7150 459:871.136 JLINK_IsHalted()
T7150 459:871.680 - 0.570ms returns FALSE
T7150 459:871.808 JLINK_IsHalted()
T7150 459:872.160 - 0.334ms returns FALSE
T7150 459:980.800 JLINK_IsHalted()
T7150 459:981.248 - 0.476ms returns FALSE
T7150 459:981.248 JLINK_IsHalted()
T7150 459:981.760 - 0.468ms returns FALSE
T7150 460:090.720 JLINK_IsHalted()
T7150 460:091.200 - 0.486ms returns FALSE
T7150 460:091.232 JLINK_IsHalted()
T7150 460:091.584 - 0.382ms returns FALSE
T7150 460:199.104 JLINK_IsHalted()
T7150 460:201.888 - 2.743ms returns FALSE
T7150 460:202.048 JLINK_IsHalted()
T7150 460:203.872 - 1.829ms returns FALSE
T7150 460:308.832 JLINK_IsHalted()
T7150 460:309.440 - 0.611ms returns FALSE
T7150 460:309.504 JLINK_IsHalted()
T7150 460:310.016 - 0.497ms returns FALSE
T7150 460:418.208 JLINK_IsHalted()
T7150 460:418.912 - 0.730ms returns FALSE
T7150 460:419.008 JLINK_IsHalted()
T7150 460:419.584 - 0.595ms returns FALSE
T7150 460:527.008 JLINK_IsHalted()
T7150 460:527.616 - 0.607ms returns FALSE
T7150 460:527.616 JLINK_IsHalted()
T7150 460:528.032 - 0.385ms returns FALSE
T7150 460:637.376 JLINK_IsHalted()
T7150 460:637.888 - 0.517ms returns FALSE
T7150 460:637.952 JLINK_IsHalted()
T7150 460:638.400 - 0.427ms returns FALSE
T7150 460:746.240 JLINK_IsHalted()
T7150 460:746.848 - 0.634ms returns FALSE
T7150 460:746.912 JLINK_IsHalted()
T7150 460:747.456 - 0.559ms returns FALSE
T9440 460:751.296 JLINK_IsHalted()
T9440 460:751.808 - 0.523ms returns FALSE
T9440 460:751.872 JLINK_IsHalted()
T9440 460:752.384 - 0.480ms returns FALSE
T7150 460:855.456 JLINK_IsHalted()
T7150 460:856.128 - 0.692ms returns FALSE
T7150 460:856.224 JLINK_IsHalted()
T7150 460:856.832 - 0.605ms returns FALSE
T7150 460:964.768 JLINK_IsHalted()
T7150 460:965.376 - 0.587ms returns FALSE
T7150 460:965.440 JLINK_IsHalted()
T7150 460:965.824 - 0.393ms returns FALSE
T7150 461:074.336 JLINK_IsHalted()
T7150 461:074.880 - 0.569ms returns FALSE
T7150 461:074.880 JLINK_IsHalted()
T7150 461:075.296 - 0.411ms returns FALSE
T7150 461:184.096 JLINK_IsHalted()
T7150 461:184.512 - 0.451ms returns FALSE
T7150 461:184.576 JLINK_IsHalted()
T7150 461:184.864 - 0.299ms returns FALSE
T7150 461:292.960 JLINK_IsHalted()
T7150 461:293.408 - 0.449ms returns FALSE
T7150 461:293.408 JLINK_IsHalted()
T7150 461:293.824 - 0.395ms returns FALSE
T7150 461:402.304 JLINK_IsHalted()
T7150 461:402.720 - 0.428ms returns FALSE
T7150 461:402.720 JLINK_IsHalted()
T7150 461:403.072 - 0.324ms returns FALSE
T7150 461:511.520 JLINK_IsHalted()
T7150 461:512.000 - 0.477ms returns FALSE
T7150 461:512.032 JLINK_IsHalted()
T7150 461:512.448 - 0.405ms returns FALSE
T7150 461:621.824 JLINK_IsHalted()
T7150 461:622.208 - 0.409ms returns FALSE
T7150 461:622.272 JLINK_IsHalted()
T7150 461:622.592 - 0.307ms returns FALSE
T7150 461:730.816 JLINK_IsHalted()
T7150 461:731.328 - 0.506ms returns FALSE
T7150 461:731.328 JLINK_IsHalted()
T7150 461:731.744 - 0.374ms returns FALSE
T9440 461:753.152 JLINK_IsHalted()
T9440 461:753.664 - 0.501ms returns FALSE
T9440 461:753.696 JLINK_IsHalted()
T9440 461:754.176 - 0.476ms returns FALSE
T7150 461:840.320 JLINK_IsHalted()
T7150 461:840.896 - 0.564ms returns FALSE
T7150 461:840.992 JLINK_IsHalted()
T7150 461:841.600 - 0.615ms returns FALSE
T7150 461:949.760 JLINK_IsHalted()
T7150 461:950.368 - 0.617ms returns FALSE
T7150 461:950.400 JLINK_IsHalted()
T7150 461:950.880 - 0.467ms returns FALSE
T7150 462:058.496 JLINK_IsHalted()
T7150 462:059.072 - 0.548ms returns FALSE
T7150 462:059.104 JLINK_IsHalted()
T7150 462:059.456 - 0.333ms returns FALSE
T7150 462:168.256 JLINK_IsHalted()
T7150 462:168.736 - 0.451ms returns FALSE
T7150 462:168.768 JLINK_IsHalted()
T7150 462:169.152 - 0.371ms returns FALSE
T7150 462:277.120 JLINK_IsHalted()
T7150 462:277.728 - 0.620ms returns FALSE
T7150 462:277.792 JLINK_IsHalted()
T7150 462:278.304 - 0.523ms returns FALSE
T7150 462:386.752 JLINK_IsHalted()
T7150 462:387.200 - 0.506ms returns FALSE
T7150 462:387.264 JLINK_IsHalted()
T7150 462:389.664 - 2.416ms returns FALSE
T7150 462:495.936 JLINK_IsHalted()
T7150 462:496.576 - 0.626ms returns FALSE
T7150 462:496.672 JLINK_IsHalted()
T7150 462:497.120 - 0.477ms returns FALSE
T7150 462:605.472 JLINK_IsHalted()
T7150 462:605.984 - 0.497ms returns FALSE
T7150 462:605.984 JLINK_IsHalted()
T7150 462:606.400 - 0.399ms returns FALSE
T7150 462:714.688 JLINK_IsHalted()
T7150 462:715.456 - 0.733ms returns FALSE
T7150 462:715.552 JLINK_IsHalted()
T7150 462:716.000 - 0.499ms returns FALSE
T9440 462:754.208 JLINK_IsHalted()
T9440 462:754.656 - 0.456ms returns FALSE
T9440 462:754.656 JLINK_IsHalted()
T9440 462:755.008 - 0.368ms returns FALSE
T7150 462:824.352 JLINK_IsHalted()
T7150 462:824.768 - 0.403ms returns FALSE
T7150 462:824.800 JLINK_IsHalted()
T7150 462:825.120 - 0.310ms returns FALSE
T7150 462:933.696 JLINK_IsHalted()
T7150 462:934.272 - 0.536ms returns FALSE
T7150 462:934.336 JLINK_IsHalted()
T7150 462:934.688 - 0.337ms returns FALSE
T7150 463:042.752 JLINK_IsHalted()
T7150 463:043.168 - 0.406ms returns FALSE
T7150 463:043.232 JLINK_IsHalted()
T7150 463:043.488 - 0.257ms returns FALSE
T7150 463:152.384 JLINK_IsHalted()
T7150 463:152.896 - 0.524ms returns FALSE
T7150 463:152.960 JLINK_IsHalted()
T7150 463:153.312 - 0.371ms returns FALSE
T7150 463:261.888 JLINK_IsHalted()
T7150 463:262.368 - 0.485ms returns FALSE
T7150 463:262.400 JLINK_IsHalted()
T7150 463:262.784 - 0.379ms returns FALSE
T7150 463:371.456 JLINK_IsHalted()
T7150 463:371.968 - 0.528ms returns FALSE
T7150 463:372.032 JLINK_IsHalted()
T7150 463:372.384 - 0.364ms returns FALSE
T7150 463:480.672 JLINK_IsHalted()
T7150 463:481.152 - 0.436ms returns FALSE
T7150 463:481.152 JLINK_IsHalted()
T7150 463:481.504 - 0.358ms returns FALSE
T7150 463:589.728 JLINK_IsHalted()
T7150 463:590.240 - 0.511ms returns FALSE
T7150 463:590.304 JLINK_IsHalted()
T7150 463:590.816 - 0.493ms returns FALSE
T7150 463:699.616 JLINK_IsHalted()
T7150 463:700.288 - 0.656ms returns FALSE
T7150 463:700.320 JLINK_IsHalted()
T7150 463:700.800 - 0.475ms returns FALSE
T9440 463:755.264 JLINK_IsHalted()
T9440 463:755.776 - 0.498ms returns FALSE
T9440 463:755.840 JLINK_IsHalted()
T9440 463:756.288 - 0.457ms returns FALSE
T7150 463:808.960 JLINK_IsHalted()
T7150 463:809.600 - 0.601ms returns FALSE
T7150 463:809.632 JLINK_IsHalted()
T7150 463:810.144 - 0.517ms returns FALSE
T7150 463:918.272 JLINK_IsHalted()
T7150 463:918.848 - 0.573ms returns FALSE
T7150 463:918.912 JLINK_IsHalted()
T7150 463:919.424 - 0.496ms returns FALSE
T7150 464:027.456 JLINK_IsHalted()
T7150 464:028.000 - 0.561ms returns FALSE
T7150 464:028.064 JLINK_IsHalted()
T7150 464:028.416 - 0.363ms returns FALSE
T7150 464:136.768 JLINK_IsHalted()
T7150 464:137.312 - 0.567ms returns FALSE
T7150 464:137.376 JLINK_IsHalted()
T7150 464:137.728 - 0.384ms returns FALSE
T7150 464:245.952 JLINK_IsHalted()
T7150 464:246.368 - 0.387ms returns FALSE
T7150 464:246.368 JLINK_IsHalted()
T7150 464:246.720 - 0.330ms returns FALSE
T7150 464:356.000 JLINK_IsHalted()
T7150 464:356.512 - 0.524ms returns FALSE
T7150 464:356.544 JLINK_IsHalted()
T7150 464:357.056 - 0.510ms returns FALSE
T7150 464:464.992 JLINK_IsHalted()
T7150 464:465.504 - 0.519ms returns FALSE
T7150 464:465.568 JLINK_IsHalted()
T7150 464:466.080 - 0.520ms returns FALSE
T7150 464:574.560 JLINK_IsHalted()
T7150 464:575.040 - 0.503ms returns FALSE
T7150 464:575.072 JLINK_IsHalted()
T7150 464:575.488 - 0.378ms returns FALSE
T7150 464:684.704 JLINK_IsHalted()
T7150 464:685.216 - 0.539ms returns FALSE
T7150 464:685.248 JLINK_IsHalted()
T7150 464:685.664 - 0.393ms returns FALSE
T9440 464:757.184 JLINK_IsHalted()
T9440 464:757.664 - 0.461ms returns FALSE
T9440 464:757.760 JLINK_IsHalted()
T9440 464:758.176 - 0.444ms returns FALSE
T7150 464:793.344 JLINK_IsHalted()
T7150 464:793.952 - 0.588ms returns FALSE
T7150 464:794.016 JLINK_IsHalted()
T7150 464:794.464 - 0.468ms returns FALSE
T7150 464:902.080 JLINK_IsHalted()
T7150 464:902.656 - 0.523ms returns FALSE
T7150 464:902.656 JLINK_IsHalted()
T7150 464:903.104 - 0.433ms returns FALSE
T7150 465:011.616 JLINK_IsHalted()
T7150 465:012.320 - 0.721ms returns FALSE
T7150 465:012.416 JLINK_IsHalted()
T7150 465:013.088 - 0.688ms returns FALSE
T7150 465:120.768 JLINK_IsHalted()
T7150 465:121.472 - 0.712ms returns FALSE
T7150 465:121.536 JLINK_IsHalted()
T7150 465:121.984 - 0.433ms returns FALSE
T7150 465:230.176 JLINK_IsHalted()
T7150 465:230.688 - 0.503ms returns FALSE
T7150 465:230.752 JLINK_IsHalted()
T7150 465:231.264 - 0.538ms returns FALSE
T7150 465:340.256 JLINK_IsHalted()
T7150 465:340.864 - 0.611ms returns FALSE
T7150 465:340.928 JLINK_IsHalted()
T7150 465:341.376 - 0.452ms returns FALSE
T7150 465:449.536 JLINK_IsHalted()
T7150 465:451.584 - 2.041ms returns FALSE
T7150 465:451.616 JLINK_IsHalted()
T7150 465:452.096 - 0.416ms returns FALSE
T7150 465:559.232 JLINK_IsHalted()
T7150 465:559.616 - 0.370ms returns FALSE
T7150 465:559.648 JLINK_IsHalted()
T7150 465:560.000 - 0.367ms returns FALSE
T7150 465:668.448 JLINK_IsHalted()
T7150 465:668.800 - 0.363ms returns FALSE
T7150 465:668.800 JLINK_IsHalted()
T7150 465:669.056 - 0.272ms returns FALSE
T9440 465:758.976 JLINK_IsHalted()
T9440 465:759.488 - 0.517ms returns FALSE
T9440 465:759.488 JLINK_IsHalted()
T9440 465:759.904 - 0.373ms returns FALSE
T7150 465:777.344 JLINK_IsHalted()
T7150 465:777.728 - 0.385ms returns FALSE
T7150 465:777.760 JLINK_IsHalted()
T7150 465:778.080 - 0.312ms returns FALSE
T7150 465:886.624 JLINK_IsHalted()
T7150 465:887.136 - 0.509ms returns FALSE
T7150 465:887.168 JLINK_IsHalted()
T7150 465:887.648 - 0.431ms returns FALSE
T7150 465:996.704 JLINK_IsHalted()
T7150 465:997.248 - 0.575ms returns FALSE
T7150 465:997.312 JLINK_IsHalted()
T7150 465:997.824 - 0.485ms returns FALSE
T7150 466:105.792 JLINK_IsHalted()
T7150 466:106.464 - 0.641ms returns FALSE
T7150 466:106.528 JLINK_IsHalted()
T7150 466:106.944 - 0.432ms returns FALSE
T7150 466:215.104 JLINK_IsHalted()
T7150 466:215.744 - 0.579ms returns FALSE
T7150 466:215.744 JLINK_IsHalted()
T7150 466:216.128 - 0.405ms returns FALSE
T7150 466:324.160 JLINK_IsHalted()
T7150 466:324.672 - 0.522ms returns FALSE
T7150 466:324.736 JLINK_IsHalted()
T7150 466:325.184 - 0.455ms returns FALSE
T7150 466:434.144 JLINK_IsHalted()
T7150 466:434.720 - 0.549ms returns FALSE
T7150 466:434.752 JLINK_IsHalted()
T7150 466:435.168 - 0.396ms returns FALSE
T7150 466:543.264 JLINK_IsHalted()
T7150 466:543.968 - 0.690ms returns FALSE
T7150 466:544.064 JLINK_IsHalted()
T7150 466:544.640 - 0.592ms returns FALSE
T7150 466:652.928 JLINK_IsHalted()
T7150 466:653.440 - 0.505ms returns FALSE
T7150 466:653.504 JLINK_IsHalted()
T7150 466:653.952 - 0.468ms returns FALSE
T9440 466:761.152 JLINK_IsHalted()
T9440 466:761.792 - 0.589ms returns FALSE
T9440 466:761.824 JLINK_IsHalted()
T9440 466:762.336 - 0.490ms returns FALSE
T7150 466:762.496 JLINK_IsHalted()
T7150 466:763.104 - 0.576ms returns FALSE
T7150 466:763.168 JLINK_IsHalted()
T7150 466:763.680 - 0.540ms returns FALSE
T7150 466:871.616 JLINK_IsHalted()
T7150 466:872.256 - 0.634ms returns FALSE
T7150 466:872.320 JLINK_IsHalted()
T7150 466:872.832 - 0.539ms returns FALSE
T7150 466:980.288 JLINK_IsHalted()
T7150 466:982.144 - 1.851ms returns FALSE
T7150 466:982.240 JLINK_IsHalted()
T7150 466:982.912 - 0.643ms returns FALSE
T7150 467:090.336 JLINK_IsHalted()
T7150 467:091.296 - 0.970ms returns FALSE
T7150 467:091.456 JLINK_IsHalted()
T7150 467:092.032 - 0.591ms returns FALSE
T7150 467:198.976 JLINK_IsHalted()
T7150 467:201.600 - 2.586ms returns FALSE
T7150 467:201.696 JLINK_IsHalted()
T7150 467:202.240 - 0.540ms returns FALSE
T7150 467:308.480 JLINK_IsHalted()
T7150 467:309.120 - 0.628ms returns FALSE
T7150 467:309.216 JLINK_IsHalted()
T7150 467:309.728 - 0.538ms returns FALSE
T7150 467:418.272 JLINK_IsHalted()
T7150 467:418.624 - 0.363ms returns FALSE
T7150 467:418.688 JLINK_IsHalted()
T7150 467:418.944 - 0.279ms returns FALSE
T7150 467:527.776 JLINK_IsHalted()
T7150 467:528.448 - 0.649ms returns FALSE
T7150 467:528.512 JLINK_IsHalted()
T7150 467:530.240 - 1.721ms returns FALSE
T7150 467:637.184 JLINK_IsHalted()
T7150 467:637.856 - 0.652ms returns FALSE
T7150 467:637.856 JLINK_IsHalted()
T7150 467:638.368 - 0.490ms returns FALSE
T7150 467:746.912 JLINK_IsHalted()
T7150 467:747.520 - 0.605ms returns FALSE
T7150 467:747.584 JLINK_IsHalted()
T7150 467:748.096 - 0.513ms returns FALSE
T9440 467:763.872 JLINK_IsHalted()
T9440 467:764.480 - 0.610ms returns FALSE
T9440 467:764.544 JLINK_IsHalted()
T9440 467:765.056 - 0.481ms returns FALSE
T7150 467:855.456 JLINK_IsHalted()
T7150 467:855.968 - 0.490ms returns FALSE
T7150 467:856.032 JLINK_IsHalted()
T7150 467:856.480 - 0.431ms returns FALSE
T7150 467:964.768 JLINK_IsHalted()
T7150 467:965.280 - 0.508ms returns FALSE
T7150 467:965.344 JLINK_IsHalted()
T7150 467:965.792 - 0.447ms returns FALSE
T7150 468:074.336 JLINK_IsHalted()
T7150 468:074.816 - 0.427ms returns FALSE
T7150 468:074.848 JLINK_IsHalted()
T7150 468:075.264 - 0.418ms returns FALSE
T7150 468:183.200 JLINK_IsHalted()
T7150 468:184.000 - 0.775ms returns FALSE
T7150 468:184.064 JLINK_IsHalted()
T7150 468:184.576 - 0.495ms returns FALSE
T7150 468:293.472 JLINK_IsHalted()
T7150 468:294.080 - 0.638ms returns FALSE
T7150 468:294.144 JLINK_IsHalted()
T7150 468:294.560 - 0.377ms returns FALSE
T7150 468:402.592 JLINK_IsHalted()
T7150 468:403.200 - 0.605ms returns FALSE
T7150 468:403.296 JLINK_IsHalted()
T7150 468:403.776 - 0.492ms returns FALSE
T7150 468:511.552 JLINK_IsHalted()
T7150 468:512.256 - 0.739ms returns FALSE
T7150 468:512.416 JLINK_IsHalted()
T7150 468:513.088 - 0.682ms returns FALSE
T7150 468:621.216 JLINK_IsHalted()
T7150 468:621.664 - 0.437ms returns FALSE
T7150 468:621.664 JLINK_IsHalted()
T7150 468:622.016 - 0.330ms returns FALSE
T7150 468:731.072 JLINK_IsHalted()
T7150 468:731.488 - 0.432ms returns FALSE
T7150 468:731.552 JLINK_IsHalted()
T7150 468:731.968 - 0.407ms returns FALSE
T9440 468:766.144 JLINK_IsHalted()
T9440 468:766.624 - 0.434ms returns FALSE
T9440 468:766.656 JLINK_IsHalted()
T9440 468:767.040 - 0.356ms returns FALSE
T7150 468:840.096 JLINK_IsHalted()
T7150 468:840.448 - 0.398ms returns FALSE
T7150 468:840.512 JLINK_IsHalted()
T7150 468:840.896 - 0.424ms returns FALSE
T7150 468:950.528 JLINK_IsHalted()
T7150 468:951.296 - 0.737ms returns FALSE
T7150 468:951.392 JLINK_IsHalted()
T7150 468:951.968 - 0.583ms returns FALSE
T7150 469:058.368 JLINK_IsHalted()
T7150 469:058.976 - 0.594ms returns FALSE
T7150 469:059.008 JLINK_IsHalted()
T7150 469:059.424 - 0.436ms returns FALSE
T7150 469:168.576 JLINK_IsHalted()
T7150 469:169.344 - 0.731ms returns FALSE
T7150 469:169.408 JLINK_IsHalted()
T7150 469:169.920 - 0.472ms returns FALSE
T7150 469:276.992 JLINK_IsHalted()
T7150 469:277.440 - 0.481ms returns FALSE
T7150 469:277.504 JLINK_IsHalted()
T7150 469:277.856 - 0.369ms returns FALSE
T7150 469:387.328 JLINK_IsHalted()
T7150 469:387.936 - 0.649ms returns FALSE
T7150 469:388.032 JLINK_IsHalted()
T7150 469:388.544 - 0.510ms returns FALSE
T7150 469:496.160 JLINK_IsHalted()
T7150 469:496.896 - 0.701ms returns FALSE
T7150 469:496.992 JLINK_IsHalted()
T7150 469:497.600 - 0.585ms returns FALSE
T7150 469:605.472 JLINK_IsHalted()
T7150 469:606.304 - 0.777ms returns FALSE
T7150 469:606.400 JLINK_IsHalted()
T7150 469:607.360 - 0.987ms returns FALSE
T7150 469:715.264 JLINK_IsHalted()
T7150 469:715.872 - 0.616ms returns FALSE
T7150 469:715.904 JLINK_IsHalted()
T7150 469:716.416 - 0.495ms returns FALSE
T9440 469:767.584 JLINK_IsHalted()
T9440 469:768.000 - 0.403ms returns FALSE
T9440 469:768.032 JLINK_IsHalted()
T9440 469:768.352 - 0.333ms returns FALSE
T7150 469:824.064 JLINK_IsHalted()
T7150 469:824.576 - 0.501ms returns FALSE
T7150 469:824.608 JLINK_IsHalted()
T7150 469:824.960 - 0.353ms returns FALSE
T7150 469:933.888 JLINK_IsHalted()
T7150 469:934.592 - 0.678ms returns FALSE
T7150 469:934.688 JLINK_IsHalted()
T7150 469:935.200 - 0.544ms returns FALSE
T7150 470:042.944 JLINK_IsHalted()
T7150 470:043.392 - 0.452ms returns FALSE
T7150 470:043.456 JLINK_IsHalted()
T7150 470:043.808 - 0.384ms returns FALSE
T7150 470:152.192 JLINK_IsHalted()
T7150 470:152.960 - 0.752ms returns FALSE
T7150 470:153.056 JLINK_IsHalted()
T7150 470:153.664 - 0.622ms returns FALSE
T7150 470:261.600 JLINK_IsHalted()
T7150 470:262.112 - 0.480ms returns FALSE
T7150 470:262.176 JLINK_IsHalted()
T7150 470:262.624 - 0.489ms returns FALSE
T7150 470:371.072 JLINK_IsHalted()
T7150 470:373.120 - 2.013ms returns FALSE
T7150 470:373.120 JLINK_IsHalted()
T7150 470:375.520 - 2.390ms returns FALSE
T7150 470:480.288 JLINK_IsHalted()
T7150 470:482.240 - 1.965ms returns FALSE
T7150 470:482.336 JLINK_IsHalted()
T7150 470:482.752 - 0.394ms returns FALSE
T7150 470:589.856 JLINK_IsHalted()
T7150 470:590.464 - 0.633ms returns FALSE
T7150 470:590.528 JLINK_IsHalted()
T7150 470:590.880 - 0.361ms returns FALSE
T7150 470:699.840 JLINK_IsHalted()
T7150 470:700.288 - 0.457ms returns FALSE
T7150 470:700.288 JLINK_IsHalted()
T7150 470:700.704 - 0.360ms returns FALSE
T9440 470:768.800 JLINK_IsHalted()
T9440 470:769.664 - 0.884ms returns FALSE
T9440 470:769.728 JLINK_IsHalted()
T9440 470:770.176 - 0.430ms returns FALSE
T7150 470:808.736 JLINK_IsHalted()
T7150 470:809.408 - 0.666ms returns FALSE
T7150 470:809.440 JLINK_IsHalted()
T7150 470:809.952 - 0.489ms returns FALSE
T7150 470:918.496 JLINK_IsHalted()
T7150 470:918.976 - 0.458ms returns FALSE
T7150 470:919.104 JLINK_IsHalted()
T7150 470:919.520 - 0.435ms returns FALSE
T7150 471:027.648 JLINK_IsHalted()
T7150 471:028.160 - 0.500ms returns FALSE
T7150 471:028.224 JLINK_IsHalted()
T7150 471:028.576 - 0.347ms returns FALSE
T7150 471:136.352 JLINK_IsHalted()
T7150 471:136.704 - 0.351ms returns FALSE
T7150 471:136.704 JLINK_IsHalted()
T7150 471:137.024 - 0.280ms returns FALSE
T7150 471:246.688 JLINK_IsHalted()
T7150 471:247.168 - 0.464ms returns FALSE
T7150 471:247.200 JLINK_IsHalted()
T7150 471:247.552 - 0.372ms returns FALSE
T7150 471:355.744 JLINK_IsHalted()
T7150 471:356.160 - 0.384ms returns FALSE
T7150 471:356.224 JLINK_IsHalted()
T7150 471:356.608 - 0.432ms returns FALSE
T7150 471:464.864 JLINK_IsHalted()
T7150 471:465.376 - 0.494ms returns FALSE
T7150 471:465.376 JLINK_IsHalted()
T7150 471:465.792 - 0.384ms returns FALSE
T7150 471:574.592 JLINK_IsHalted()
T7150 471:574.976 - 0.446ms returns FALSE
T7150 471:575.040 JLINK_IsHalted()
T7150 471:575.392 - 0.333ms returns FALSE
T7150 471:684.000 JLINK_IsHalted()
T7150 471:684.512 - 0.530ms returns FALSE
T7150 471:684.544 JLINK_IsHalted()
T7150 471:685.056 - 0.509ms returns FALSE
T9440 471:770.432 JLINK_IsHalted()
T9440 471:770.816 - 0.428ms returns FALSE
T9440 471:770.880 JLINK_IsHalted()
T9440 471:771.232 - 0.355ms returns FALSE
T7150 471:792.800 JLINK_IsHalted()
T7150 471:793.152 - 0.384ms returns FALSE
T7150 471:793.216 JLINK_IsHalted()
T7150 471:793.568 - 0.368ms returns FALSE
T7150 471:902.912 JLINK_IsHalted()
T7150 471:903.552 - 0.642ms returns FALSE
T7150 471:903.648 JLINK_IsHalted()
T7150 471:904.160 - 0.548ms returns FALSE
T7150 472:012.192 JLINK_IsHalted()
T7150 472:012.736 - 0.561ms returns FALSE
T7150 472:012.800 JLINK_IsHalted()
T7150 472:013.216 - 0.383ms returns FALSE
T7150 472:120.736 JLINK_IsHalted()
T7150 472:121.344 - 0.603ms returns FALSE
T7150 472:121.408 JLINK_IsHalted()
T7150 472:121.952 - 0.572ms returns FALSE
T7150 472:230.400 JLINK_IsHalted()
T7150 472:230.976 - 0.596ms returns FALSE
T7150 472:231.072 JLINK_IsHalted()
T7150 472:231.680 - 0.573ms returns FALSE
T7150 472:339.520 JLINK_IsHalted()
T7150 472:340.064 - 0.563ms returns FALSE
T7150 472:340.128 JLINK_IsHalted()
T7150 472:340.640 - 0.503ms returns FALSE
T7150 472:449.696 JLINK_IsHalted()
T7150 472:450.144 - 0.470ms returns FALSE
T7150 472:450.208 JLINK_IsHalted()
T7150 472:450.560 - 0.364ms returns FALSE
T7150 472:558.528 JLINK_IsHalted()
T7150 472:558.912 - 0.396ms returns FALSE
T7150 472:559.008 JLINK_IsHalted()
T7150 472:559.296 - 0.317ms returns FALSE
T7150 472:668.768 JLINK_IsHalted()
T7150 472:669.536 - 0.772ms returns FALSE
T7150 472:669.600 JLINK_IsHalted()
T7150 472:669.952 - 0.332ms returns FALSE
T9440 472:772.192 JLINK_IsHalted()
T9440 472:772.704 - 0.510ms returns FALSE
T9440 472:772.768 JLINK_IsHalted()
T9440 472:773.184 - 0.419ms returns FALSE
T7150 472:776.960 JLINK_IsHalted()
T7150 472:777.536 - 0.560ms returns FALSE
T7150 472:777.536 JLINK_IsHalted()
T7150 472:778.048 - 0.481ms returns FALSE
T7150 472:886.592 JLINK_IsHalted()
T7150 472:887.200 - 0.614ms returns FALSE
T7150 472:887.296 JLINK_IsHalted()
T7150 472:887.872 - 0.568ms returns FALSE
T7150 472:996.160 JLINK_IsHalted()
T7150 472:996.704 - 0.554ms returns FALSE
T7150 472:996.768 JLINK_IsHalted()
T7150 472:997.184 - 0.420ms returns FALSE
T7150 473:106.240 JLINK_IsHalted()
T7150 473:106.848 - 0.632ms returns FALSE
T7150 473:106.880 JLINK_IsHalted()
T7150 473:107.456 - 0.566ms returns FALSE
T7150 473:215.392 JLINK_IsHalted()
T7150 473:215.904 - 0.498ms returns FALSE
T7150 473:215.936 JLINK_IsHalted()
T7150 473:216.320 - 0.389ms returns FALSE
T7150 473:324.224 JLINK_IsHalted()
T7150 473:324.704 - 0.478ms returns FALSE
T7150 473:324.736 JLINK_IsHalted()
T7150 473:325.152 - 0.387ms returns FALSE
T7150 473:434.016 JLINK_IsHalted()
T7150 473:434.624 - 0.599ms returns FALSE
T7150 473:434.688 JLINK_IsHalted()
T7150 473:435.200 - 0.482ms returns FALSE
T7150 473:542.848 JLINK_IsHalted()
T7150 473:543.520 - 0.680ms returns FALSE
T7150 473:543.584 JLINK_IsHalted()
T7150 473:544.032 - 0.460ms returns FALSE
T7150 473:652.224 JLINK_IsHalted()
T7150 473:652.800 - 0.537ms returns FALSE
T7150 473:652.832 JLINK_IsHalted()
T7150 473:653.344 - 0.519ms returns FALSE
T7150 473:761.600 JLINK_IsHalted()
T7150 473:761.984 - 0.416ms returns FALSE
T7150 473:762.048 JLINK_IsHalted()
T7150 473:762.368 - 0.340ms returns FALSE
T9440 473:773.408 JLINK_IsHalted()
T9440 473:773.824 - 0.411ms returns FALSE
T9440 473:773.888 JLINK_IsHalted()
T9440 473:774.176 - 0.298ms returns FALSE
T7150 473:871.296 JLINK_IsHalted()
T7150 473:871.808 - 0.522ms returns FALSE
T7150 473:871.872 JLINK_IsHalted()
T7150 473:872.224 - 0.349ms returns FALSE
T7150 473:980.576 JLINK_IsHalted()
T7150 473:981.088 - 0.484ms returns FALSE
T7150 473:981.120 JLINK_IsHalted()
T7150 473:981.504 - 0.377ms returns FALSE
T7150 474:089.824 JLINK_IsHalted()
T7150 474:090.432 - 0.617ms returns FALSE
T7150 474:090.560 JLINK_IsHalted()
T7150 474:090.912 - 0.356ms returns FALSE
T7150 474:199.296 JLINK_IsHalted()
T7150 474:199.872 - 0.543ms returns FALSE
T7150 474:199.904 JLINK_IsHalted()
T7150 474:200.480 - 0.558ms returns FALSE
T7150 474:309.312 JLINK_IsHalted()
T7150 474:309.728 - 0.404ms returns FALSE
T7150 474:309.792 JLINK_IsHalted()
T7150 474:310.144 - 0.370ms returns FALSE
T7150 474:418.240 JLINK_IsHalted()
T7150 474:418.624 - 0.408ms returns FALSE
T7150 474:418.688 JLINK_IsHalted()
T7150 474:419.040 - 0.370ms returns FALSE
T7150 474:527.040 JLINK_IsHalted()
T7150 474:527.424 - 0.421ms returns FALSE
T7150 474:527.488 JLINK_IsHalted()
T7150 474:527.808 - 0.314ms returns FALSE
T7150 474:636.896 JLINK_IsHalted()
T7150 474:637.408 - 0.486ms returns FALSE
T7150 474:637.408 JLINK_IsHalted()
T7150 474:637.888 - 0.448ms returns FALSE
T7150 474:747.040 JLINK_IsHalted()
T7150 474:747.456 - 0.435ms returns FALSE
T7150 474:747.488 JLINK_IsHalted()
T7150 474:747.968 - 0.452ms returns FALSE
T9440 474:774.592 JLINK_IsHalted()
T9440 474:775.136 - 0.522ms returns FALSE
T9440 474:775.200 JLINK_IsHalted()
T9440 474:775.712 - 0.485ms returns FALSE
T7150 474:855.616 JLINK_IsHalted()
T7150 474:856.096 - 0.461ms returns FALSE
T7150 474:856.128 JLINK_IsHalted()
T7150 474:856.544 - 0.440ms returns FALSE
T7150 474:964.736 JLINK_IsHalted()
T7150 474:965.344 - 0.599ms returns FALSE
T7150 474:965.344 JLINK_IsHalted()
T7150 474:965.824 - 0.443ms returns FALSE
T7150 475:074.880 JLINK_IsHalted()
T7150 475:075.520 - 0.673ms returns FALSE
T7150 475:075.584 JLINK_IsHalted()
T7150 475:076.096 - 0.479ms returns FALSE
T7150 475:183.616 JLINK_IsHalted()
T7150 475:184.128 - 0.471ms returns FALSE
T7150 475:184.128 JLINK_IsHalted()
T7150 475:184.384 - 0.260ms returns FALSE
T7150 475:293.504 JLINK_IsHalted()
T7150 475:294.304 - 0.799ms returns FALSE
T7150 475:294.400 JLINK_IsHalted()
T7150 475:294.912 - 0.508ms returns FALSE
T7150 475:402.688 JLINK_IsHalted()
T7150 475:403.200 - 0.543ms returns FALSE
T7150 475:403.328 JLINK_IsHalted()
T7150 475:403.616 - 0.341ms returns FALSE
T7150 475:511.648 JLINK_IsHalted()
T7150 475:512.256 - 0.645ms returns FALSE
T7150 475:512.384 JLINK_IsHalted()
T7150 475:512.928 - 0.584ms returns FALSE
T7150 475:621.696 JLINK_IsHalted()
T7150 475:622.144 - 0.464ms returns FALSE
T7150 475:622.144 JLINK_IsHalted()
T7150 475:622.496 - 0.358ms returns FALSE
T7150 475:730.752 JLINK_IsHalted()
T7150 475:731.264 - 0.549ms returns FALSE
T7150 475:731.296 JLINK_IsHalted()
T7150 475:731.648 - 0.370ms returns FALSE
T9440 475:776.160 JLINK_IsHalted()
T9440 475:776.768 - 0.589ms returns FALSE
T9440 475:776.832 JLINK_IsHalted()
T9440 475:777.280 - 0.487ms returns FALSE
T7150 475:839.808 JLINK_IsHalted()
T7150 475:840.352 - 0.579ms returns FALSE
T7150 475:840.416 JLINK_IsHalted()
T7150 475:840.928 - 0.516ms returns FALSE
T7150 475:949.312 JLINK_IsHalted()
T7150 475:949.760 - 0.448ms returns FALSE
T7150 475:949.824 JLINK_IsHalted()
T7150 475:950.240 - 0.406ms returns FALSE
T7150 476:058.368 JLINK_IsHalted()
T7150 476:058.816 - 0.454ms returns FALSE
T7150 476:058.880 JLINK_IsHalted()
T7150 476:059.296 - 0.414ms returns FALSE
T7150 476:167.776 JLINK_IsHalted()
T7150 476:168.288 - 0.552ms returns FALSE
T7150 476:168.384 JLINK_IsHalted()
T7150 476:168.864 - 0.483ms returns FALSE
T7150 476:277.408 JLINK_IsHalted()
T7150 476:277.856 - 0.467ms returns FALSE
T7150 476:277.920 JLINK_IsHalted()
T7150 476:278.208 - 0.278ms returns FALSE
T7150 476:386.752 JLINK_IsHalted()
T7150 476:387.328 - 0.555ms returns FALSE
T7150 476:387.392 JLINK_IsHalted()
T7150 476:387.904 - 0.493ms returns FALSE
T7150 476:496.640 JLINK_IsHalted()
T7150 476:497.216 - 0.535ms returns FALSE
T7150 476:497.248 JLINK_IsHalted()
T7150 476:497.600 - 0.391ms returns FALSE
T7150 476:605.888 JLINK_IsHalted()
T7150 476:606.304 - 0.393ms returns FALSE
T7150 476:606.368 JLINK_IsHalted()
T7150 476:606.784 - 0.424ms returns FALSE
T7150 476:714.848 JLINK_IsHalted()
T7150 476:715.360 - 0.477ms returns FALSE
T7150 476:715.424 JLINK_IsHalted()
T7150 476:715.840 - 0.430ms returns FALSE
T9440 476:778.752 JLINK_IsHalted()
T9440 476:779.200 - 0.455ms returns FALSE
T9440 476:779.200 JLINK_IsHalted()
T9440 476:779.520 - 0.326ms returns FALSE
T7150 476:824.160 JLINK_IsHalted()
T7150 476:824.672 - 0.534ms returns FALSE
T7150 476:824.736 JLINK_IsHalted()
T7150 476:825.248 - 0.493ms returns FALSE
T7150 476:934.144 JLINK_IsHalted()
T7150 476:934.752 - 0.626ms returns FALSE
T7150 476:934.816 JLINK_IsHalted()
T7150 476:935.328 - 0.488ms returns FALSE
T7150 477:043.776 JLINK_IsHalted()
T7150 477:044.320 - 0.571ms returns FALSE
T7150 477:044.384 JLINK_IsHalted()
T7150 477:044.800 - 0.421ms returns FALSE
T7150 477:152.416 JLINK_IsHalted()
T7150 477:153.184 - 0.761ms returns FALSE
T7150 477:153.216 JLINK_IsHalted()
T7150 477:153.792 - 0.542ms returns FALSE
T7150 477:262.144 JLINK_IsHalted()
T7150 477:263.968 - 1.827ms returns FALSE
T7150 477:264.064 JLINK_IsHalted()
T7150 477:265.984 - 1.892ms returns FALSE
T7150 477:371.712 JLINK_IsHalted()
T7150 477:372.352 - 0.695ms returns FALSE
T7150 477:372.416 JLINK_IsHalted()
T7150 477:372.928 - 0.514ms returns FALSE
T7150 477:480.608 JLINK_IsHalted()
T7150 477:481.312 - 0.723ms returns FALSE
T7150 477:481.376 JLINK_IsHalted()
T7150 477:481.824 - 0.414ms returns FALSE
T7150 477:590.592 JLINK_IsHalted()
T7150 477:591.200 - 0.637ms returns FALSE
T7150 477:591.296 JLINK_IsHalted()
T7150 477:591.712 - 0.394ms returns FALSE
T7150 477:699.264 JLINK_IsHalted()
T7150 477:699.904 - 0.587ms returns FALSE
T7150 477:699.936 JLINK_IsHalted()
T7150 477:700.352 - 0.413ms returns FALSE
T9440 477:780.928 JLINK_IsHalted()
T9440 477:781.504 - 0.557ms returns FALSE
T9440 477:781.568 JLINK_IsHalted()
T9440 477:782.080 - 0.493ms returns FALSE
T7150 477:808.576 JLINK_IsHalted()
T7150 477:809.152 - 0.554ms returns FALSE
T7150 477:809.216 JLINK_IsHalted()
T7150 477:809.664 - 0.439ms returns FALSE
T7150 477:918.400 JLINK_IsHalted()
T7150 477:918.816 - 0.393ms returns FALSE
T7150 477:918.880 JLINK_IsHalted()
T7150 477:919.232 - 0.372ms returns FALSE
T7150 478:027.424 JLINK_IsHalted()
T7150 478:028.032 - 0.608ms returns FALSE
T7150 478:028.096 JLINK_IsHalted()
T7150 478:028.608 - 0.511ms returns FALSE
T7150 478:136.928 JLINK_IsHalted()
T7150 478:137.408 - 0.498ms returns FALSE
T7150 478:137.504 JLINK_IsHalted()
T7150 478:137.920 - 0.420ms returns FALSE
T7150 478:246.560 JLINK_IsHalted()
T7150 478:249.376 - 2.850ms returns FALSE
T7150 478:249.536 JLINK_IsHalted()
T7150 478:250.176 - 0.672ms returns FALSE
T7150 478:355.712 JLINK_IsHalted()
T7150 478:356.320 - 0.577ms returns FALSE
T7150 478:356.384 JLINK_IsHalted()
T7150 478:356.800 - 0.409ms returns FALSE
T7150 478:464.864 JLINK_IsHalted()
T7150 478:465.440 - 0.598ms returns FALSE
T7150 478:465.472 JLINK_IsHalted()
T7150 478:465.984 - 0.482ms returns FALSE
T7150 478:574.848 JLINK_IsHalted()
T7150 478:575.456 - 0.623ms returns FALSE
T7150 478:575.520 JLINK_IsHalted()
T7150 478:575.968 - 0.469ms returns FALSE
T7150 478:683.808 JLINK_IsHalted()
T7150 478:684.416 - 0.595ms returns FALSE
T7150 478:684.480 JLINK_IsHalted()
T7150 478:684.928 - 0.449ms returns FALSE
T9440 478:783.488 JLINK_IsHalted()
T9440 478:784.160 - 0.669ms returns FALSE
T9440 478:784.192 JLINK_IsHalted()
T9440 478:784.704 - 0.487ms returns FALSE
T7150 478:792.768 JLINK_IsHalted()
T7150 478:793.408 - 0.644ms returns FALSE
T7150 478:793.472 JLINK_IsHalted()
T7150 478:794.048 - 0.567ms returns FALSE
T7150 478:902.848 JLINK_IsHalted()
T7150 478:903.360 - 0.529ms returns FALSE
T7150 478:903.392 JLINK_IsHalted()
T7150 478:905.408 - 1.992ms returns FALSE
T7150 479:011.776 JLINK_IsHalted()
T7150 479:012.448 - 0.667ms returns FALSE
T7150 479:012.512 JLINK_IsHalted()
T7150 479:013.056 - 0.529ms returns FALSE
T7150 479:121.312 JLINK_IsHalted()
T7150 479:121.920 - 0.632ms returns FALSE
T7150 479:122.016 JLINK_IsHalted()
T7150 479:122.432 - 0.441ms returns FALSE
T7150 479:230.784 JLINK_IsHalted()
T7150 479:231.424 - 0.680ms returns FALSE
T7150 479:231.552 JLINK_IsHalted()
T7150 479:232.160 - 0.633ms returns FALSE
T7150 479:340.544 JLINK_IsHalted()
T7150 479:341.152 - 0.635ms returns FALSE
T7150 479:341.216 JLINK_IsHalted()
T7150 479:341.728 - 0.500ms returns FALSE
T7150 479:449.440 JLINK_IsHalted()
T7150 479:450.208 - 0.758ms returns FALSE
T7150 479:450.272 JLINK_IsHalted()
T7150 479:450.720 - 0.468ms returns FALSE
T7150 479:559.360 JLINK_IsHalted()
T7150 479:559.776 - 0.376ms returns FALSE
T7150 479:559.840 JLINK_IsHalted()
T7150 479:560.288 - 0.493ms returns FALSE
T7150 479:668.800 JLINK_IsHalted()
T7150 479:669.152 - 0.388ms returns FALSE
T7150 479:669.184 JLINK_IsHalted()
T7150 479:669.504 - 0.326ms returns FALSE
T7150 479:777.344 JLINK_IsHalted()
T7150 479:777.728 - 0.408ms returns FALSE
T7150 479:777.728 JLINK_IsHalted()
T7150 479:778.048 - 0.286ms returns FALSE
T9440 479:785.152 JLINK_IsHalted()
T9440 479:785.568 - 0.413ms returns FALSE
T9440 479:785.632 JLINK_IsHalted()
T9440 479:785.888 - 0.294ms returns FALSE
T7150 479:886.688 JLINK_IsHalted()
T7150 479:887.296 - 0.611ms returns FALSE
T7150 479:887.456 JLINK_IsHalted()
T7150 479:888.032 - 0.602ms returns FALSE
T7150 479:996.416 JLINK_IsHalted()
T7150 479:996.992 - 0.531ms returns FALSE
T7150 479:997.088 JLINK_IsHalted()
T7150 479:997.440 - 0.372ms returns FALSE
T7150 480:105.216 JLINK_IsHalted()
T7150 480:105.824 - 0.605ms returns FALSE
T7150 480:105.888 JLINK_IsHalted()
T7150 480:106.336 - 0.435ms returns FALSE
T7150 480:215.392 JLINK_IsHalted()
T7150 480:216.064 - 0.667ms returns FALSE
T7150 480:216.160 JLINK_IsHalted()
T7150 480:216.832 - 0.676ms returns FALSE
T7150 480:324.416 JLINK_IsHalted()
T7150 480:324.928 - 0.519ms returns FALSE
T7150 480:324.960 JLINK_IsHalted()
T7150 480:325.312 - 0.393ms returns FALSE
T7150 480:433.504 JLINK_IsHalted()
T7150 480:434.176 - 0.688ms returns FALSE
T7150 480:434.240 JLINK_IsHalted()
T7150 480:434.784 - 0.548ms returns FALSE
T7150 480:543.328 JLINK_IsHalted()
T7150 480:543.840 - 0.497ms returns FALSE
T7150 480:543.904 JLINK_IsHalted()
T7150 480:544.256 - 0.347ms returns FALSE
T7150 480:651.968 JLINK_IsHalted()
T7150 480:652.384 - 0.380ms returns FALSE
T7150 480:652.384 JLINK_IsHalted()
T7150 480:652.800 - 0.396ms returns FALSE
T7150 480:762.176 JLINK_IsHalted()
T7150 480:762.688 - 0.513ms returns FALSE
T7150 480:762.720 JLINK_IsHalted()
T7150 480:763.072 - 0.366ms returns FALSE
T9440 480:786.528 JLINK_IsHalted()
T9440 480:787.040 - 0.496ms returns FALSE
T9440 480:787.104 JLINK_IsHalted()
T9440 480:787.456 - 0.360ms returns FALSE
T7150 480:871.328 JLINK_IsHalted()
T7150 480:871.936 - 0.604ms returns FALSE
T7150 480:872.000 JLINK_IsHalted()
T7150 480:872.384 - 0.435ms returns FALSE
T7150 480:980.320 JLINK_IsHalted()
T7150 480:980.896 - 0.537ms returns FALSE
T7150 480:980.928 JLINK_IsHalted()
T7150 480:981.408 - 0.458ms returns FALSE
T7150 481:090.208 JLINK_IsHalted()
T7150 481:090.816 - 0.620ms returns FALSE
T7150 481:090.880 JLINK_IsHalted()
T7150 481:091.328 - 0.447ms returns FALSE
T7150 481:199.200 JLINK_IsHalted()
T7150 481:199.776 - 0.572ms returns FALSE
T7150 481:199.808 JLINK_IsHalted()
T7150 481:200.224 - 0.395ms returns FALSE
T7150 481:308.928 JLINK_IsHalted()
T7150 481:309.344 - 0.408ms returns FALSE
T7150 481:309.376 JLINK_IsHalted()
T7150 481:309.760 - 0.408ms returns FALSE
T7150 481:418.240 JLINK_IsHalted()
T7150 481:419.872 - 1.639ms returns FALSE
T7150 481:419.936 JLINK_IsHalted()
T7150 481:420.480 - 0.588ms returns FALSE
T7150 481:528.160 JLINK_IsHalted()
T7150 481:528.832 - 0.686ms returns FALSE
T7150 481:528.928 JLINK_IsHalted()
T7150 481:529.664 - 0.737ms returns FALSE
T7150 481:636.800 JLINK_IsHalted()
T7150 481:637.376 - 0.558ms returns FALSE
T7150 481:637.440 JLINK_IsHalted()
T7150 481:637.888 - 0.478ms returns FALSE
T7150 481:747.360 JLINK_IsHalted()
T7150 481:747.904 - 0.572ms returns FALSE
T7150 481:747.968 JLINK_IsHalted()
T7150 481:748.384 - 0.435ms returns FALSE
T9440 481:787.744 JLINK_IsHalted()
T9440 481:788.320 - 0.576ms returns FALSE
T9440 481:788.352 JLINK_IsHalted()
T9440 481:788.928 - 0.559ms returns FALSE
T7150 481:856.064 JLINK_IsHalted()
T7150 481:856.704 - 0.678ms returns FALSE
T7150 481:856.768 JLINK_IsHalted()
T7150 481:857.280 - 0.498ms returns FALSE
T7150 481:965.312 JLINK_IsHalted()
T7150 481:965.984 - 0.634ms returns FALSE
T7150 481:966.016 JLINK_IsHalted()
T7150 481:966.528 - 0.532ms returns FALSE
T7150 482:074.176 JLINK_IsHalted()
T7150 482:074.720 - 0.520ms returns FALSE
T7150 482:074.784 JLINK_IsHalted()
T7150 482:075.296 - 0.512ms returns FALSE
T7150 482:183.424 JLINK_IsHalted()
T7150 482:184.032 - 0.620ms returns FALSE
T7150 482:184.096 JLINK_IsHalted()
T7150 482:184.608 - 0.505ms returns FALSE
T7150 482:293.056 JLINK_IsHalted()
T7150 482:293.664 - 0.620ms returns FALSE
T7150 482:293.696 JLINK_IsHalted()
T7150 482:294.176 - 0.481ms returns FALSE
T7150 482:402.560 JLINK_IsHalted()
T7150 482:403.232 - 0.681ms returns FALSE
T7150 482:403.392 JLINK_IsHalted()
T7150 482:404.000 - 0.623ms returns FALSE
T7150 482:511.520 JLINK_IsHalted()
T7150 482:512.192 - 0.669ms returns FALSE
T7150 482:512.224 JLINK_IsHalted()
T7150 482:512.800 - 0.590ms returns FALSE
T7150 482:621.088 JLINK_IsHalted()
T7150 482:621.760 - 0.633ms returns FALSE
T7150 482:621.792 JLINK_IsHalted()
T7150 482:622.304 - 0.527ms returns FALSE
T7150 482:730.912 JLINK_IsHalted()
T7150 482:731.456 - 0.561ms returns FALSE
T7150 482:731.520 JLINK_IsHalted()
T7150 482:732.096 - 0.538ms returns FALSE
T9440 482:789.440 JLINK_IsHalted()
T9440 482:789.984 - 0.577ms returns FALSE
T9440 482:790.080 JLINK_IsHalted()
T9440 482:790.560 - 0.444ms returns FALSE
T7150 482:839.872 JLINK_IsHalted()
T7150 482:840.256 - 0.455ms returns FALSE
T7150 482:840.320 JLINK_IsHalted()
T7150 482:840.736 - 0.423ms returns FALSE
T7150 482:948.960 JLINK_IsHalted()
T7150 482:949.440 - 0.466ms returns FALSE
T7150 482:949.472 JLINK_IsHalted()
T7150 482:949.792 - 0.332ms returns FALSE
T7150 483:059.200 JLINK_IsHalted()
T7150 483:059.776 - 0.596ms returns FALSE
T7150 483:059.808 JLINK_IsHalted()
T7150 483:060.160 - 0.323ms returns FALSE
T7150 483:168.608 JLINK_IsHalted()
T7150 483:169.376 - 0.793ms returns FALSE
T7150 483:169.472 JLINK_IsHalted()
T7150 483:170.112 - 0.623ms returns FALSE
T7150 483:277.888 JLINK_IsHalted()
T7150 483:278.400 - 0.498ms returns FALSE
T7150 483:278.400 JLINK_IsHalted()
T7150 483:278.784 - 0.381ms returns FALSE
T7150 483:386.784 JLINK_IsHalted()
T7150 483:388.768 - 2.022ms returns FALSE
T7150 483:388.832 JLINK_IsHalted()
T7150 483:389.280 - 0.446ms returns FALSE
T7150 483:495.936 JLINK_IsHalted()
T7150 483:496.512 - 0.589ms returns FALSE
T7150 483:496.544 JLINK_IsHalted()
T7150 483:496.896 - 0.387ms returns FALSE
T7150 483:605.952 JLINK_IsHalted()
T7150 483:606.432 - 0.449ms returns FALSE
T7150 483:606.432 JLINK_IsHalted()
T7150 483:606.848 - 0.411ms returns FALSE
T7150 483:715.136 JLINK_IsHalted()
T7150 483:715.776 - 0.677ms returns FALSE
T7150 483:715.904 JLINK_IsHalted()
T7150 483:716.512 - 0.634ms returns FALSE
T9440 483:792.224 JLINK_IsHalted()
T9440 483:792.896 - 0.676ms returns FALSE
T9440 483:792.960 JLINK_IsHalted()
T9440 483:793.344 - 0.422ms returns FALSE
T7150 483:824.896 JLINK_IsHalted()
T7150 483:826.784 - 1.933ms returns FALSE
T7150 483:826.944 JLINK_IsHalted()
T7150 483:827.552 - 0.601ms returns FALSE
T7150 483:934.016 JLINK_IsHalted()
T7150 483:934.656 - 0.689ms returns FALSE
T7150 483:934.720 JLINK_IsHalted()
T7150 483:935.232 - 0.511ms returns FALSE
T7150 484:042.912 JLINK_IsHalted()
T7150 484:043.360 - 0.465ms returns FALSE
T7150 484:043.424 JLINK_IsHalted()
T7150 484:043.840 - 0.394ms returns FALSE
T7150 484:152.928 JLINK_IsHalted()
T7150 484:153.664 - 0.682ms returns FALSE
T7150 484:153.696 JLINK_IsHalted()
T7150 484:154.272 - 0.574ms returns FALSE
T7150 484:261.696 JLINK_IsHalted()
T7150 484:262.144 - 0.469ms returns FALSE
T7150 484:262.208 JLINK_IsHalted()
T7150 484:262.560 - 0.356ms returns FALSE
T7150 484:371.648 JLINK_IsHalted()
T7150 484:372.128 - 0.422ms returns FALSE
T7150 484:372.128 JLINK_IsHalted()
T7150 484:372.480 - 0.360ms returns FALSE
T7150 484:480.704 JLINK_IsHalted()
T7150 484:481.280 - 0.547ms returns FALSE
T7150 484:481.344 JLINK_IsHalted()
T7150 484:481.856 - 0.504ms returns FALSE
T7150 484:589.760 JLINK_IsHalted()
T7150 484:590.272 - 0.502ms returns FALSE
T7150 484:590.336 JLINK_IsHalted()
T7150 484:590.752 - 0.394ms returns FALSE
T7150 484:698.880 JLINK_IsHalted()
T7150 484:699.744 - 0.874ms returns FALSE
T7150 484:699.840 JLINK_IsHalted()
T7150 484:700.480 - 0.582ms returns FALSE
T9440 484:794.720 JLINK_IsHalted()
T9440 484:795.232 - 0.481ms returns FALSE
T9440 484:795.232 JLINK_IsHalted()
T9440 484:795.552 - 0.297ms returns FALSE
T7150 484:808.896 JLINK_IsHalted()
T7150 484:809.536 - 0.613ms returns FALSE
T7150 484:809.568 JLINK_IsHalted()
T7150 484:809.920 - 0.336ms returns FALSE
T7150 484:918.880 JLINK_IsHalted()
T7150 484:919.552 - 0.644ms returns FALSE
T7150 484:919.552 JLINK_IsHalted()
T7150 484:919.904 - 0.358ms returns FALSE
T7150 485:027.424 JLINK_IsHalted()
T7150 485:028.096 - 0.658ms returns FALSE
T7150 485:028.160 JLINK_IsHalted()
T7150 485:030.080 - 1.942ms returns FALSE
T7150 485:136.640 JLINK_IsHalted()
T7150 485:137.248 - 0.610ms returns FALSE
T7150 485:137.312 JLINK_IsHalted()
T7150 485:137.760 - 0.487ms returns FALSE
T7150 485:245.856 JLINK_IsHalted()
T7150 485:246.560 - 0.684ms returns FALSE
T7150 485:246.624 JLINK_IsHalted()
T7150 485:247.168 - 0.584ms returns FALSE
T7150 485:355.712 JLINK_IsHalted()
T7150 485:356.352 - 0.607ms returns FALSE
T7150 485:356.448 JLINK_IsHalted()
T7150 485:356.736 - 0.353ms returns FALSE
T7150 485:464.768 JLINK_IsHalted()
T7150 485:465.408 - 0.633ms returns FALSE
T7150 485:465.504 JLINK_IsHalted()
T7150 485:465.952 - 0.463ms returns FALSE
T7150 485:573.952 JLINK_IsHalted()
T7150 485:574.464 - 0.476ms returns FALSE
T7150 485:574.464 JLINK_IsHalted()
T7150 485:574.816 - 0.336ms returns FALSE
T7150 485:683.808 JLINK_IsHalted()
T7150 485:684.288 - 0.456ms returns FALSE
T7150 485:684.320 JLINK_IsHalted()
T7150 485:684.736 - 0.425ms returns FALSE
T7150 485:793.024 JLINK_IsHalted()
T7150 485:793.376 - 0.373ms returns FALSE
T7150 485:793.376 JLINK_IsHalted()
T7150 485:793.792 - 0.362ms returns FALSE
T9440 485:796.352 JLINK_IsHalted()
T9440 485:796.704 - 0.345ms returns FALSE
T9440 485:796.704 JLINK_IsHalted()
T9440 485:797.056 - 0.341ms returns FALSE
T7150 485:902.912 JLINK_IsHalted()
T7150 485:903.520 - 0.617ms returns FALSE
T7150 485:903.552 JLINK_IsHalted()
T7150 485:904.032 - 0.431ms returns FALSE
T7150 486:012.000 JLINK_IsHalted()
T7150 486:012.352 - 0.375ms returns FALSE
T7150 486:012.480 JLINK_IsHalted()
T7150 486:012.768 - 0.306ms returns FALSE
T7150 486:121.120 JLINK_IsHalted()
T7150 486:121.472 - 0.372ms returns FALSE
T7150 486:121.536 JLINK_IsHalted()
T7150 486:121.824 - 0.298ms returns FALSE
T7150 486:230.688 JLINK_IsHalted()
T7150 486:231.104 - 0.429ms returns FALSE
T7150 486:231.136 JLINK_IsHalted()
T7150 486:231.488 - 0.380ms returns FALSE
T7150 486:339.904 JLINK_IsHalted()
T7150 486:340.352 - 0.443ms returns FALSE
T7150 486:340.416 JLINK_IsHalted()
T7150 486:340.800 - 0.403ms returns FALSE
T7150 486:449.568 JLINK_IsHalted()
T7150 486:450.080 - 0.497ms returns FALSE
T7150 486:450.112 JLINK_IsHalted()
T7150 486:450.496 - 0.375ms returns FALSE
T7150 486:558.400 JLINK_IsHalted()
T7150 486:558.976 - 0.575ms returns FALSE
T7150 486:559.040 JLINK_IsHalted()
T7150 486:559.424 - 0.397ms returns FALSE
T7150 486:668.704 JLINK_IsHalted()
T7150 486:669.248 - 0.545ms returns FALSE
T7150 486:669.312 JLINK_IsHalted()
T7150 486:669.824 - 0.528ms returns FALSE
T7150 486:777.408 JLINK_IsHalted()
T7150 486:778.016 - 0.609ms returns FALSE
T7150 486:778.112 JLINK_IsHalted()
T7150 486:778.624 - 0.528ms returns FALSE
T9440 486:799.008 JLINK_IsHalted()
T9440 486:799.616 - 0.589ms returns FALSE
T9440 486:799.680 JLINK_IsHalted()
T9440 486:801.504 - 1.803ms returns FALSE
T7150 486:886.720 JLINK_IsHalted()
T7150 486:887.424 - 0.689ms returns FALSE
T7150 486:887.488 JLINK_IsHalted()
T7150 486:888.000 - 0.528ms returns FALSE
T7150 486:996.576 JLINK_IsHalted()
T7150 486:997.312 - 0.714ms returns FALSE
T7150 486:997.344 JLINK_IsHalted()
T7150 486:997.856 - 0.525ms returns FALSE
T7150 487:105.984 JLINK_IsHalted()
T7150 487:106.656 - 0.662ms returns FALSE
T7150 487:106.720 JLINK_IsHalted()
T7150 487:107.264 - 0.550ms returns FALSE
T7150 487:215.424 JLINK_IsHalted()
T7150 487:216.064 - 0.616ms returns FALSE
T7150 487:216.128 JLINK_IsHalted()
T7150 487:216.576 - 0.498ms returns FALSE
T7150 487:324.672 JLINK_IsHalted()
T7150 487:325.184 - 0.522ms returns FALSE
T7150 487:325.248 JLINK_IsHalted()
T7150 487:325.792 - 0.512ms returns FALSE
T7150 487:433.312 JLINK_IsHalted()
T7150 487:433.824 - 0.541ms returns FALSE
T7150 487:433.888 JLINK_IsHalted()
T7150 487:434.304 - 0.395ms returns FALSE
T7150 487:542.592 JLINK_IsHalted()
T7150 487:543.360 - 0.750ms returns FALSE
T7150 487:543.360 JLINK_IsHalted()
T7150 487:543.744 - 0.376ms returns FALSE
T7150 487:652.032 JLINK_IsHalted()
T7150 487:652.704 - 0.671ms returns FALSE
T7150 487:652.768 JLINK_IsHalted()
T7150 487:653.280 - 0.500ms returns FALSE
T7150 487:762.176 JLINK_IsHalted()
T7150 487:763.008 - 0.829ms returns FALSE
T7150 487:763.104 JLINK_IsHalted()
T7150 487:763.712 - 0.582ms returns FALSE
T9440 487:802.816 JLINK_IsHalted()
T9440 487:803.328 - 0.489ms returns FALSE
T9440 487:803.392 JLINK_IsHalted()
T9440 487:803.968 - 0.553ms returns FALSE
T7150 487:870.784 JLINK_IsHalted()
T7150 487:871.296 - 0.522ms returns FALSE
T7150 487:871.328 JLINK_IsHalted()
T7150 487:871.808 - 0.433ms returns FALSE
T7150 487:980.128 JLINK_IsHalted()
T7150 487:980.640 - 0.495ms returns FALSE
T7150 487:980.640 JLINK_IsHalted()
T7150 487:981.056 - 0.407ms returns FALSE
T7150 488:089.792 JLINK_IsHalted()
T7150 488:090.272 - 0.480ms returns FALSE
T7150 488:090.304 JLINK_IsHalted()
T7150 488:090.720 - 0.383ms returns FALSE
T7150 488:199.776 JLINK_IsHalted()
T7150 488:200.352 - 0.558ms returns FALSE
T7150 488:200.384 JLINK_IsHalted()
T7150 488:200.800 - 0.428ms returns FALSE
T7150 488:308.672 JLINK_IsHalted()
T7150 488:309.568 - 0.852ms returns FALSE
T7150 488:309.600 JLINK_IsHalted()
T7150 488:310.176 - 0.550ms returns FALSE
T7150 488:418.560 JLINK_IsHalted()
T7150 488:419.264 - 0.688ms returns FALSE
T7150 488:419.392 JLINK_IsHalted()
T7150 488:419.904 - 0.524ms returns FALSE
T7150 488:527.712 JLINK_IsHalted()
T7150 488:528.384 - 0.684ms returns FALSE
T7150 488:528.480 JLINK_IsHalted()
T7150 488:529.056 - 0.542ms returns FALSE
T7150 488:637.024 JLINK_IsHalted()
T7150 488:637.696 - 0.662ms returns FALSE
T7150 488:637.792 JLINK_IsHalted()
T7150 488:638.368 - 0.588ms returns FALSE
T7150 488:746.560 JLINK_IsHalted()
T7150 488:746.944 - 0.400ms returns FALSE
T7150 488:747.008 JLINK_IsHalted()
T7150 488:747.424 - 0.426ms returns FALSE
T9440 488:805.024 JLINK_IsHalted()
T9440 488:805.568 - 0.567ms returns FALSE
T9440 488:805.632 JLINK_IsHalted()
T9440 488:806.080 - 0.448ms returns FALSE
T7150 488:855.968 JLINK_IsHalted()
T7150 488:856.576 - 0.610ms returns FALSE
T7150 488:856.736 JLINK_IsHalted()
T7150 488:857.184 - 0.449ms returns FALSE
T7150 488:964.704 JLINK_IsHalted()
T7150 488:965.280 - 0.563ms returns FALSE
T7150 488:965.312 JLINK_IsHalted()
T7150 488:965.824 - 0.495ms returns FALSE
T7150 489:074.592 JLINK_IsHalted()
T7150 489:076.544 - 1.911ms returns FALSE
T7150 489:076.576 JLINK_IsHalted()
T7150 489:077.152 - 0.563ms returns FALSE
T7150 489:184.160 JLINK_IsHalted()
T7150 489:184.704 - 0.557ms returns FALSE
T7150 489:184.768 JLINK_IsHalted()
T7150 489:185.184 - 0.421ms returns FALSE
T7150 489:292.992 JLINK_IsHalted()
T7150 489:293.632 - 0.587ms returns FALSE
T7150 489:293.664 JLINK_IsHalted()
T7150 489:294.080 - 0.443ms returns FALSE
T7150 489:402.976 JLINK_IsHalted()
T7150 489:403.744 - 0.756ms returns FALSE
T7150 489:403.840 JLINK_IsHalted()
T7150 489:404.416 - 0.549ms returns FALSE
T7150 489:511.936 JLINK_IsHalted()
T7150 489:512.640 - 0.709ms returns FALSE
T7150 489:512.704 JLINK_IsHalted()
T7150 489:513.152 - 0.477ms returns FALSE
T7150 489:621.440 JLINK_IsHalted()
T7150 489:622.112 - 0.681ms returns FALSE
T7150 489:622.176 JLINK_IsHalted()
T7150 489:622.688 - 0.535ms returns FALSE
T7150 489:730.976 JLINK_IsHalted()
T7150 489:731.520 - 0.606ms returns FALSE
T7150 489:731.648 JLINK_IsHalted()
T7150 489:732.192 - 0.558ms returns FALSE
T9440 489:806.944 JLINK_IsHalted()
T9440 489:807.616 - 0.685ms returns FALSE
T9440 489:807.712 JLINK_IsHalted()
T9440 489:808.192 - 0.488ms returns FALSE
T7150 489:839.776 JLINK_IsHalted()
T7150 489:840.448 - 0.680ms returns FALSE
T7150 489:840.480 JLINK_IsHalted()
T7150 489:841.056 - 0.521ms returns FALSE
T7150 489:949.760 JLINK_IsHalted()
T7150 489:950.464 - 0.690ms returns FALSE
T7150 489:950.464 JLINK_IsHalted()
T7150 489:951.072 - 0.585ms returns FALSE
T7150 490:058.496 JLINK_IsHalted()
T7150 490:059.168 - 0.663ms returns FALSE
T7150 490:059.264 JLINK_IsHalted()
T7150 490:059.680 - 0.421ms returns FALSE
T7150 490:167.968 JLINK_IsHalted()
T7150 490:170.016 - 2.051ms returns FALSE
T7150 490:170.048 JLINK_IsHalted()
T7150 490:170.432 - 0.359ms returns FALSE
T7150 490:278.304 JLINK_IsHalted()
T7150 490:279.072 - 0.748ms returns FALSE
T7150 490:279.104 JLINK_IsHalted()
T7150 490:279.680 - 0.562ms returns FALSE
T7150 490:387.200 JLINK_IsHalted()
T7150 490:387.968 - 0.770ms returns FALSE
T7150 490:388.064 JLINK_IsHalted()
T7150 490:388.640 - 0.564ms returns FALSE
T7150 490:496.768 JLINK_IsHalted()
T7150 490:497.472 - 0.717ms returns FALSE
T7150 490:497.600 JLINK_IsHalted()
T7150 490:498.208 - 0.629ms returns FALSE
T7150 490:605.312 JLINK_IsHalted()
T7150 490:605.888 - 0.559ms returns FALSE
T7150 490:605.920 JLINK_IsHalted()
T7150 490:606.432 - 0.512ms returns FALSE
T7150 490:714.624 JLINK_IsHalted()
T7150 490:715.136 - 0.557ms returns FALSE
T7150 490:715.200 JLINK_IsHalted()
T7150 490:715.712 - 0.509ms returns FALSE
T9440 490:809.504 JLINK_IsHalted()
T9440 490:811.744 - 2.216ms returns FALSE
T9440 490:811.808 JLINK_IsHalted()
T9440 490:812.352 - 0.548ms returns FALSE
T7150 490:824.096 JLINK_IsHalted()
T7150 490:824.640 - 0.572ms returns FALSE
T7150 490:824.704 JLINK_IsHalted()
T7150 490:825.056 - 0.385ms returns FALSE
T7150 490:934.016 JLINK_IsHalted()
T7150 490:934.592 - 0.566ms returns FALSE
T7150 490:934.624 JLINK_IsHalted()
T7150 490:935.104 - 0.455ms returns FALSE
T7150 491:042.816 JLINK_IsHalted()
T7150 491:043.424 - 0.626ms returns FALSE
T7150 491:043.488 JLINK_IsHalted()
T7150 491:044.032 - 0.549ms returns FALSE
T7150 491:152.384 JLINK_IsHalted()
T7150 491:153.056 - 0.672ms returns FALSE
T7150 491:153.056 JLINK_IsHalted()
T7150 491:153.664 - 0.579ms returns FALSE
T7150 491:261.760 JLINK_IsHalted()
T7150 491:262.368 - 0.631ms returns FALSE
T7150 491:262.464 JLINK_IsHalted()
T7150 491:263.040 - 0.552ms returns FALSE
T7150 491:371.712 JLINK_IsHalted()
T7150 491:372.384 - 0.624ms returns FALSE
T7150 491:372.480 JLINK_IsHalted()
T7150 491:372.992 - 0.503ms returns FALSE
T7150 491:481.152 JLINK_IsHalted()
T7150 491:482.208 - 1.042ms returns FALSE
T7150 491:482.304 JLINK_IsHalted()
T7150 491:482.720 - 0.447ms returns FALSE
T7150 491:590.400 JLINK_IsHalted()
T7150 491:590.848 - 0.489ms returns FALSE
T7150 491:590.912 JLINK_IsHalted()
T7150 491:591.264 - 0.378ms returns FALSE
T7150 491:699.264 JLINK_IsHalted()
T7150 491:699.904 - 0.635ms returns FALSE
T7150 491:699.904 JLINK_IsHalted()
T7150 491:700.320 - 0.387ms returns FALSE
T7150 491:808.320 JLINK_IsHalted()
T7150 491:809.184 - 0.846ms returns FALSE
T7150 491:809.216 JLINK_IsHalted()
T7150 491:811.424 - 2.215ms returns FALSE
T9440 491:814.048 JLINK_IsHalted()
T9440 491:814.464 - 0.431ms returns FALSE
T9440 491:814.496 JLINK_IsHalted()
T9440 491:815.072 - 0.541ms returns FALSE
T7150 491:918.240 JLINK_IsHalted()
T7150 491:918.848 - 0.651ms returns FALSE
T7150 491:918.944 JLINK_IsHalted()
T7150 491:919.424 - 0.473ms returns FALSE
T7150 492:027.392 JLINK_IsHalted()
T7150 492:028.000 - 0.620ms returns FALSE
T7150 492:028.064 JLINK_IsHalted()
T7150 492:028.576 - 0.517ms returns FALSE
T7150 492:136.608 JLINK_IsHalted()
T7150 492:137.376 - 0.779ms returns FALSE
T7150 492:137.472 JLINK_IsHalted()
T7150 492:139.328 - 1.838ms returns FALSE
T7150 492:246.272 JLINK_IsHalted()
T7150 492:246.976 - 0.702ms returns FALSE
T7150 492:247.104 JLINK_IsHalted()
T7150 492:247.744 - 0.678ms returns FALSE
T7150 492:355.488 JLINK_IsHalted()
T7150 492:356.160 - 0.672ms returns FALSE
T7150 492:356.192 JLINK_IsHalted()
T7150 492:358.304 - 2.097ms returns FALSE
T7150 492:465.248 JLINK_IsHalted()
T7150 492:465.984 - 0.705ms returns FALSE
T7150 492:466.016 JLINK_IsHalted()
T7150 492:466.496 - 0.499ms returns FALSE
T7150 492:574.304 JLINK_IsHalted()
T7150 492:574.784 - 0.436ms returns FALSE
T7150 492:574.816 JLINK_IsHalted()
T7150 492:575.072 - 0.278ms returns FALSE
T7150 492:683.680 JLINK_IsHalted()
T7150 492:684.224 - 0.528ms returns FALSE
T7150 492:684.224 JLINK_IsHalted()
T7150 492:684.800 - 0.548ms returns FALSE
T7150 492:793.152 JLINK_IsHalted()
T7150 492:793.792 - 0.662ms returns FALSE
T7150 492:793.856 JLINK_IsHalted()
T7150 492:794.304 - 0.470ms returns FALSE
T9440 492:816.640 JLINK_IsHalted()
T9440 492:817.344 - 0.699ms returns FALSE
T9440 492:817.408 JLINK_IsHalted()
T9440 492:817.856 - 0.463ms returns FALSE
T7150 492:902.656 JLINK_IsHalted()
T7150 492:903.168 - 0.515ms returns FALSE
T7150 492:903.264 JLINK_IsHalted()
T7150 492:903.776 - 0.499ms returns FALSE
T7150 493:011.808 JLINK_IsHalted()
T7150 493:012.224 - 0.420ms returns FALSE
T7150 493:012.288 JLINK_IsHalted()
T7150 493:012.640 - 0.358ms returns FALSE
T7150 493:121.280 JLINK_IsHalted()
T7150 493:121.888 - 0.595ms returns FALSE
T7150 493:121.984 JLINK_IsHalted()
T7150 493:122.656 - 0.677ms returns FALSE
T7150 493:230.496 JLINK_IsHalted()
T7150 493:231.104 - 0.609ms returns FALSE
T7150 493:231.168 JLINK_IsHalted()
T7150 493:231.680 - 0.487ms returns FALSE
T7150 493:340.576 JLINK_IsHalted()
T7150 493:341.504 - 0.922ms returns FALSE
T7150 493:341.600 JLINK_IsHalted()
T7150 493:342.272 - 0.652ms returns FALSE
T7150 493:449.280 JLINK_IsHalted()
T7150 493:449.888 - 0.608ms returns FALSE
T7150 493:449.984 JLINK_IsHalted()
T7150 493:450.688 - 0.720ms returns FALSE
T7150 493:558.272 JLINK_IsHalted()
T7150 493:559.040 - 0.798ms returns FALSE
T7150 493:559.136 JLINK_IsHalted()
T7150 493:561.536 - 2.388ms returns FALSE
T7150 493:668.032 JLINK_IsHalted()
T7150 493:668.800 - 0.740ms returns FALSE
T7150 493:668.864 JLINK_IsHalted()
T7150 493:669.312 - 0.477ms returns FALSE
T7150 493:777.856 JLINK_IsHalted()
T7150 493:778.496 - 0.583ms returns FALSE
T7150 493:778.528 JLINK_IsHalted()
T7150 493:779.040 - 0.517ms returns FALSE
T9440 493:818.784 JLINK_IsHalted()
T9440 493:819.392 - 0.583ms returns FALSE
T9440 493:819.456 JLINK_IsHalted()
T9440 493:819.808 - 0.367ms returns FALSE
T7150 493:887.072 JLINK_IsHalted()
T7150 493:887.648 - 0.561ms returns FALSE
T7150 493:887.680 JLINK_IsHalted()
T7150 493:888.160 - 0.445ms returns FALSE
T7150 493:996.640 JLINK_IsHalted()
T7150 493:999.264 - 2.616ms returns FALSE
T7150 493:999.360 JLINK_IsHalted()
T7150 493:999.968 - 0.585ms returns FALSE
T7150 494:106.016 JLINK_IsHalted()
T7150 494:106.688 - 0.663ms returns FALSE
T7150 494:106.688 JLINK_IsHalted()
T7150 494:107.232 - 0.529ms returns FALSE
T7150 494:215.520 JLINK_IsHalted()
T7150 494:216.192 - 0.651ms returns FALSE
T7150 494:216.256 JLINK_IsHalted()
T7150 494:216.800 - 0.573ms returns FALSE
T7150 494:324.160 JLINK_IsHalted()
T7150 494:324.800 - 0.619ms returns FALSE
T7150 494:324.896 JLINK_IsHalted()
T7150 494:325.344 - 0.467ms returns FALSE
T7150 494:434.144 JLINK_IsHalted()
T7150 494:434.880 - 0.720ms returns FALSE
T7150 494:434.912 JLINK_IsHalted()
T7150 494:435.584 - 0.650ms returns FALSE
T7150 494:543.168 JLINK_IsHalted()
T7150 494:543.872 - 0.745ms returns FALSE
T7150 494:543.968 JLINK_IsHalted()
T7150 494:546.080 - 2.080ms returns FALSE
T7150 494:652.480 JLINK_IsHalted()
T7150 494:653.184 - 0.705ms returns FALSE
T7150 494:653.344 JLINK_IsHalted()
T7150 494:653.888 - 0.586ms returns FALSE
T7150 494:762.240 JLINK_IsHalted()
T7150 494:762.848 - 0.640ms returns FALSE
T7150 494:762.944 JLINK_IsHalted()
T7150 494:763.520 - 0.564ms returns FALSE
T9440 494:821.728 JLINK_IsHalted()
T9440 494:822.336 - 0.618ms returns FALSE
T9440 494:822.400 JLINK_IsHalted()
T9440 494:822.848 - 0.431ms returns FALSE
T7150 494:870.720 JLINK_IsHalted()
T7150 494:871.200 - 0.492ms returns FALSE
T7150 494:871.232 JLINK_IsHalted()
T7150 494:871.648 - 0.378ms returns FALSE
T7150 494:980.352 JLINK_IsHalted()
T7150 494:980.960 - 0.575ms returns FALSE
T7150 494:980.960 JLINK_IsHalted()
T7150 494:981.440 - 0.433ms returns FALSE
T7150 495:089.856 JLINK_IsHalted()
T7150 495:090.368 - 0.534ms returns FALSE
T7150 495:090.432 JLINK_IsHalted()
T7150 495:090.848 - 0.407ms returns FALSE
T7150 495:199.136 JLINK_IsHalted()
T7150 495:201.184 - 2.060ms returns FALSE
T7150 495:201.344 JLINK_IsHalted()
T7150 495:201.952 - 0.612ms returns FALSE
T7150 495:308.896 JLINK_IsHalted()
T7150 495:309.408 - 0.485ms returns FALSE
T7150 495:309.408 JLINK_IsHalted()
T7150 495:309.824 - 0.418ms returns FALSE
T7150 495:417.920 JLINK_IsHalted()
T7150 495:418.560 - 0.693ms returns FALSE
T7150 495:418.688 JLINK_IsHalted()
T7150 495:419.296 - 0.573ms returns FALSE
T7150 495:527.744 JLINK_IsHalted()
T7150 495:528.384 - 0.639ms returns FALSE
T7150 495:528.384 JLINK_IsHalted()
T7150 495:528.800 - 0.408ms returns FALSE
T7150 495:636.416 JLINK_IsHalted()
T7150 495:636.928 - 0.551ms returns FALSE
T7150 495:636.992 JLINK_IsHalted()
T7150 495:637.568 - 0.533ms returns FALSE
T7150 495:746.112 JLINK_IsHalted()
T7150 495:746.720 - 0.610ms returns FALSE
T7150 495:746.752 JLINK_IsHalted()
T7150 495:747.136 - 0.384ms returns FALSE
T9440 495:823.968 JLINK_IsHalted()
T9440 495:824.640 - 0.681ms returns FALSE
T9440 495:824.736 JLINK_IsHalted()
T9440 495:825.216 - 0.458ms returns FALSE
T7150 495:855.200 JLINK_IsHalted()
T7150 495:855.808 - 0.622ms returns FALSE
T7150 495:855.872 JLINK_IsHalted()
T7150 495:856.288 - 0.413ms returns FALSE
T7150 495:964.672 JLINK_IsHalted()
T7150 495:965.248 - 0.560ms returns FALSE
T7150 495:965.344 JLINK_IsHalted()
T7150 495:965.792 - 0.453ms returns FALSE
T7150 496:074.400 JLINK_IsHalted()
T7150 496:075.008 - 0.606ms returns FALSE
T7150 496:075.072 JLINK_IsHalted()
T7150 496:075.616 - 0.578ms returns FALSE
T7150 496:183.744 JLINK_IsHalted()
T7150 496:184.320 - 0.605ms returns FALSE
T7150 496:184.384 JLINK_IsHalted()
T7150 496:184.768 - 0.414ms returns FALSE
T7150 496:292.928 JLINK_IsHalted()
T7150 496:293.536 - 0.626ms returns FALSE
T7150 496:293.632 JLINK_IsHalted()
T7150 496:294.080 - 0.475ms returns FALSE
T7150 496:402.688 JLINK_IsHalted()
T7150 496:403.136 - 0.441ms returns FALSE
T7150 496:403.200 JLINK_IsHalted()
T7150 496:403.552 - 0.372ms returns FALSE
T7150 496:511.808 JLINK_IsHalted()
T7150 496:512.320 - 0.538ms returns FALSE
T7150 496:512.352 JLINK_IsHalted()
T7150 496:512.768 - 0.420ms returns FALSE
T7150 496:620.992 JLINK_IsHalted()
T7150 496:621.632 - 0.630ms returns FALSE
T7150 496:621.664 JLINK_IsHalted()
T7150 496:622.144 - 0.473ms returns FALSE
T7150 496:730.720 JLINK_IsHalted()
T7150 496:731.232 - 0.532ms returns FALSE
T7150 496:731.296 JLINK_IsHalted()
T7150 496:731.712 - 0.423ms returns FALSE
T9440 496:826.048 JLINK_IsHalted()
T9440 496:826.528 - 0.444ms returns FALSE
T9440 496:826.560 JLINK_IsHalted()
T9440 496:826.944 - 0.364ms returns FALSE
T7150 496:839.584 JLINK_IsHalted()
T7150 496:840.096 - 0.538ms returns FALSE
T7150 496:840.192 JLINK_IsHalted()
T7150 496:840.512 - 0.326ms returns FALSE
T7150 496:948.928 JLINK_IsHalted()
T7150 496:949.440 - 0.528ms returns FALSE
T7150 496:949.504 JLINK_IsHalted()
T7150 496:952.000 - 2.485ms returns FALSE
T7150 497:058.912 JLINK_IsHalted()
T7150 497:059.488 - 0.564ms returns FALSE
T7150 497:059.520 JLINK_IsHalted()
T7150 497:060.928 - 1.384ms returns FALSE
T7150 497:167.936 JLINK_IsHalted()
T7150 497:168.640 - 0.714ms returns FALSE
T7150 497:168.704 JLINK_IsHalted()
T7150 497:169.088 - 0.393ms returns FALSE
T7150 497:277.856 JLINK_IsHalted()
T7150 497:279.936 - 2.112ms returns FALSE
T7150 497:280.096 JLINK_IsHalted()
T7150 497:280.672 - 0.594ms returns FALSE
T7150 497:387.872 JLINK_IsHalted()
T7150 497:388.608 - 0.747ms returns FALSE
T7150 497:388.704 JLINK_IsHalted()
T7150 497:389.248 - 0.571ms returns FALSE
T7150 497:495.808 JLINK_IsHalted()
T7150 497:496.256 - 0.467ms returns FALSE
T7150 497:496.256 JLINK_IsHalted()
T7150 497:496.672 - 0.385ms returns FALSE
T7150 497:605.440 JLINK_IsHalted()
T7150 497:605.888 - 0.451ms returns FALSE
T7150 497:605.952 JLINK_IsHalted()
T7150 497:606.336 - 0.448ms returns FALSE
T7150 497:715.104 JLINK_IsHalted()
T7150 497:715.520 - 0.433ms returns FALSE
T7150 497:715.616 JLINK_IsHalted()
T7150 497:716.032 - 0.423ms returns FALSE
T7150 497:824.192 JLINK_IsHalted()
T7150 497:824.768 - 0.563ms returns FALSE
T7150 497:824.832 JLINK_IsHalted()
T7150 497:825.280 - 0.479ms returns FALSE
T9440 497:828.032 JLINK_IsHalted()
T9440 497:828.608 - 0.551ms returns FALSE
T9440 497:828.672 JLINK_IsHalted()
T9440 497:829.056 - 0.429ms returns FALSE
T7150 497:933.568 JLINK_IsHalted()
T7150 497:934.080 - 0.485ms returns FALSE
T7150 497:934.080 JLINK_IsHalted()
T7150 497:934.528 - 0.452ms returns FALSE
T7150 498:042.880 JLINK_IsHalted()
T7150 498:043.488 - 0.578ms returns FALSE
T7150 498:043.552 JLINK_IsHalted()
T7150 498:044.000 - 0.491ms returns FALSE
T7150 498:152.512 JLINK_IsHalted()
T7150 498:153.120 - 0.586ms returns FALSE
T7150 498:153.152 JLINK_IsHalted()
T7150 498:153.568 - 0.432ms returns FALSE
T7150 498:262.016 JLINK_IsHalted()
T7150 498:262.592 - 0.598ms returns FALSE
T7150 498:262.624 JLINK_IsHalted()
T7150 498:263.104 - 0.482ms returns FALSE
T7150 498:370.976 JLINK_IsHalted()
T7150 498:371.488 - 0.532ms returns FALSE
T7150 498:371.520 JLINK_IsHalted()
T7150 498:372.032 - 0.506ms returns FALSE
T7150 498:480.704 JLINK_IsHalted()
T7150 498:481.248 - 0.574ms returns FALSE
T7150 498:481.312 JLINK_IsHalted()
T7150 498:481.760 - 0.451ms returns FALSE
T7150 498:589.632 JLINK_IsHalted()
T7150 498:590.112 - 0.457ms returns FALSE
T7150 498:590.144 JLINK_IsHalted()
T7150 498:590.464 - 0.321ms returns FALSE
T7150 498:700.192 JLINK_IsHalted()
T7150 498:700.736 - 0.543ms returns FALSE
T7150 498:700.800 JLINK_IsHalted()
T7150 498:701.312 - 0.528ms returns FALSE
T7150 498:808.672 JLINK_IsHalted()
T7150 498:809.248 - 0.582ms returns FALSE
T7150 498:809.344 JLINK_IsHalted()
T7150 498:809.760 - 0.408ms returns FALSE
T9440 498:829.152 JLINK_IsHalted()
T9440 498:829.568 - 0.400ms returns FALSE
T9440 498:829.568 JLINK_IsHalted()
T9440 498:829.888 - 0.324ms returns FALSE
T7150 498:918.752 JLINK_IsHalted()
T7150 498:919.360 - 0.618ms returns FALSE
T7150 498:919.488 JLINK_IsHalted()
T7150 498:920.128 - 0.653ms returns FALSE
T7150 499:027.712 JLINK_IsHalted()
T7150 499:028.384 - 0.645ms returns FALSE
T7150 499:028.416 JLINK_IsHalted()
T7150 499:028.896 - 0.494ms returns FALSE
T7150 499:136.768 JLINK_IsHalted()
T7150 499:137.376 - 0.585ms returns FALSE
T7150 499:137.440 JLINK_IsHalted()
T7150 499:138.048 - 0.583ms returns FALSE
T7150 499:246.176 JLINK_IsHalted()
T7150 499:246.848 - 0.620ms returns FALSE
T7150 499:246.912 JLINK_IsHalted()
T7150 499:247.360 - 0.448ms returns FALSE
T7150 499:355.744 JLINK_IsHalted()
T7150 499:356.352 - 0.616ms returns FALSE
T7150 499:356.512 JLINK_IsHalted()
T7150 499:357.120 - 0.653ms returns FALSE
T7150 499:465.376 JLINK_IsHalted()
T7150 499:466.080 - 0.719ms returns FALSE
T7150 499:466.176 JLINK_IsHalted()
T7150 499:466.688 - 0.514ms returns FALSE
T7150 499:574.336 JLINK_IsHalted()
T7150 499:575.104 - 0.756ms returns FALSE
T7150 499:575.136 JLINK_IsHalted()
T7150 499:575.648 - 0.513ms returns FALSE
T7150 499:683.776 JLINK_IsHalted()
T7150 499:684.416 - 0.636ms returns FALSE
T7150 499:684.512 JLINK_IsHalted()
T7150 499:685.024 - 0.480ms returns FALSE
T7150 499:792.736 JLINK_IsHalted()
T7150 499:793.408 - 0.703ms returns FALSE
T7150 499:793.568 JLINK_IsHalted()
T7150 499:794.080 - 0.531ms returns FALSE
T9440 499:830.432 JLINK_IsHalted()
T9440 499:831.104 - 0.643ms returns FALSE
T9440 499:831.136 JLINK_IsHalted()
T9440 499:831.648 - 0.528ms returns FALSE
T7150 499:902.816 JLINK_IsHalted()
T7150 499:903.488 - 0.663ms returns FALSE
T7150 499:903.552 JLINK_IsHalted()
T7150 499:904.192 - 0.619ms returns FALSE
T7150 500:011.584 JLINK_IsHalted()
T7150 500:012.192 - 0.621ms returns FALSE
T7150 500:012.224 JLINK_IsHalted()
T7150 500:012.704 - 0.429ms returns FALSE
T7150 500:121.536 JLINK_IsHalted()
T7150 500:122.208 - 0.653ms returns FALSE
T7150 500:122.208 JLINK_IsHalted()
T7150 500:122.624 - 0.421ms returns FALSE
T7150 500:230.848 JLINK_IsHalted()
T7150 500:231.584 - 0.745ms returns FALSE
T7150 500:231.616 JLINK_IsHalted()
T7150 500:232.096 - 0.447ms returns FALSE
T7150 500:339.648 JLINK_IsHalted()
T7150 500:340.224 - 0.566ms returns FALSE
T7150 500:340.288 JLINK_IsHalted()
T7150 500:340.640 - 0.368ms returns FALSE
T7150 500:449.856 JLINK_IsHalted()
T7150 500:450.560 - 0.737ms returns FALSE
T7150 500:450.656 JLINK_IsHalted()
T7150 500:451.168 - 0.487ms returns FALSE
T7150 500:558.912 JLINK_IsHalted()
T7150 500:559.552 - 0.655ms returns FALSE
T7150 500:559.680 JLINK_IsHalted()
T7150 500:560.128 - 0.453ms returns FALSE
T7150 500:667.712 JLINK_IsHalted()
T7150 500:668.224 - 0.497ms returns FALSE
T7150 500:668.256 JLINK_IsHalted()
T7150 500:668.576 - 0.293ms returns FALSE
T7150 500:777.632 JLINK_IsHalted()
T7150 500:778.240 - 0.640ms returns FALSE
T7150 500:778.336 JLINK_IsHalted()
T7150 500:778.688 - 0.375ms returns FALSE
T9440 500:832.416 JLINK_IsHalted()
T9440 500:833.120 - 0.690ms returns FALSE
T9440 500:833.184 JLINK_IsHalted()
T9440 500:833.600 - 0.418ms returns FALSE
T7150 500:887.200 JLINK_IsHalted()
T7150 500:887.648 - 0.437ms returns FALSE
T7150 500:887.648 JLINK_IsHalted()
T7150 500:888.160 - 0.488ms returns FALSE
T7150 500:998.144 JLINK_IsHalted()
T7150 500:998.656 - 0.543ms returns FALSE
T7150 500:998.720 JLINK_IsHalted()
T7150 500:999.232 - 0.480ms returns FALSE
T7150 501:105.088 JLINK_IsHalted()
T7150 501:105.600 - 0.501ms returns FALSE
T7150 501:105.664 JLINK_IsHalted()
T7150 501:106.080 - 0.395ms returns FALSE
T7150 501:215.328 JLINK_IsHalted()
T7150 501:216.160 - 0.825ms returns FALSE
T7150 501:216.256 JLINK_IsHalted()
T7150 501:216.704 - 0.487ms returns FALSE
T7150 501:324.544 JLINK_IsHalted()
T7150 501:325.120 - 0.542ms returns FALSE
T7150 501:325.120 JLINK_IsHalted()
T7150 501:327.040 - 1.936ms returns FALSE
T7150 501:433.248 JLINK_IsHalted()
T7150 501:433.696 - 0.494ms returns FALSE
T7150 501:433.760 JLINK_IsHalted()
T7150 501:434.112 - 0.388ms returns FALSE
T7150 501:543.168 JLINK_IsHalted()
T7150 501:543.584 - 0.397ms returns FALSE
T7150 501:543.616 JLINK_IsHalted()
T7150 501:544.000 - 0.358ms returns FALSE
T7150 501:652.480 JLINK_IsHalted()
T7150 501:653.056 - 0.568ms returns FALSE
T7150 501:653.088 JLINK_IsHalted()
T7150 501:653.504 - 0.418ms returns FALSE
T7150 501:762.112 JLINK_IsHalted()
T7150 501:762.496 - 0.408ms returns FALSE
T7150 501:762.560 JLINK_IsHalted()
T7150 501:762.976 - 0.409ms returns FALSE
T9440 501:835.008 JLINK_IsHalted()
T9440 501:835.616 - 0.596ms returns FALSE
T9440 501:835.680 JLINK_IsHalted()
T9440 501:836.704 - 1.009ms returns FALSE
T7150 501:870.944 JLINK_IsHalted()
T7150 501:871.552 - 0.613ms returns FALSE
T7150 501:871.680 JLINK_IsHalted()
T7150 501:872.128 - 0.494ms returns FALSE
T7150 501:980.576 JLINK_IsHalted()
T7150 501:980.992 - 0.402ms returns FALSE
T7150 501:981.024 JLINK_IsHalted()
T7150 501:981.280 - 0.265ms returns FALSE
T7150 502:090.336 JLINK_IsHalted()
T7150 502:091.008 - 0.661ms returns FALSE
T7150 502:091.072 JLINK_IsHalted()
T7150 502:091.520 - 0.438ms returns FALSE
T7150 502:198.848 JLINK_IsHalted()
T7150 502:199.488 - 0.643ms returns FALSE
T7150 502:199.552 JLINK_IsHalted()
T7150 502:200.000 - 0.488ms returns FALSE
T7150 502:308.256 JLINK_IsHalted()
T7150 502:308.768 - 0.478ms returns FALSE
T7150 502:308.768 JLINK_IsHalted()
T7150 502:309.184 - 0.375ms returns FALSE
T7150 502:418.496 JLINK_IsHalted()
T7150 502:419.008 - 0.520ms returns FALSE
T7150 502:419.040 JLINK_IsHalted()
T7150 502:419.392 - 0.329ms returns FALSE
T7150 502:526.976 JLINK_IsHalted()
T7150 502:527.424 - 0.453ms returns FALSE
T7150 502:527.488 JLINK_IsHalted()
T7150 502:527.904 - 0.433ms returns FALSE
T7150 502:636.384 JLINK_IsHalted()
T7150 502:636.864 - 0.470ms returns FALSE
T7150 502:636.896 JLINK_IsHalted()
T7150 502:637.312 - 0.420ms returns FALSE
T7150 502:746.176 JLINK_IsHalted()
T7150 502:746.720 - 0.580ms returns FALSE
T7150 502:746.816 JLINK_IsHalted()
T7150 502:747.232 - 0.370ms returns FALSE
T9440 502:838.432 JLINK_IsHalted()
T9440 502:838.880 - 0.486ms returns FALSE
T9440 502:838.944 JLINK_IsHalted()
T9440 502:839.296 - 0.335ms returns FALSE
T7150 502:855.616 JLINK_IsHalted()
T7150 502:856.192 - 0.528ms returns FALSE
T7150 502:856.192 JLINK_IsHalted()
T7150 502:856.512 - 0.301ms returns FALSE
T7150 502:965.344 JLINK_IsHalted()
T7150 502:965.760 - 0.375ms returns FALSE
T7150 502:965.760 JLINK_IsHalted()
T7150 502:966.112 - 0.355ms returns FALSE
T7150 503:074.368 JLINK_IsHalted()
T7150 503:074.912 - 0.534ms returns FALSE
T7150 503:074.976 JLINK_IsHalted()
T7150 503:075.392 - 0.424ms returns FALSE
T7150 503:184.064 JLINK_IsHalted()
T7150 503:184.736 - 0.663ms returns FALSE
T7150 503:184.800 JLINK_IsHalted()
T7150 503:185.312 - 0.482ms returns FALSE
T7150 503:293.344 JLINK_IsHalted()
T7150 503:294.016 - 0.657ms returns FALSE
T7150 503:294.048 JLINK_IsHalted()
T7150 503:294.656 - 0.590ms returns FALSE
T7150 503:402.400 JLINK_IsHalted()
T7150 503:402.912 - 0.510ms returns FALSE
T7150 503:403.072 JLINK_IsHalted()
T7150 503:403.424 - 0.349ms returns FALSE
T7150 503:512.320 JLINK_IsHalted()
T7150 503:512.992 - 0.700ms returns FALSE
T7150 503:513.088 JLINK_IsHalted()
T7150 503:513.856 - 0.739ms returns FALSE
T7150 503:620.704 JLINK_IsHalted()
T7150 503:621.216 - 0.522ms returns FALSE
T7150 503:621.280 JLINK_IsHalted()
T7150 503:621.728 - 0.480ms returns FALSE
T7150 503:731.040 JLINK_IsHalted()
T7150 503:731.456 - 0.398ms returns FALSE
T7150 503:731.456 JLINK_IsHalted()
T7150 503:731.808 - 0.364ms returns FALSE
T9440 503:839.936 JLINK_IsHalted()
T9440 503:840.352 - 0.389ms returns FALSE
T9440 503:840.416 JLINK_IsHalted()
T9440 503:840.768 - 0.341ms returns FALSE
T7150 503:840.832 JLINK_IsHalted()
T7150 503:841.184 - 0.343ms returns FALSE
T7150 503:841.216 JLINK_IsHalted()
T7150 503:841.536 - 0.299ms returns FALSE
T7150 503:949.504 JLINK_IsHalted()
T7150 503:949.920 - 0.396ms returns FALSE
T7150 503:949.984 JLINK_IsHalted()
T7150 503:950.336 - 0.367ms returns FALSE
T7150 504:058.432 JLINK_IsHalted()
T7150 504:058.944 - 0.534ms returns FALSE
T7150 504:058.976 JLINK_IsHalted()
T7150 504:059.392 - 0.411ms returns FALSE
T7150 504:167.680 JLINK_IsHalted()
T7150 504:168.192 - 0.512ms returns FALSE
T7150 504:168.256 JLINK_IsHalted()
T7150 504:168.640 - 0.422ms returns FALSE
T7150 504:277.184 JLINK_IsHalted()
T7150 504:277.952 - 0.782ms returns FALSE
T7150 504:278.080 JLINK_IsHalted()
T7150 504:278.528 - 0.493ms returns FALSE
T7150 504:387.072 JLINK_IsHalted()
T7150 504:387.936 - 0.832ms returns FALSE
T7150 504:388.000 JLINK_IsHalted()
T7150 504:388.512 - 0.496ms returns FALSE
T7150 504:496.992 JLINK_IsHalted()
T7150 504:497.568 - 0.549ms returns FALSE
T7150 504:497.600 JLINK_IsHalted()
T7150 504:497.984 - 0.367ms returns FALSE
T7150 504:606.016 JLINK_IsHalted()
T7150 504:606.656 - 0.629ms returns FALSE
T7150 504:606.720 JLINK_IsHalted()
T7150 504:607.296 - 0.541ms returns FALSE
T7150 504:714.560 JLINK_IsHalted()
T7150 504:715.008 - 0.464ms returns FALSE
T7150 504:715.072 JLINK_IsHalted()
T7150 504:715.456 - 0.387ms returns FALSE
T7150 504:824.256 JLINK_IsHalted()
T7150 504:824.768 - 0.480ms returns FALSE
T7150 504:824.832 JLINK_IsHalted()
T7150 504:825.344 - 0.516ms returns FALSE
T9440 504:840.800 JLINK_IsHalted()
T9440 504:841.472 - 0.665ms returns FALSE
T9440 504:841.536 JLINK_IsHalted()
T9440 504:842.048 - 0.524ms returns FALSE
T7150 504:934.080 JLINK_IsHalted()
T7150 504:934.720 - 0.628ms returns FALSE
T7150 504:934.752 JLINK_IsHalted()
T7150 504:935.232 - 0.441ms returns FALSE
T7150 505:042.784 JLINK_IsHalted()
T7150 505:043.392 - 0.604ms returns FALSE
T7150 505:043.520 JLINK_IsHalted()
T7150 505:044.064 - 0.567ms returns FALSE
T7150 505:152.704 JLINK_IsHalted()
T7150 505:153.216 - 0.495ms returns FALSE
T7150 505:153.280 JLINK_IsHalted()
T7150 505:153.728 - 0.448ms returns FALSE
T7150 505:261.984 JLINK_IsHalted()
T7150 505:263.872 - 1.918ms returns FALSE
T7150 505:264.032 JLINK_IsHalted()
T7150 505:264.544 - 0.527ms returns FALSE
T7150 505:370.944 JLINK_IsHalted()
T7150 505:371.552 - 0.586ms returns FALSE
T7150 505:371.552 JLINK_IsHalted()
T7150 505:371.968 - 0.391ms returns FALSE
T7150 505:480.096 JLINK_IsHalted()
T7150 505:480.864 - 0.729ms returns FALSE
T7150 505:480.896 JLINK_IsHalted()
T7150 505:481.536 - 0.574ms returns FALSE
T7150 505:590.208 JLINK_IsHalted()
T7150 505:590.720 - 0.520ms returns FALSE
T7150 505:590.784 JLINK_IsHalted()
T7150 505:591.200 - 0.447ms returns FALSE
T7150 505:699.008 JLINK_IsHalted()
T7150 505:699.520 - 0.526ms returns FALSE
T7150 505:699.584 JLINK_IsHalted()
T7150 505:700.096 - 0.524ms returns FALSE
T7150 505:809.056 JLINK_IsHalted()
T7150 505:809.504 - 0.464ms returns FALSE
T7150 505:809.568 JLINK_IsHalted()
T7150 505:809.920 - 0.365ms returns FALSE
T9440 505:842.880 JLINK_IsHalted()
T9440 505:843.392 - 0.470ms returns FALSE
T9440 505:843.456 JLINK_IsHalted()
T9440 505:843.904 - 0.460ms returns FALSE
T7150 505:918.560 JLINK_IsHalted()
T7150 505:919.136 - 0.560ms returns FALSE
T7150 505:919.168 JLINK_IsHalted()
T7150 505:919.552 - 0.361ms returns FALSE
T7150 506:027.712 JLINK_IsHalted()
T7150 506:028.192 - 0.470ms returns FALSE
T7150 506:028.224 JLINK_IsHalted()
T7150 506:028.640 - 0.396ms returns FALSE
T7150 506:136.992 JLINK_IsHalted()
T7150 506:137.504 - 0.499ms returns FALSE
T7150 506:137.536 JLINK_IsHalted()
T7150 506:137.856 - 0.309ms returns FALSE
T7150 506:245.792 JLINK_IsHalted()
T7150 506:246.304 - 0.543ms returns FALSE
T7150 506:246.336 JLINK_IsHalted()
T7150 506:246.816 - 0.485ms returns FALSE
T7150 506:355.136 JLINK_IsHalted()
T7150 506:355.712 - 0.551ms returns FALSE
T7150 506:355.712 JLINK_IsHalted()
T7150 506:356.128 - 0.415ms returns FALSE
T7150 506:466.048 JLINK_IsHalted()
T7150 506:466.976 - 0.914ms returns FALSE
T7150 506:467.136 JLINK_IsHalted()
T7150 506:467.904 - 0.770ms returns FALSE
T7150 506:574.016 JLINK_IsHalted()
T7150 506:574.784 - 0.749ms returns FALSE
T7150 506:574.912 JLINK_IsHalted()
T7150 506:575.456 - 0.556ms returns FALSE
T7150 506:683.840 JLINK_IsHalted()
T7150 506:684.512 - 0.664ms returns FALSE
T7150 506:684.576 JLINK_IsHalted()
T7150 506:685.120 - 0.565ms returns FALSE
T7150 506:793.376 JLINK_IsHalted()
T7150 506:793.824 - 0.485ms returns FALSE
T7150 506:793.888 JLINK_IsHalted()
T7150 506:794.432 - 0.563ms returns FALSE
T9440 506:844.608 JLINK_IsHalted()
T9440 506:845.088 - 0.467ms returns FALSE
T9440 506:845.120 JLINK_IsHalted()
T9440 506:845.440 - 0.336ms returns FALSE
T7150 506:902.464 JLINK_IsHalted()
T7150 506:902.976 - 0.515ms returns FALSE
T7150 506:903.040 JLINK_IsHalted()
T7150 506:903.456 - 0.406ms returns FALSE
T7150 507:012.256 JLINK_IsHalted()
T7150 507:012.704 - 0.474ms returns FALSE
T7150 507:012.768 JLINK_IsHalted()
T7150 507:013.056 - 0.295ms returns FALSE
T7150 507:121.312 JLINK_IsHalted()
T7150 507:121.760 - 0.472ms returns FALSE
T7150 507:121.824 JLINK_IsHalted()
T7150 507:122.240 - 0.391ms returns FALSE
T7150 507:230.976 JLINK_IsHalted()
T7150 507:231.552 - 0.610ms returns FALSE
T7150 507:231.584 JLINK_IsHalted()
T7150 507:232.000 - 0.404ms returns FALSE
T7150 507:340.128 JLINK_IsHalted()
T7150 507:340.608 - 0.461ms returns FALSE
T7150 507:340.608 JLINK_IsHalted()
T7150 507:340.992 - 0.400ms returns FALSE
T7150 507:449.664 JLINK_IsHalted()
T7150 507:450.176 - 0.534ms returns FALSE
T7150 507:450.208 JLINK_IsHalted()
T7150 507:450.688 - 0.443ms returns FALSE
T7150 507:558.848 JLINK_IsHalted()
T7150 507:559.328 - 0.467ms returns FALSE
T7150 507:559.328 JLINK_IsHalted()
T7150 507:559.616 - 0.302ms returns FALSE
T7150 507:668.544 JLINK_IsHalted()
T7150 507:669.152 - 0.629ms returns FALSE
T7150 507:669.184 JLINK_IsHalted()
T7150 507:669.856 - 0.638ms returns FALSE
T7150 507:777.856 JLINK_IsHalted()
T7150 507:779.488 - 1.628ms returns FALSE
T7150 507:779.520 JLINK_IsHalted()
T7150 507:780.000 - 0.495ms returns FALSE
T9440 507:846.656 JLINK_IsHalted()
T9440 507:847.360 - 0.703ms returns FALSE
T9440 507:847.520 JLINK_IsHalted()
T9440 507:848.256 - 0.674ms returns FALSE
T7150 507:887.776 JLINK_IsHalted()
T7150 507:888.448 - 0.677ms returns FALSE
T7150 507:888.544 JLINK_IsHalted()
T7150 507:888.992 - 0.457ms returns FALSE
T7150 507:995.840 JLINK_IsHalted()
T7150 507:996.320 - 0.450ms returns FALSE
T7150 507:996.416 JLINK_IsHalted()
T7150 507:996.768 - 0.371ms returns FALSE
T7150 508:105.376 JLINK_IsHalted()
T7150 508:105.728 - 0.367ms returns FALSE
T7150 508:105.792 JLINK_IsHalted()
T7150 508:106.144 - 0.347ms returns FALSE
T7150 508:214.528 JLINK_IsHalted()
T7150 508:214.880 - 0.366ms returns FALSE
T7150 508:214.944 JLINK_IsHalted()
T7150 508:215.232 - 0.330ms returns FALSE
T7150 508:323.776 JLINK_IsHalted()
T7150 508:324.256 - 0.433ms returns FALSE
T7150 508:324.256 JLINK_IsHalted()
T7150 508:324.608 - 0.363ms returns FALSE
T7150 508:433.568 JLINK_IsHalted()
T7150 508:434.176 - 0.629ms returns FALSE
T7150 508:434.240 JLINK_IsHalted()
T7150 508:434.752 - 0.487ms returns FALSE
T7150 508:543.488 JLINK_IsHalted()
T7150 508:543.936 - 0.468ms returns FALSE
T7150 508:544.000 JLINK_IsHalted()
T7150 508:544.416 - 0.384ms returns FALSE
T7150 508:653.408 JLINK_IsHalted()
T7150 508:654.176 - 0.778ms returns FALSE
T7150 508:654.336 JLINK_IsHalted()
T7150 508:654.944 - 0.595ms returns FALSE
T7150 508:761.664 JLINK_IsHalted()
T7150 508:762.048 - 0.414ms returns FALSE
T7150 508:762.112 JLINK_IsHalted()
T7150 508:762.432 - 0.344ms returns FALSE
T9440 508:849.056 JLINK_IsHalted()
T9440 508:849.472 - 0.442ms returns FALSE
T9440 508:849.504 JLINK_IsHalted()
T9440 508:849.920 - 0.393ms returns FALSE
T7150 508:871.520 JLINK_IsHalted()
T7150 508:872.032 - 0.521ms returns FALSE
T7150 508:872.032 JLINK_IsHalted()
T7150 508:872.448 - 0.403ms returns FALSE
T7150 508:980.544 JLINK_IsHalted()
T7150 508:980.928 - 0.428ms returns FALSE
T7150 508:980.992 JLINK_IsHalted()
T7150 508:981.344 - 0.379ms returns FALSE
T7150 509:089.792 JLINK_IsHalted()
T7150 509:090.240 - 0.466ms returns FALSE
T7150 509:090.304 JLINK_IsHalted()
T7150 509:090.656 - 0.370ms returns FALSE
T7150 509:199.264 JLINK_IsHalted()
T7150 509:199.872 - 0.617ms returns FALSE
T7150 509:199.936 JLINK_IsHalted()
T7150 509:200.448 - 0.510ms returns FALSE
T7150 509:308.992 JLINK_IsHalted()
T7150 509:309.696 - 0.696ms returns FALSE
T7150 509:309.856 JLINK_IsHalted()
T7150 509:310.368 - 0.499ms returns FALSE
T7150 509:418.144 JLINK_IsHalted()
T7150 509:418.656 - 0.497ms returns FALSE
T7150 509:418.688 JLINK_IsHalted()
T7150 509:419.072 - 0.398ms returns FALSE
T7150 509:527.744 JLINK_IsHalted()
T7150 509:528.480 - 0.667ms returns FALSE
T7150 509:528.512 JLINK_IsHalted()
T7150 509:529.024 - 0.514ms returns FALSE
T7150 509:636.448 JLINK_IsHalted()
T7150 509:637.056 - 0.607ms returns FALSE
T7150 509:637.120 JLINK_IsHalted()
T7150 509:639.584 - 2.431ms returns FALSE
T7150 509:745.728 JLINK_IsHalted()
T7150 509:746.336 - 0.592ms returns FALSE
T7150 509:746.368 JLINK_IsHalted()
T7150 509:746.784 - 0.405ms returns FALSE
T9440 509:850.368 JLINK_IsHalted()
T9440 509:850.976 - 0.598ms returns FALSE
T9440 509:851.040 JLINK_IsHalted()
T9440 509:851.552 - 0.492ms returns FALSE
T7150 509:855.840 JLINK_IsHalted()
T7150 509:856.448 - 0.625ms returns FALSE
T7150 509:856.512 JLINK_IsHalted()
T7150 509:857.088 - 0.559ms returns FALSE
T7150 509:964.704 JLINK_IsHalted()
T7150 509:965.120 - 0.428ms returns FALSE
T7150 509:965.152 JLINK_IsHalted()
T7150 509:965.408 - 0.270ms returns FALSE
T7150 510:074.720 JLINK_IsHalted()
T7150 510:075.296 - 0.542ms returns FALSE
T7150 510:075.296 JLINK_IsHalted()
T7150 510:075.648 - 0.334ms returns FALSE
T7150 510:183.680 JLINK_IsHalted()
T7150 510:184.448 - 0.754ms returns FALSE
T7150 510:184.544 JLINK_IsHalted()
T7150 510:185.216 - 0.645ms returns FALSE
T7150 510:292.800 JLINK_IsHalted()
T7150 510:293.440 - 0.695ms returns FALSE
T7150 510:293.568 JLINK_IsHalted()
T7150 510:294.016 - 0.459ms returns FALSE
T7150 510:402.368 JLINK_IsHalted()
T7150 510:402.912 - 0.579ms returns FALSE
T7150 510:402.976 JLINK_IsHalted()
T7150 510:403.328 - 0.381ms returns FALSE
T7150 510:511.968 JLINK_IsHalted()
T7150 510:512.384 - 0.426ms returns FALSE
T7150 510:512.448 JLINK_IsHalted()
T7150 510:512.832 - 0.426ms returns FALSE
T7150 510:621.600 JLINK_IsHalted()
T7150 510:621.952 - 0.364ms returns FALSE
T7150 510:622.016 JLINK_IsHalted()
T7150 510:622.304 - 0.285ms returns FALSE
T7150 510:730.560 JLINK_IsHalted()
T7150 510:731.200 - 0.643ms returns FALSE
T7150 510:731.264 JLINK_IsHalted()
T7150 510:731.680 - 0.448ms returns FALSE
T7150 510:839.488 JLINK_IsHalted()
T7150 510:840.128 - 0.614ms returns FALSE
T7150 510:840.160 JLINK_IsHalted()
T7150 510:840.576 - 0.394ms returns FALSE
T9440 510:852.352 JLINK_IsHalted()
T9440 510:852.800 - 0.452ms returns FALSE
T9440 510:852.864 JLINK_IsHalted()
T9440 510:853.216 - 0.364ms returns FALSE
T7150 510:949.632 JLINK_IsHalted()
T7150 510:950.080 - 0.468ms returns FALSE
T7150 510:950.144 JLINK_IsHalted()
T7150 510:950.560 - 0.409ms returns FALSE
T7150 511:058.592 JLINK_IsHalted()
T7150 511:059.040 - 0.498ms returns FALSE
T7150 511:059.104 JLINK_IsHalted()
T7150 511:059.456 - 0.363ms returns FALSE
T7150 511:169.440 JLINK_IsHalted()
T7150 511:170.048 - 0.590ms returns FALSE
T7150 511:170.112 JLINK_IsHalted()
T7150 511:170.656 - 0.549ms returns FALSE
T7150 511:278.080 JLINK_IsHalted()
T7150 511:278.592 - 0.512ms returns FALSE
T7150 511:278.656 JLINK_IsHalted()
T7150 511:279.104 - 0.484ms returns FALSE
T7150 511:386.528 JLINK_IsHalted()
T7150 511:387.232 - 0.699ms returns FALSE
T7150 511:387.296 JLINK_IsHalted()
T7150 511:387.648 - 0.359ms returns FALSE
T7150 511:496.704 JLINK_IsHalted()
T7150 511:497.312 - 0.592ms returns FALSE
T7150 511:497.376 JLINK_IsHalted()
T7150 511:497.824 - 0.479ms returns FALSE
T7150 511:605.440 JLINK_IsHalted()
T7150 511:606.016 - 0.534ms returns FALSE
T7150 511:606.080 JLINK_IsHalted()
T7150 511:606.464 - 0.420ms returns FALSE
T7150 511:714.976 JLINK_IsHalted()
T7150 511:715.424 - 0.488ms returns FALSE
T7150 511:715.520 JLINK_IsHalted()
T7150 511:716.032 - 0.510ms returns FALSE
T7150 511:824.480 JLINK_IsHalted()
T7150 511:825.056 - 0.516ms returns FALSE
T7150 511:825.056 JLINK_IsHalted()
T7150 511:825.600 - 0.519ms returns FALSE
T9440 511:853.888 JLINK_IsHalted()
T9440 511:854.400 - 0.470ms returns FALSE
T9440 511:854.432 JLINK_IsHalted()
T9440 511:854.944 - 0.557ms returns FALSE
T7150 511:934.400 JLINK_IsHalted()
T7150 511:934.912 - 0.536ms returns FALSE
T7150 511:934.976 JLINK_IsHalted()
T7150 511:935.424 - 0.435ms returns FALSE
T7150 512:043.584 JLINK_IsHalted()
T7150 512:045.568 - 1.992ms returns FALSE
T7150 512:045.632 JLINK_IsHalted()
T7150 512:045.984 - 0.370ms returns FALSE
T7150 512:152.640 JLINK_IsHalted()
T7150 512:153.344 - 0.711ms returns FALSE
T7150 512:153.408 JLINK_IsHalted()
T7150 512:153.792 - 0.435ms returns FALSE
T7150 512:262.304 JLINK_IsHalted()
T7150 512:262.912 - 0.611ms returns FALSE
T7150 512:262.976 JLINK_IsHalted()
T7150 512:263.488 - 0.527ms returns FALSE
T7150 512:371.776 JLINK_IsHalted()
T7150 512:372.320 - 0.576ms returns FALSE
T7150 512:372.384 JLINK_IsHalted()
T7150 512:372.832 - 0.476ms returns FALSE
T7150 512:480.448 JLINK_IsHalted()
T7150 512:480.960 - 0.523ms returns FALSE
T7150 512:481.024 JLINK_IsHalted()
T7150 512:481.472 - 0.432ms returns FALSE
T7150 512:589.504 JLINK_IsHalted()
T7150 512:590.240 - 0.696ms returns FALSE
T7150 512:590.272 JLINK_IsHalted()
T7150 512:590.752 - 0.467ms returns FALSE
T7150 512:699.200 JLINK_IsHalted()
T7150 512:699.648 - 0.472ms returns FALSE
T7150 512:699.712 JLINK_IsHalted()
T7150 512:700.160 - 0.449ms returns FALSE
T7150 512:808.352 JLINK_IsHalted()
T7150 512:808.960 - 0.576ms returns FALSE
T7150 512:809.024 JLINK_IsHalted()
T7150 512:809.472 - 0.501ms returns FALSE
T9440 512:855.296 JLINK_IsHalted()
T9440 512:855.904 - 0.582ms returns FALSE
T9440 512:855.968 JLINK_IsHalted()
T9440 512:856.416 - 0.468ms returns FALSE
T7150 512:918.112 JLINK_IsHalted()
T7150 512:918.592 - 0.493ms returns FALSE
T7150 512:918.624 JLINK_IsHalted()
T7150 512:919.104 - 0.439ms returns FALSE
T7150 513:027.776 JLINK_IsHalted()
T7150 513:028.352 - 0.577ms returns FALSE
T7150 513:028.416 JLINK_IsHalted()
T7150 513:028.928 - 0.549ms returns FALSE
T7150 513:137.312 JLINK_IsHalted()
T7150 513:137.984 - 0.631ms returns FALSE
T7150 513:137.984 JLINK_IsHalted()
T7150 513:138.528 - 0.555ms returns FALSE
T7150 513:246.528 JLINK_IsHalted()
T7150 513:247.168 - 0.637ms returns FALSE
T7150 513:247.232 JLINK_IsHalted()
T7150 513:247.648 - 0.449ms returns FALSE
T7150 513:355.520 JLINK_IsHalted()
T7150 513:355.872 - 0.391ms returns FALSE
T7150 513:355.968 JLINK_IsHalted()
T7150 513:356.288 - 0.331ms returns FALSE
T7150 513:465.184 JLINK_IsHalted()
T7150 513:465.600 - 0.419ms returns FALSE
T7150 513:465.664 JLINK_IsHalted()
T7150 513:465.952 - 0.295ms returns FALSE
T7150 513:573.952 JLINK_IsHalted()
T7150 513:574.464 - 0.484ms returns FALSE
T7150 513:574.496 JLINK_IsHalted()
T7150 513:574.848 - 0.391ms returns FALSE
T7150 513:683.872 JLINK_IsHalted()
T7150 513:684.416 - 0.532ms returns FALSE
T7150 513:684.480 JLINK_IsHalted()
T7150 513:684.832 - 0.358ms returns FALSE
T7150 513:793.376 JLINK_IsHalted()
T7150 513:793.888 - 0.522ms returns FALSE
T7150 513:793.952 JLINK_IsHalted()
T7150 513:794.368 - 0.416ms returns FALSE
T9440 513:857.856 JLINK_IsHalted()
T9440 513:858.304 - 0.443ms returns FALSE
T9440 513:858.368 JLINK_IsHalted()
T9440 513:858.752 - 0.436ms returns FALSE
T7150 513:903.008 JLINK_IsHalted()
T7150 513:903.552 - 0.564ms returns FALSE
T7150 513:903.616 JLINK_IsHalted()
T7150 513:904.192 - 0.537ms returns FALSE
T7150 514:011.456 JLINK_IsHalted()
T7150 514:012.000 - 0.549ms returns FALSE
T7150 514:012.064 JLINK_IsHalted()
T7150 514:012.416 - 0.358ms returns FALSE
T7150 514:120.864 JLINK_IsHalted()
T7150 514:121.312 - 0.455ms returns FALSE
T7150 514:121.376 JLINK_IsHalted()
T7150 514:121.728 - 0.344ms returns FALSE
T7150 514:230.944 JLINK_IsHalted()
T7150 514:231.456 - 0.470ms returns FALSE
T7150 514:231.488 JLINK_IsHalted()
T7150 514:231.904 - 0.372ms returns FALSE
T7150 514:340.352 JLINK_IsHalted()
T7150 514:340.864 - 0.501ms returns FALSE
T7150 514:340.960 JLINK_IsHalted()
T7150 514:341.312 - 0.363ms returns FALSE
T7150 514:449.824 JLINK_IsHalted()
T7150 514:450.272 - 0.434ms returns FALSE
T7150 514:450.336 JLINK_IsHalted()
T7150 514:450.752 - 0.443ms returns FALSE
T7150 514:558.272 JLINK_IsHalted()
T7150 514:558.784 - 0.518ms returns FALSE
T7150 514:558.816 JLINK_IsHalted()
T7150 514:559.168 - 0.341ms returns FALSE
T7150 514:667.968 JLINK_IsHalted()
T7150 514:668.448 - 0.455ms returns FALSE
T7150 514:668.480 JLINK_IsHalted()
T7150 514:668.864 - 0.356ms returns FALSE
T7150 514:778.720 JLINK_IsHalted()
T7150 514:779.232 - 0.473ms returns FALSE
T7150 514:779.328 JLINK_IsHalted()
T7150 514:779.648 - 0.336ms returns FALSE
T9440 514:860.448 JLINK_IsHalted()
T9440 514:860.960 - 0.530ms returns FALSE
T9440 514:860.992 JLINK_IsHalted()
T9440 514:861.504 - 0.499ms returns FALSE
T7150 514:886.592 JLINK_IsHalted()
T7150 514:887.104 - 0.527ms returns FALSE
T7150 514:887.232 JLINK_IsHalted()
T7150 514:887.744 - 0.487ms returns FALSE
T7150 514:996.032 JLINK_IsHalted()
T7150 514:996.576 - 0.608ms returns FALSE
T7150 514:996.640 JLINK_IsHalted()
T7150 514:997.184 - 0.524ms returns FALSE
T7150 515:106.144 JLINK_IsHalted()
T7150 515:106.816 - 0.688ms returns FALSE
T7150 515:106.912 JLINK_IsHalted()
T7150 515:107.424 - 0.523ms returns FALSE
T7150 515:215.776 JLINK_IsHalted()
T7150 515:216.384 - 0.647ms returns FALSE
T7150 515:216.448 JLINK_IsHalted()
T7150 515:218.368 - 1.950ms returns FALSE
T7150 515:324.000 JLINK_IsHalted()
T7150 515:324.512 - 0.494ms returns FALSE
T7150 515:324.576 JLINK_IsHalted()
T7150 515:325.024 - 0.449ms returns FALSE
T7150 515:433.920 JLINK_IsHalted()
T7150 515:434.400 - 0.452ms returns FALSE
T7150 515:434.432 JLINK_IsHalted()
T7150 515:434.752 - 0.335ms returns FALSE
T7150 515:543.136 JLINK_IsHalted()
T7150 515:543.648 - 0.503ms returns FALSE
T7150 515:543.712 JLINK_IsHalted()
T7150 515:544.160 - 0.491ms returns FALSE
T7150 515:652.928 JLINK_IsHalted()
T7150 515:653.568 - 0.709ms returns FALSE
T7150 515:653.632 JLINK_IsHalted()
T7150 515:654.080 - 0.437ms returns FALSE
T7150 515:762.016 JLINK_IsHalted()
T7150 515:762.752 - 0.717ms returns FALSE
T7150 515:762.784 JLINK_IsHalted()
T7150 515:763.296 - 0.513ms returns FALSE
T9440 515:862.016 JLINK_IsHalted()
T9440 515:862.528 - 0.511ms returns FALSE
T9440 515:862.592 JLINK_IsHalted()
T9440 515:863.040 - 0.465ms returns FALSE
T7150 515:871.328 JLINK_IsHalted()
T7150 515:871.904 - 0.591ms returns FALSE
T7150 515:871.936 JLINK_IsHalted()
T7150 515:872.448 - 0.476ms returns FALSE
T7150 515:980.288 JLINK_IsHalted()
T7150 515:980.960 - 0.650ms returns FALSE
T7150 515:980.992 JLINK_IsHalted()
T7150 515:981.504 - 0.524ms returns FALSE
T7150 516:089.664 JLINK_IsHalted()
T7150 516:090.176 - 0.498ms returns FALSE
T7150 516:090.176 JLINK_IsHalted()
T7150 516:090.528 - 0.323ms returns FALSE
T7150 516:199.264 JLINK_IsHalted()
T7150 516:200.032 - 0.737ms returns FALSE
T7150 516:200.128 JLINK_IsHalted()
T7150 516:200.768 - 0.632ms returns FALSE
T7150 516:308.800 JLINK_IsHalted()
T7150 516:309.312 - 0.469ms returns FALSE
T7150 516:309.312 JLINK_IsHalted()
T7150 516:309.696 - 0.397ms returns FALSE
T7150 516:417.888 JLINK_IsHalted()
T7150 516:418.464 - 0.558ms returns FALSE
T7150 516:418.496 JLINK_IsHalted()
T7150 516:418.976 - 0.465ms returns FALSE
T7150 516:527.968 JLINK_IsHalted()
T7150 516:528.576 - 0.606ms returns FALSE
T7150 516:528.640 JLINK_IsHalted()
T7150 516:529.088 - 0.428ms returns FALSE
T7150 516:637.248 JLINK_IsHalted()
T7150 516:637.792 - 0.594ms returns FALSE
T7150 516:637.856 JLINK_IsHalted()
T7150 516:638.304 - 0.479ms returns FALSE
T7150 516:746.240 JLINK_IsHalted()
T7150 516:746.944 - 0.684ms returns FALSE
T7150 516:746.944 JLINK_IsHalted()
T7150 516:747.456 - 0.476ms returns FALSE
T7150 516:855.968 JLINK_IsHalted()
T7150 516:856.320 - 0.380ms returns FALSE
T7150 516:856.384 JLINK_IsHalted()
T7150 516:856.768 - 0.424ms returns FALSE
T9440 516:863.744 JLINK_IsHalted()
T9440 516:864.192 - 0.465ms returns FALSE
T9440 516:864.320 JLINK_IsHalted()
T9440 516:864.704 - 0.387ms returns FALSE
T7150 516:964.544 JLINK_IsHalted()
T7150 516:965.056 - 0.489ms returns FALSE
T7150 516:965.120 JLINK_IsHalted()
T7150 516:965.536 - 0.444ms returns FALSE
T7150 517:073.856 JLINK_IsHalted()
T7150 517:074.336 - 0.446ms returns FALSE
T7150 517:074.368 JLINK_IsHalted()
T7150 517:074.688 - 0.305ms returns FALSE
T7150 517:183.552 JLINK_IsHalted()
T7150 517:184.064 - 0.509ms returns FALSE
T7150 517:184.096 JLINK_IsHalted()
T7150 517:184.512 - 0.440ms returns FALSE
T7150 517:292.864 JLINK_IsHalted()
T7150 517:293.312 - 0.449ms returns FALSE
T7150 517:293.376 JLINK_IsHalted()
T7150 517:293.760 - 0.388ms returns FALSE
T7150 517:402.464 JLINK_IsHalted()
T7150 517:402.880 - 0.383ms returns FALSE
T7150 517:402.880 JLINK_IsHalted()
T7150 517:403.232 - 0.330ms returns FALSE
T7150 517:512.256 JLINK_IsHalted()
T7150 517:512.704 - 0.435ms returns FALSE
T7150 517:512.704 JLINK_IsHalted()
T7150 517:513.024 - 0.317ms returns FALSE
T7150 517:621.664 JLINK_IsHalted()
T7150 517:622.112 - 0.465ms returns FALSE
T7150 517:622.176 JLINK_IsHalted()
T7150 517:622.528 - 0.321ms returns FALSE
T7150 517:731.648 JLINK_IsHalted()
T7150 517:732.192 - 0.579ms returns FALSE
T7150 517:732.352 JLINK_IsHalted()
T7150 517:732.800 - 0.443ms returns FALSE
T7150 517:840.064 JLINK_IsHalted()
T7150 517:840.448 - 0.398ms returns FALSE
T7150 517:840.480 JLINK_IsHalted()
T7150 517:840.800 - 0.326ms returns FALSE
T9440 517:864.960 JLINK_IsHalted()
T9440 517:865.472 - 0.485ms returns FALSE
T9440 517:865.472 JLINK_IsHalted()
T9440 517:865.824 - 0.346ms returns FALSE
T7150 517:948.928 JLINK_IsHalted()
T7150 517:949.376 - 0.462ms returns FALSE
T7150 517:949.440 JLINK_IsHalted()
T7150 517:949.760 - 0.307ms returns FALSE
T7150 518:059.104 JLINK_IsHalted()
T7150 518:059.680 - 0.562ms returns FALSE
T7150 518:059.680 JLINK_IsHalted()
T7150 518:060.128 - 0.439ms returns FALSE
T7150 518:168.224 JLINK_IsHalted()
T7150 518:168.768 - 0.610ms returns FALSE
T7150 518:168.832 JLINK_IsHalted()
T7150 518:169.408 - 0.531ms returns FALSE
T7150 518:278.496 JLINK_IsHalted()
T7150 518:279.008 - 0.476ms returns FALSE
T7150 518:279.072 JLINK_IsHalted()
T7150 518:279.424 - 0.395ms returns FALSE
T7150 518:386.848 JLINK_IsHalted()
T7150 518:387.264 - 0.376ms returns FALSE
T7150 518:387.264 JLINK_IsHalted()
T7150 518:387.552 - 0.307ms returns FALSE
T7150 518:495.808 JLINK_IsHalted()
T7150 518:496.416 - 0.596ms returns FALSE
T7150 518:496.416 JLINK_IsHalted()
T7150 518:496.832 - 0.387ms returns FALSE
T7150 518:605.568 JLINK_IsHalted()
T7150 518:606.080 - 0.509ms returns FALSE
T7150 518:606.144 JLINK_IsHalted()
T7150 518:606.496 - 0.374ms returns FALSE
T7150 518:714.528 JLINK_IsHalted()
T7150 518:715.040 - 0.492ms returns FALSE
T7150 518:715.072 JLINK_IsHalted()
T7150 518:715.552 - 0.451ms returns FALSE
T7150 518:824.096 JLINK_IsHalted()
T7150 518:824.512 - 0.399ms returns FALSE
T7150 518:824.512 JLINK_IsHalted()
T7150 518:824.800 - 0.265ms returns FALSE
T9440 518:866.848 JLINK_IsHalted()
T9440 518:867.360 - 0.499ms returns FALSE
T9440 518:867.456 JLINK_IsHalted()
T9440 518:867.776 - 0.307ms returns FALSE
T7150 518:933.760 JLINK_IsHalted()
T7150 518:934.176 - 0.384ms returns FALSE
T7150 518:934.208 JLINK_IsHalted()
T7150 518:934.464 - 0.294ms returns FALSE
T7150 519:043.136 JLINK_IsHalted()
T7150 519:043.488 - 0.378ms returns FALSE
T7150 519:043.520 JLINK_IsHalted()
T7150 519:043.904 - 0.368ms returns FALSE
T7150 519:152.480 JLINK_IsHalted()
T7150 519:152.896 - 0.404ms returns FALSE
T7150 519:152.960 JLINK_IsHalted()
T7150 519:153.312 - 0.373ms returns FALSE
T7150 519:262.144 JLINK_IsHalted()
T7150 519:262.656 - 0.474ms returns FALSE
T7150 519:262.720 JLINK_IsHalted()
T7150 519:263.136 - 0.381ms returns FALSE
T7150 519:370.944 JLINK_IsHalted()
T7150 519:371.520 - 0.543ms returns FALSE
T7150 519:371.584 JLINK_IsHalted()
T7150 519:371.968 - 0.408ms returns FALSE
T7150 519:481.952 JLINK_IsHalted()
T7150 519:482.560 - 0.632ms returns FALSE
T7150 519:482.624 JLINK_IsHalted()
T7150 519:483.072 - 0.431ms returns FALSE
T7150 519:589.792 JLINK_IsHalted()
T7150 519:590.336 - 0.538ms returns FALSE
T7150 519:590.400 JLINK_IsHalted()
T7150 519:590.816 - 0.430ms returns FALSE
T7150 519:699.616 JLINK_IsHalted()
T7150 519:700.032 - 0.399ms returns FALSE
T7150 519:700.064 JLINK_IsHalted()
T7150 519:700.384 - 0.313ms returns FALSE
T7150 519:808.512 JLINK_IsHalted()
T7150 519:808.960 - 0.484ms returns FALSE
T7150 519:809.088 JLINK_IsHalted()
T7150 519:809.440 - 0.380ms returns FALSE
T9440 519:869.504 JLINK_IsHalted()
T9440 519:870.016 - 0.547ms returns FALSE
T9440 519:870.112 JLINK_IsHalted()
T9440 519:870.624 - 0.494ms returns FALSE
T7150 519:918.272 JLINK_IsHalted()
T7150 519:918.752 - 0.476ms returns FALSE
T7150 519:918.848 JLINK_IsHalted()
T7150 519:919.264 - 0.420ms returns FALSE
T7150 520:028.416 JLINK_IsHalted()
T7150 520:028.928 - 0.489ms returns FALSE
T7150 520:028.992 JLINK_IsHalted()
T7150 520:029.344 - 0.356ms returns FALSE
T7150 520:136.544 JLINK_IsHalted()
T7150 520:137.120 - 0.529ms returns FALSE
T7150 520:137.152 JLINK_IsHalted()
T7150 520:137.536 - 0.346ms returns FALSE
T7150 520:245.760 JLINK_IsHalted()
T7150 520:246.208 - 0.489ms returns FALSE
T7150 520:246.336 JLINK_IsHalted()
T7150 520:246.688 - 0.378ms returns FALSE
T7150 520:355.680 JLINK_IsHalted()
T7150 520:356.352 - 0.685ms returns FALSE
T7150 520:356.448 JLINK_IsHalted()
T7150 520:356.928 - 0.462ms returns FALSE
T7150 520:464.896 JLINK_IsHalted()
T7150 520:465.408 - 0.503ms returns FALSE
T7150 520:465.472 JLINK_IsHalted()
T7150 520:465.824 - 0.341ms returns FALSE
T7150 520:574.624 JLINK_IsHalted()
T7150 520:575.168 - 0.562ms returns FALSE
T7150 520:575.296 JLINK_IsHalted()
T7150 520:575.744 - 0.434ms returns FALSE
T7150 520:683.200 JLINK_IsHalted()
T7150 520:683.776 - 0.531ms returns FALSE
T7150 520:683.840 JLINK_IsHalted()
T7150 520:684.224 - 0.397ms returns FALSE
T7150 520:793.088 JLINK_IsHalted()
T7150 520:793.600 - 0.500ms returns FALSE
T7150 520:793.696 JLINK_IsHalted()
T7150 520:794.048 - 0.390ms returns FALSE
T9440 520:871.008 JLINK_IsHalted()
T9440 520:871.584 - 0.529ms returns FALSE
T9440 520:871.680 JLINK_IsHalted()
T9440 520:872.096 - 0.412ms returns FALSE
T7150 520:902.720 JLINK_IsHalted()
T7150 520:903.264 - 0.576ms returns FALSE
T7150 520:903.360 JLINK_IsHalted()
T7150 520:903.776 - 0.422ms returns FALSE
T7150 521:012.320 JLINK_IsHalted()
T7150 521:012.832 - 0.508ms returns FALSE
T7150 521:012.928 JLINK_IsHalted()
T7150 521:013.344 - 0.412ms returns FALSE
T7150 521:120.928 JLINK_IsHalted()
T7150 521:121.440 - 0.522ms returns FALSE
T7150 521:121.536 JLINK_IsHalted()
T7150 521:121.952 - 0.401ms returns FALSE
T7150 521:230.784 JLINK_IsHalted()
T7150 521:231.360 - 0.543ms returns FALSE
T7150 521:231.424 JLINK_IsHalted()
T7150 521:231.872 - 0.426ms returns FALSE
T7150 521:340.320 JLINK_IsHalted()
T7150 521:340.832 - 0.518ms returns FALSE
T7150 521:340.928 JLINK_IsHalted()
T7150 521:341.344 - 0.418ms returns FALSE
T7150 521:449.536 JLINK_IsHalted()
T7150 521:449.920 - 0.429ms returns FALSE
T7150 521:449.984 JLINK_IsHalted()
T7150 521:450.336 - 0.361ms returns FALSE
T7150 521:558.432 JLINK_IsHalted()
T7150 521:558.880 - 0.423ms returns FALSE
T7150 521:558.944 JLINK_IsHalted()
T7150 521:559.232 - 0.351ms returns FALSE
T7150 521:668.416 JLINK_IsHalted()
T7150 521:668.864 - 0.473ms returns FALSE
T7150 521:668.928 JLINK_IsHalted()
T7150 521:669.280 - 0.360ms returns FALSE
T7150 521:777.152 JLINK_IsHalted()
T7150 521:777.664 - 0.482ms returns FALSE
T7150 521:777.728 JLINK_IsHalted()
T7150 521:778.112 - 0.399ms returns FALSE
T9440 521:873.408 JLINK_IsHalted()
T9440 521:873.920 - 0.510ms returns FALSE
T9440 521:874.016 JLINK_IsHalted()
T9440 521:874.432 - 0.421ms returns FALSE
T7150 521:886.528 JLINK_IsHalted()
T7150 521:886.976 - 0.479ms returns FALSE
T7150 521:887.040 JLINK_IsHalted()
T7150 521:887.392 - 0.362ms returns FALSE
T7150 521:996.480 JLINK_IsHalted()
T7150 521:996.960 - 0.453ms returns FALSE
T7150 521:996.992 JLINK_IsHalted()
T7150 521:997.376 - 0.354ms returns FALSE
T7150 522:105.408 JLINK_IsHalted()
T7150 522:105.952 - 0.552ms returns FALSE
T7150 522:106.048 JLINK_IsHalted()
T7150 522:106.432 - 0.361ms returns FALSE
T7150 522:214.592 JLINK_IsHalted()
T7150 522:215.232 - 0.629ms returns FALSE
T7150 522:215.264 JLINK_IsHalted()
T7150 522:215.680 - 0.398ms returns FALSE
T7150 522:325.184 JLINK_IsHalted()
T7150 522:327.456 - 2.238ms returns FALSE
T7150 522:327.552 JLINK_IsHalted()
T7150 522:328.128 - 0.536ms returns FALSE
T7150 522:433.696 JLINK_IsHalted()
T7150 522:434.304 - 0.586ms returns FALSE
T7150 522:434.368 JLINK_IsHalted()
T7150 522:434.720 - 0.375ms returns FALSE
T7150 522:543.264 JLINK_IsHalted()
T7150 522:543.936 - 0.669ms returns FALSE
T7150 522:543.968 JLINK_IsHalted()
T7150 522:544.544 - 0.561ms returns FALSE
T7150 522:653.024 JLINK_IsHalted()
T7150 522:653.792 - 0.758ms returns FALSE
T7150 522:653.888 JLINK_IsHalted()
T7150 522:654.464 - 0.550ms returns FALSE
T7150 522:762.048 JLINK_IsHalted()
T7150 522:762.656 - 0.622ms returns FALSE
T7150 522:762.688 JLINK_IsHalted()
T7150 522:763.200 - 0.472ms returns FALSE
T7150 522:870.880 JLINK_IsHalted()
T7150 522:871.488 - 0.646ms returns FALSE
T7150 522:871.552 JLINK_IsHalted()
T7150 522:872.000 - 0.429ms returns FALSE
T9440 522:875.744 JLINK_IsHalted()
T9440 522:876.320 - 0.592ms returns FALSE
T9440 522:876.352 JLINK_IsHalted()
T9440 522:876.832 - 0.437ms returns FALSE
T7150 522:980.800 JLINK_IsHalted()
T7150 522:981.376 - 0.563ms returns FALSE
T7150 522:981.440 JLINK_IsHalted()
T7150 522:981.824 - 0.392ms returns FALSE
T7150 523:090.336 JLINK_IsHalted()
T7150 523:090.880 - 0.521ms returns FALSE
T7150 523:090.880 JLINK_IsHalted()
T7150 523:091.264 - 0.351ms returns FALSE
T7150 523:199.840 JLINK_IsHalted()
T7150 523:200.576 - 0.717ms returns FALSE
T7150 523:200.672 JLINK_IsHalted()
T7150 523:201.184 - 0.502ms returns FALSE
T7150 523:308.384 JLINK_IsHalted()
T7150 523:309.056 - 0.645ms returns FALSE
T7150 523:309.120 JLINK_IsHalted()
T7150 523:309.632 - 0.504ms returns FALSE
T7150 523:418.464 JLINK_IsHalted()
T7150 523:419.136 - 0.637ms returns FALSE
T7150 523:419.200 JLINK_IsHalted()
T7150 523:419.648 - 0.461ms returns FALSE
T7150 523:526.976 JLINK_IsHalted()
T7150 523:527.520 - 0.531ms returns FALSE
T7150 523:527.584 JLINK_IsHalted()
T7150 523:528.032 - 0.471ms returns FALSE
T7150 523:636.800 JLINK_IsHalted()
T7150 523:637.344 - 0.568ms returns FALSE
T7150 523:637.344 JLINK_IsHalted()
T7150 523:637.856 - 0.480ms returns FALSE
T7150 523:745.952 JLINK_IsHalted()
T7150 523:746.656 - 0.671ms returns FALSE
T7150 523:746.720 JLINK_IsHalted()
T7150 523:747.168 - 0.473ms returns FALSE
T7150 523:855.520 JLINK_IsHalted()
T7150 523:856.128 - 0.621ms returns FALSE
T7150 523:856.192 JLINK_IsHalted()
T7150 523:856.544 - 0.372ms returns FALSE
T9440 523:876.928 JLINK_IsHalted()
T9440 523:877.472 - 0.600ms returns FALSE
T9440 523:877.536 JLINK_IsHalted()
T9440 523:877.888 - 0.353ms returns FALSE
T7150 523:965.376 JLINK_IsHalted()
T7150 523:965.952 - 0.593ms returns FALSE
T7150 523:966.016 JLINK_IsHalted()
T7150 523:966.560 - 0.525ms returns FALSE
T7150 524:074.400 JLINK_IsHalted()
T7150 524:074.912 - 0.483ms returns FALSE
T7150 524:074.944 JLINK_IsHalted()
T7150 524:075.328 - 0.359ms returns FALSE
T7150 524:184.160 JLINK_IsHalted()
T7150 524:184.576 - 0.449ms returns FALSE
T7150 524:184.640 JLINK_IsHalted()
T7150 524:185.024 - 0.378ms returns FALSE
T7150 524:293.184 JLINK_IsHalted()
T7150 524:293.632 - 0.479ms returns FALSE
T7150 524:293.696 JLINK_IsHalted()
T7150 524:294.048 - 0.332ms returns FALSE
T7150 524:402.688 JLINK_IsHalted()
T7150 524:403.040 - 0.358ms returns FALSE
T7150 524:403.104 JLINK_IsHalted()
T7150 524:403.392 - 0.287ms returns FALSE
T7150 524:511.424 JLINK_IsHalted()
T7150 524:512.000 - 0.552ms returns FALSE
T7150 524:512.064 JLINK_IsHalted()
T7150 524:512.448 - 0.409ms returns FALSE
T7150 524:621.312 JLINK_IsHalted()
T7150 524:621.920 - 0.639ms returns FALSE
T7150 524:622.016 JLINK_IsHalted()
T7150 524:622.496 - 0.493ms returns FALSE
T7150 524:731.072 JLINK_IsHalted()
T7150 524:731.552 - 0.466ms returns FALSE
T7150 524:731.584 JLINK_IsHalted()
T7150 524:732.000 - 0.405ms returns FALSE
T7150 524:839.616 JLINK_IsHalted()
T7150 524:840.032 - 0.429ms returns FALSE
T7150 524:840.096 JLINK_IsHalted()
T7150 524:840.384 - 0.303ms returns FALSE
T9440 524:878.784 JLINK_IsHalted()
T9440 524:879.200 - 0.430ms returns FALSE
T9440 524:879.296 JLINK_IsHalted()
T9440 524:879.712 - 0.427ms returns FALSE
T7150 524:949.600 JLINK_IsHalted()
T7150 524:950.080 - 0.451ms returns FALSE
T7150 524:950.112 JLINK_IsHalted()
T7150 524:950.464 - 0.327ms returns FALSE
T7150 525:058.816 JLINK_IsHalted()
T7150 525:059.264 - 0.448ms returns FALSE
T7150 525:059.392 JLINK_IsHalted()
T7150 525:059.744 - 0.349ms returns FALSE
T7150 525:168.128 JLINK_IsHalted()
T7150 525:168.640 - 0.500ms returns FALSE
T7150 525:168.736 JLINK_IsHalted()
T7150 525:169.088 - 0.376ms returns FALSE
T7150 525:277.376 JLINK_IsHalted()
T7150 525:277.856 - 0.474ms returns FALSE
T7150 525:277.952 JLINK_IsHalted()
T7150 525:278.368 - 0.377ms returns FALSE
T7150 525:386.688 JLINK_IsHalted()
T7150 525:389.056 - 2.334ms returns FALSE
T7150 525:389.152 JLINK_IsHalted()
T7150 525:389.888 - 0.719ms returns FALSE
T7150 525:495.872 JLINK_IsHalted()
T7150 525:496.320 - 0.478ms returns FALSE
T7150 525:496.416 JLINK_IsHalted()
T7150 525:497.792 - 1.371ms returns FALSE
T7150 525:611.200 JLINK_IsHalted()
T7150 525:618.784 - 7.552ms returns FALSE
T7150 525:618.944 JLINK_IsHalted()
T7150 525:619.456 - 0.547ms returns FALSE
T7150 525:715.008 JLINK_IsHalted()
T7150 525:715.520 - 0.482ms returns FALSE
T7150 525:715.616 JLINK_IsHalted()
T7150 525:715.968 - 0.379ms returns FALSE
T7150 525:824.192 JLINK_IsHalted()
T7150 525:824.768 - 0.569ms returns FALSE
T7150 525:824.864 JLINK_IsHalted()
T7150 525:825.216 - 0.372ms returns FALSE
T9440 525:896.896 JLINK_IsHalted()
T9440 525:898.848 - 1.946ms returns FALSE
T9440 525:899.008 JLINK_IsHalted()
T9440 525:899.360 - 0.355ms returns FALSE
T7150 525:934.176 JLINK_IsHalted()
T7150 525:934.592 - 0.446ms returns FALSE
T7150 525:934.688 JLINK_IsHalted()
T7150 525:935.104 - 0.422ms returns FALSE
T7150 526:043.392 JLINK_IsHalted()
T7150 526:043.904 - 0.518ms returns FALSE
T7150 526:044.000 JLINK_IsHalted()
T7150 526:044.352 - 0.386ms returns FALSE
T7150 526:152.704 JLINK_IsHalted()
T7150 526:153.216 - 0.527ms returns FALSE
T7150 526:153.312 JLINK_IsHalted()
T7150 526:153.728 - 0.414ms returns FALSE
T7150 526:262.208 JLINK_IsHalted()
T7150 526:262.720 - 0.530ms returns FALSE
T7150 526:262.848 JLINK_IsHalted()
T7150 526:263.200 - 0.381ms returns FALSE
T7150 526:371.584 JLINK_IsHalted()
T7150 526:373.536 - 1.951ms returns FALSE
T7150 526:373.632 JLINK_IsHalted()
T7150 526:374.144 - 0.480ms returns FALSE
T7150 526:480.384 JLINK_IsHalted()
T7150 526:480.832 - 0.461ms returns FALSE
T7150 526:480.960 JLINK_IsHalted()
T7150 526:481.344 - 0.423ms returns FALSE
T7150 526:590.304 JLINK_IsHalted()
T7150 526:590.880 - 0.527ms returns FALSE
T7150 526:590.976 JLINK_IsHalted()
T7150 526:591.328 - 0.370ms returns FALSE
T7150 526:699.712 JLINK_IsHalted()
T7150 526:700.224 - 0.482ms returns FALSE
T7150 526:700.352 JLINK_IsHalted()
T7150 526:700.736 - 0.402ms returns FALSE
T7150 526:808.640 JLINK_IsHalted()
T7150 526:809.088 - 0.478ms returns FALSE
T7150 526:809.184 JLINK_IsHalted()
T7150 526:809.536 - 0.359ms returns FALSE
T7150 526:918.208 JLINK_IsHalted()
T7150 526:918.816 - 0.568ms returns FALSE
T7150 526:918.848 JLINK_IsHalted()
T7150 526:919.328 - 0.421ms returns FALSE
T9440 526:926.944 JLINK_IsHalted()
T9440 526:927.616 - 0.662ms returns FALSE
T9440 526:927.776 JLINK_IsHalted()
T9440 526:928.128 - 0.383ms returns FALSE
T7150 527:027.456 JLINK_IsHalted()
T7150 527:027.968 - 0.504ms returns FALSE
T7150 527:028.064 JLINK_IsHalted()
T7150 527:028.480 - 0.431ms returns FALSE
T7150 527:137.344 JLINK_IsHalted()
T7150 527:138.112 - 0.737ms returns FALSE
T7150 527:138.240 JLINK_IsHalted()
T7150 527:138.656 - 0.419ms returns FALSE
T7150 527:246.016 JLINK_IsHalted()
T7150 527:246.496 - 0.484ms returns FALSE
T7150 527:246.592 JLINK_IsHalted()
T7150 527:246.944 - 0.335ms returns FALSE
T7150 527:355.840 JLINK_IsHalted()
T7150 527:356.512 - 0.664ms returns FALSE
T7150 527:356.608 JLINK_IsHalted()
T7150 527:358.720 - 2.089ms returns FALSE
T7150 527:465.056 JLINK_IsHalted()
T7150 527:465.664 - 0.578ms returns FALSE
T7150 527:465.728 JLINK_IsHalted()
T7150 527:466.176 - 0.455ms returns FALSE
T7150 527:574.848 JLINK_IsHalted()
T7150 527:575.488 - 0.667ms returns FALSE
T7150 527:575.616 JLINK_IsHalted()
T7150 527:575.968 - 0.360ms returns FALSE
T7150 527:683.392 JLINK_IsHalted()
T7150 527:683.936 - 0.554ms returns FALSE
T7150 527:684.032 JLINK_IsHalted()
T7150 527:684.448 - 0.422ms returns FALSE
T7150 527:793.312 JLINK_IsHalted()
T7150 527:793.824 - 0.528ms returns FALSE
T7150 527:793.984 JLINK_IsHalted()
T7150 527:794.368 - 0.427ms returns FALSE
T7150 527:902.816 JLINK_IsHalted()
T7150 527:903.296 - 0.471ms returns FALSE
T7150 527:903.392 JLINK_IsHalted()
T7150 527:903.744 - 0.376ms returns FALSE
T9440 527:928.320 JLINK_IsHalted()
T9440 527:928.896 - 0.569ms returns FALSE
T9440 527:929.024 JLINK_IsHalted()
T9440 527:929.408 - 0.372ms returns FALSE
T7150 528:012.128 JLINK_IsHalted()
T7150 528:012.704 - 0.579ms returns FALSE
T7150 528:012.800 JLINK_IsHalted()
T7150 528:013.312 - 0.508ms returns FALSE
T7150 528:121.600 JLINK_IsHalted()
T7150 528:122.048 - 0.471ms returns FALSE
T7150 528:122.176 JLINK_IsHalted()
T7150 528:122.560 - 0.423ms returns FALSE
T7150 528:231.104 JLINK_IsHalted()
T7150 528:231.584 - 0.475ms returns FALSE
T7150 528:231.616 JLINK_IsHalted()
T7150 528:232.032 - 0.404ms returns FALSE
T7150 528:340.064 JLINK_IsHalted()
T7150 528:340.576 - 0.515ms returns FALSE
T7150 528:340.640 JLINK_IsHalted()
T7150 528:340.992 - 0.360ms returns FALSE
T7150 528:449.472 JLINK_IsHalted()
T7150 528:450.048 - 0.561ms returns FALSE
T7150 528:450.112 JLINK_IsHalted()
T7150 528:450.560 - 0.447ms returns FALSE
T7150 528:559.040 JLINK_IsHalted()
T7150 528:559.680 - 0.589ms returns FALSE
T7150 528:559.776 JLINK_IsHalted()
T7150 528:560.192 - 0.413ms returns FALSE
T7150 528:668.096 JLINK_IsHalted()
T7150 528:668.576 - 0.462ms returns FALSE
T7150 528:668.672 JLINK_IsHalted()
T7150 528:669.184 - 0.506ms returns FALSE
T7150 528:777.216 JLINK_IsHalted()
T7150 528:777.728 - 0.520ms returns FALSE
T7150 528:777.824 JLINK_IsHalted()
T7150 528:778.304 - 0.456ms returns FALSE
T7150 528:887.360 JLINK_IsHalted()
T7150 528:887.872 - 0.529ms returns FALSE
T7150 528:887.968 JLINK_IsHalted()
T7150 528:888.384 - 0.405ms returns FALSE
T9440 528:950.432 JLINK_IsHalted()
T9440 528:951.136 - 0.739ms returns FALSE
T9440 528:951.232 JLINK_IsHalted()
T9440 528:951.648 - 0.429ms returns FALSE
T7150 528:996.704 JLINK_IsHalted()
T7150 528:997.216 - 0.521ms returns FALSE
T7150 528:997.312 JLINK_IsHalted()
T7150 528:997.824 - 0.500ms returns FALSE
T7150 529:105.728 JLINK_IsHalted()
T7150 529:106.176 - 0.457ms returns FALSE
T7150 529:106.272 JLINK_IsHalted()
T7150 529:106.688 - 0.398ms returns FALSE
T7150 529:214.912 JLINK_IsHalted()
T7150 529:215.488 - 0.549ms returns FALSE
T7150 529:215.552 JLINK_IsHalted()
T7150 529:215.840 - 0.323ms returns FALSE
T7150 529:324.704 JLINK_IsHalted()
T7150 529:325.152 - 0.445ms returns FALSE
T7150 529:325.216 JLINK_IsHalted()
T7150 529:325.664 - 0.456ms returns FALSE
T7150 529:433.408 JLINK_IsHalted()
T7150 529:433.856 - 0.458ms returns FALSE
T7150 529:433.920 JLINK_IsHalted()
T7150 529:434.272 - 0.366ms returns FALSE
T7150 529:543.168 JLINK_IsHalted()
T7150 529:543.680 - 0.534ms returns FALSE
T7150 529:543.776 JLINK_IsHalted()
T7150 529:544.256 - 0.431ms returns FALSE
T7150 529:652.576 JLINK_IsHalted()
T7150 529:653.152 - 0.539ms returns FALSE
T7150 529:653.184 JLINK_IsHalted()
T7150 529:653.600 - 0.374ms returns FALSE
T7150 529:761.536 JLINK_IsHalted()
T7150 529:762.048 - 0.543ms returns FALSE
T7150 529:762.144 JLINK_IsHalted()
T7150 529:762.624 - 0.459ms returns FALSE
T7150 529:871.360 JLINK_IsHalted()
T7150 529:871.936 - 0.531ms returns FALSE
T7150 529:871.968 JLINK_IsHalted()
T7150 529:872.384 - 0.425ms returns FALSE
T9440 529:978.016 JLINK_IsHalted()
T9440 529:978.560 - 0.524ms returns FALSE
T9440 529:978.688 JLINK_IsHalted()
T9440 529:979.040 - 0.358ms returns FALSE
T7150 529:980.480 JLINK_IsHalted()
T7150 529:980.864 - 0.413ms returns FALSE
T7150 529:980.928 JLINK_IsHalted()
T7150 529:981.280 - 0.336ms returns FALSE
T7150 530:089.888 JLINK_IsHalted()
T7150 530:091.584 - 1.727ms returns FALSE
T7150 530:091.680 JLINK_IsHalted()
T7150 530:092.096 - 0.407ms returns FALSE
T7150 530:199.392 JLINK_IsHalted()
T7150 530:200.160 - 0.796ms returns FALSE
T7150 530:200.256 JLINK_IsHalted()
T7150 530:201.696 - 1.423ms returns FALSE
T7150 530:308.416 JLINK_IsHalted()
T7150 530:308.928 - 0.513ms returns FALSE
T7150 530:309.024 JLINK_IsHalted()
T7150 530:309.440 - 0.431ms returns FALSE
T7150 530:417.824 JLINK_IsHalted()
T7150 530:418.336 - 0.500ms returns FALSE
T7150 530:418.432 JLINK_IsHalted()
T7150 530:418.784 - 0.352ms returns FALSE
T7150 530:527.744 JLINK_IsHalted()
T7150 530:528.256 - 0.509ms returns FALSE
T7150 530:528.320 JLINK_IsHalted()
T7150 530:528.704 - 0.376ms returns FALSE
T7150 530:636.608 JLINK_IsHalted()
T7150 530:637.056 - 0.456ms returns FALSE
T7150 530:637.152 JLINK_IsHalted()
T7150 530:637.504 - 0.364ms returns FALSE
T7150 530:746.368 JLINK_IsHalted()
T7150 530:746.816 - 0.474ms returns FALSE
T7150 530:746.944 JLINK_IsHalted()
T7150 530:747.328 - 0.399ms returns FALSE
T7150 530:855.488 JLINK_IsHalted()
T7150 530:856.032 - 0.564ms returns FALSE
T7150 530:856.096 JLINK_IsHalted()
T7150 530:856.512 - 0.410ms returns FALSE
T7150 530:964.672 JLINK_IsHalted()
T7150 530:965.152 - 0.424ms returns FALSE
T7150 530:965.184 JLINK_IsHalted()
T7150 530:965.600 - 0.418ms returns FALSE
T9440 530:979.744 JLINK_IsHalted()
T9440 530:980.160 - 0.435ms returns FALSE
T9440 530:980.256 JLINK_IsHalted()
T9440 530:980.544 - 0.308ms returns FALSE
T7150 531:074.464 JLINK_IsHalted()
T7150 531:074.912 - 0.465ms returns FALSE
T7150 531:075.008 JLINK_IsHalted()
T7150 531:075.392 - 0.359ms returns FALSE
T7150 531:184.544 JLINK_IsHalted()
T7150 531:185.056 - 0.537ms returns FALSE
T7150 531:185.152 JLINK_IsHalted()
T7150 531:185.568 - 0.414ms returns FALSE
T7150 531:293.248 JLINK_IsHalted()
T7150 531:294.048 - 0.823ms returns FALSE
T7150 531:294.368 JLINK_IsHalted()
T7150 531:294.720 - 0.373ms returns FALSE
T7150 531:402.816 JLINK_IsHalted()
T7150 531:403.328 - 0.491ms returns FALSE
T7150 531:403.360 JLINK_IsHalted()
T7150 531:403.712 - 0.342ms returns FALSE
T7150 531:512.128 JLINK_IsHalted()
T7150 531:512.576 - 0.467ms returns FALSE
T7150 531:512.640 JLINK_IsHalted()
T7150 531:513.024 - 0.365ms returns FALSE
T7150 531:621.536 JLINK_IsHalted()
T7150 531:621.984 - 0.478ms returns FALSE
T7150 531:622.080 JLINK_IsHalted()
T7150 531:622.464 - 0.351ms returns FALSE
T7150 531:731.104 JLINK_IsHalted()
T7150 531:731.552 - 0.470ms returns FALSE
T7150 531:731.648 JLINK_IsHalted()
T7150 531:732.032 - 0.385ms returns FALSE
T7150 531:840.192 JLINK_IsHalted()
T7150 531:840.704 - 0.496ms returns FALSE
T7150 531:840.832 JLINK_IsHalted()
T7150 531:841.280 - 0.438ms returns FALSE
T7150 531:949.408 JLINK_IsHalted()
T7150 531:949.888 - 0.437ms returns FALSE
T7150 531:949.920 JLINK_IsHalted()
T7150 531:950.272 - 0.359ms returns FALSE
T9440 531:982.144 JLINK_IsHalted()
T9440 531:982.592 - 0.465ms returns FALSE
T9440 531:982.688 JLINK_IsHalted()
T9440 531:983.040 - 0.355ms returns FALSE
T7150 532:059.712 JLINK_IsHalted()
T7150 532:060.224 - 0.502ms returns FALSE
T7150 532:060.320 JLINK_IsHalted()
T7150 532:060.608 - 0.347ms returns FALSE
T7150 532:168.256 JLINK_IsHalted()
T7150 532:168.768 - 0.478ms returns FALSE
T7150 532:168.800 JLINK_IsHalted()
T7150 532:169.216 - 0.396ms returns FALSE
T7150 532:277.824 JLINK_IsHalted()
T7150 532:278.336 - 0.523ms returns FALSE
T7150 532:278.432 JLINK_IsHalted()
T7150 532:278.784 - 0.349ms returns FALSE
T7150 532:386.752 JLINK_IsHalted()
T7150 532:387.232 - 0.470ms returns FALSE
T7150 532:387.264 JLINK_IsHalted()
T7150 532:387.648 - 0.351ms returns FALSE
T7150 532:495.776 JLINK_IsHalted()
T7150 532:496.288 - 0.487ms returns FALSE
T7150 532:496.320 JLINK_IsHalted()
T7150 532:496.704 - 0.332ms returns FALSE
T7150 532:605.504 JLINK_IsHalted()
T7150 532:605.952 - 0.492ms returns FALSE
T7150 532:606.048 JLINK_IsHalted()
T7150 532:606.464 - 0.416ms returns FALSE
T7150 532:714.496 JLINK_IsHalted()
T7150 532:714.944 - 0.457ms returns FALSE
T7150 532:715.072 JLINK_IsHalted()
T7150 532:715.424 - 0.345ms returns FALSE
T7150 532:824.480 JLINK_IsHalted()
T7150 532:824.992 - 0.518ms returns FALSE
T7150 532:825.088 JLINK_IsHalted()
T7150 532:825.536 - 0.444ms returns FALSE
T7150 532:933.216 JLINK_IsHalted()
T7150 532:933.728 - 0.496ms returns FALSE
T7150 532:933.824 JLINK_IsHalted()
T7150 532:934.240 - 0.412ms returns FALSE
T9440 532:988.096 JLINK_IsHalted()
T9440 532:988.672 - 0.548ms returns FALSE
T9440 532:988.768 JLINK_IsHalted()
T9440 532:989.248 - 0.465ms returns FALSE
T7150 533:042.624 JLINK_IsHalted()
T7150 533:043.104 - 0.477ms returns FALSE
T7150 533:043.200 JLINK_IsHalted()
T7150 533:043.552 - 0.343ms returns FALSE
T7150 533:152.416 JLINK_IsHalted()
T7150 533:152.928 - 0.526ms returns FALSE
T7150 533:153.024 JLINK_IsHalted()
T7150 533:153.472 - 0.444ms returns FALSE
T7150 533:262.176 JLINK_IsHalted()
T7150 533:262.656 - 0.460ms returns FALSE
T7150 533:262.752 JLINK_IsHalted()
T7150 533:263.168 - 0.390ms returns FALSE
T7150 533:370.816 JLINK_IsHalted()
T7150 533:371.296 - 0.462ms returns FALSE
T7150 533:371.392 JLINK_IsHalted()
T7150 533:371.712 - 0.337ms returns FALSE
T7150 533:480.704 JLINK_IsHalted()
T7150 533:481.216 - 0.523ms returns FALSE
T7150 533:481.312 JLINK_IsHalted()
T7150 533:481.664 - 0.356ms returns FALSE
T7150 533:590.272 JLINK_IsHalted()
T7150 533:590.720 - 0.475ms returns FALSE
T7150 533:590.848 JLINK_IsHalted()
T7150 533:591.232 - 0.402ms returns FALSE
T7150 533:700.160 JLINK_IsHalted()
T7150 533:700.672 - 0.497ms returns FALSE
T7150 533:700.704 JLINK_IsHalted()
T7150 533:701.056 - 0.376ms returns FALSE
T7150 533:808.576 JLINK_IsHalted()
T7150 533:809.088 - 0.506ms returns FALSE
T7150 533:809.216 JLINK_IsHalted()
T7150 533:809.600 - 0.428ms returns FALSE
T7150 533:918.368 JLINK_IsHalted()
T7150 533:918.816 - 0.462ms returns FALSE
T7150 533:918.880 JLINK_IsHalted()
T7150 533:919.232 - 0.331ms returns FALSE
T9440 533:990.080 JLINK_IsHalted()
T9440 533:990.560 - 0.466ms returns FALSE
T9440 533:990.656 JLINK_IsHalted()
T9440 533:991.008 - 0.363ms returns FALSE
T7150 534:028.640 JLINK_IsHalted()
T7150 534:029.056 - 0.422ms returns FALSE
T7150 534:029.120 JLINK_IsHalted()
T7150 534:029.408 - 0.320ms returns FALSE
T7150 534:136.480 JLINK_IsHalted()
T7150 534:136.928 - 0.439ms returns FALSE
T7150 534:136.992 JLINK_IsHalted()
T7150 534:137.344 - 0.348ms returns FALSE
T7150 534:245.728 JLINK_IsHalted()
T7150 534:246.304 - 0.524ms returns FALSE
T7150 534:246.336 JLINK_IsHalted()
T7150 534:246.816 - 0.427ms returns FALSE
T7150 534:356.032 JLINK_IsHalted()
T7150 534:356.576 - 0.528ms returns FALSE
T7150 534:356.640 JLINK_IsHalted()
T7150 534:357.056 - 0.397ms returns FALSE
T7150 534:465.280 JLINK_IsHalted()
T7150 534:465.728 - 0.489ms returns FALSE
T7150 534:465.856 JLINK_IsHalted()
T7150 534:466.240 - 0.418ms returns FALSE
T7150 534:574.400 JLINK_IsHalted()
T7150 534:575.040 - 0.651ms returns FALSE
T7150 534:575.168 JLINK_IsHalted()
T7150 534:575.552 - 0.398ms returns FALSE
T7150 534:683.584 JLINK_IsHalted()
T7150 534:686.112 - 2.509ms returns FALSE
T7150 534:686.208 JLINK_IsHalted()
T7150 534:686.784 - 0.586ms returns FALSE
T7150 534:793.056 JLINK_IsHalted()
T7150 534:793.632 - 0.583ms returns FALSE
T7150 534:793.728 JLINK_IsHalted()
T7150 534:794.176 - 0.459ms returns FALSE
T7150 534:902.624 JLINK_IsHalted()
T7150 534:903.136 - 0.506ms returns FALSE
T7150 534:903.232 JLINK_IsHalted()
T7150 534:903.712 - 0.425ms returns FALSE
T9440 534:996.544 JLINK_IsHalted()
T9440 534:997.056 - 0.539ms returns FALSE
T9440 534:997.152 JLINK_IsHalted()
T9440 534:997.568 - 0.411ms returns FALSE
T7150 535:011.488 JLINK_IsHalted()
T7150 535:012.032 - 0.552ms returns FALSE
T7150 535:012.160 JLINK_IsHalted()
T7150 535:012.608 - 0.464ms returns FALSE
T7150 535:121.568 JLINK_IsHalted()
T7150 535:122.176 - 0.604ms returns FALSE
T7150 535:122.272 JLINK_IsHalted()
T7150 535:122.752 - 0.463ms returns FALSE
T7150 535:230.912 JLINK_IsHalted()
T7150 535:231.424 - 0.474ms returns FALSE
T7150 535:231.488 JLINK_IsHalted()
T7150 535:232.192 - 0.683ms returns FALSE
T7150 535:339.712 JLINK_IsHalted()
T7150 535:340.224 - 0.508ms returns FALSE
T7150 535:340.288 JLINK_IsHalted()
T7150 535:340.704 - 0.416ms returns FALSE
T7150 535:449.152 JLINK_IsHalted()
T7150 535:449.600 - 0.468ms returns FALSE
T7150 535:449.696 JLINK_IsHalted()
T7150 535:450.048 - 0.357ms returns FALSE
T7150 535:558.560 JLINK_IsHalted()
T7150 535:559.104 - 0.543ms returns FALSE
T7150 535:559.168 JLINK_IsHalted()
T7150 535:559.584 - 0.401ms returns FALSE
T7150 535:668.160 JLINK_IsHalted()
T7150 535:668.672 - 0.504ms returns FALSE
T7150 535:668.800 JLINK_IsHalted()
T7150 535:669.248 - 0.476ms returns FALSE
T7150 535:777.120 JLINK_IsHalted()
T7150 535:777.696 - 0.559ms returns FALSE
T7150 535:777.728 JLINK_IsHalted()
T7150 535:778.144 - 0.400ms returns FALSE
T7150 535:886.656 JLINK_IsHalted()
T7150 535:887.264 - 0.603ms returns FALSE
T7150 535:887.360 JLINK_IsHalted()
T7150 535:887.776 - 0.433ms returns FALSE
T7150 535:996.672 JLINK_IsHalted()
T7150 535:997.248 - 0.574ms returns FALSE
T7150 535:997.344 JLINK_IsHalted()
T7150 535:997.760 - 0.385ms returns FALSE
T9440 536:029.600 JLINK_IsHalted()
T9440 536:030.144 - 0.552ms returns FALSE
T9440 536:030.272 JLINK_IsHalted()
T9440 536:030.624 - 0.365ms returns FALSE
T7150 536:105.280 JLINK_IsHalted()
T7150 536:121.088 - 15.847ms returns FALSE
T7150 536:121.184 JLINK_IsHalted()
T7150 536:122.432 - 1.192ms returns FALSE
T7150 536:230.144 JLINK_IsHalted()
T7150 536:230.656 - 0.543ms returns FALSE
T7150 536:230.752 JLINK_IsHalted()
T7150 536:231.104 - 0.374ms returns FALSE
T7150 536:339.552 JLINK_IsHalted()
T7150 536:340.064 - 0.488ms returns FALSE
T7150 536:340.128 JLINK_IsHalted()
T7150 536:340.544 - 0.399ms returns FALSE
T7150 536:449.792 JLINK_IsHalted()
T7150 536:450.240 - 0.485ms returns FALSE
T7150 536:450.368 JLINK_IsHalted()
T7150 536:450.656 - 0.341ms returns FALSE
T7150 536:559.680 JLINK_IsHalted()
T7150 536:560.128 - 0.457ms returns FALSE
T7150 536:560.224 JLINK_IsHalted()
T7150 536:560.544 - 0.335ms returns FALSE
T7150 536:668.576 JLINK_IsHalted()
T7150 536:669.088 - 0.507ms returns FALSE
T7150 536:669.184 JLINK_IsHalted()
T7150 536:669.536 - 0.405ms returns FALSE
T7150 536:777.664 JLINK_IsHalted()
T7150 536:778.144 - 0.448ms returns FALSE
T7150 536:778.176 JLINK_IsHalted()
T7150 536:778.560 - 0.360ms returns FALSE
T7150 536:887.168 JLINK_IsHalted()
T7150 536:887.680 - 0.486ms returns FALSE
T7150 536:887.744 JLINK_IsHalted()
T7150 536:888.128 - 0.404ms returns FALSE
T7150 536:995.968 JLINK_IsHalted()
T7150 536:996.480 - 0.526ms returns FALSE
T7150 536:996.544 JLINK_IsHalted()
T7150 536:996.992 - 0.433ms returns FALSE
T9440 537:034.496 JLINK_IsHalted()
T9440 537:035.136 - 0.629ms returns FALSE
T9440 537:035.200 JLINK_IsHalted()
T9440 537:035.584 - 0.339ms returns FALSE
T7150 537:105.152 JLINK_IsHalted()
T7150 537:105.664 - 0.514ms returns FALSE
T7150 537:105.792 JLINK_IsHalted()
T7150 537:106.112 - 0.378ms returns FALSE
T7150 537:214.592 JLINK_IsHalted()
T7150 537:215.104 - 0.503ms returns FALSE
T7150 537:215.168 JLINK_IsHalted()
T7150 537:215.552 - 0.323ms returns FALSE
T7150 537:324.352 JLINK_IsHalted()
T7150 537:324.864 - 0.472ms returns FALSE
T7150 537:324.928 JLINK_IsHalted()
T7150 537:325.376 - 0.416ms returns FALSE
T7150 537:433.920 JLINK_IsHalted()
T7150 537:434.368 - 0.469ms returns FALSE
T7150 537:434.496 JLINK_IsHalted()
T7150 537:435.008 - 0.446ms returns FALSE
T7150 537:543.168 JLINK_IsHalted()
T7150 537:543.616 - 0.486ms returns FALSE
T7150 537:543.744 JLINK_IsHalted()
T7150 537:544.064 - 0.365ms returns FALSE
T7150 537:652.480 JLINK_IsHalted()
T7150 537:652.992 - 0.484ms returns FALSE
T7150 537:653.056 JLINK_IsHalted()
T7150 537:653.376 - 0.337ms returns FALSE
T7150 537:761.408 JLINK_IsHalted()
T7150 537:761.920 - 0.487ms returns FALSE
T7150 537:761.920 JLINK_IsHalted()
T7150 537:762.368 - 0.379ms returns FALSE
T7150 537:870.912 JLINK_IsHalted()
T7150 537:871.424 - 0.509ms returns FALSE
T7150 537:871.488 JLINK_IsHalted()
T7150 537:871.936 - 0.407ms returns FALSE
T7150 537:980.416 JLINK_IsHalted()
T7150 537:980.864 - 0.458ms returns FALSE
T7150 537:980.992 JLINK_IsHalted()
T7150 537:981.312 - 0.324ms returns FALSE
T9440 538:036.224 JLINK_IsHalted()
T9440 538:036.736 - 0.494ms returns FALSE
T9440 538:036.864 JLINK_IsHalted()
T9440 538:037.184 - 0.385ms returns FALSE
T7150 538:089.728 JLINK_IsHalted()
T7150 538:090.176 - 0.463ms returns FALSE
T7150 538:090.240 JLINK_IsHalted()
T7150 538:090.688 - 0.425ms returns FALSE
T7150 538:199.040 JLINK_IsHalted()
T7150 538:199.488 - 0.440ms returns FALSE
T7150 538:199.552 JLINK_IsHalted()
T7150 538:199.936 - 0.398ms returns FALSE
T7150 538:309.120 JLINK_IsHalted()
T7150 538:309.568 - 0.460ms returns FALSE
T7150 538:309.696 JLINK_IsHalted()
T7150 538:310.016 - 0.333ms returns FALSE
T7150 538:418.496 JLINK_IsHalted()
T7150 538:418.944 - 0.455ms returns FALSE
T7150 538:419.008 JLINK_IsHalted()
T7150 538:419.328 - 0.358ms returns FALSE
T7150 538:527.872 JLINK_IsHalted()
T7150 538:528.384 - 0.461ms returns FALSE
T7150 538:528.448 JLINK_IsHalted()
T7150 538:528.832 - 0.374ms returns FALSE
T7150 538:637.184 JLINK_IsHalted()
T7150 538:637.632 - 0.462ms returns FALSE
T7150 538:637.696 JLINK_IsHalted()
T7150 538:638.144 - 0.407ms returns FALSE
T7150 538:745.728 JLINK_IsHalted()
T7150 538:746.240 - 0.537ms returns FALSE
T7150 538:746.368 JLINK_IsHalted()
T7150 538:746.752 - 0.376ms returns FALSE
T7150 538:856.064 JLINK_IsHalted()
T7150 538:856.640 - 0.551ms returns FALSE
T7150 538:856.704 JLINK_IsHalted()
T7150 538:857.088 - 0.406ms returns FALSE
T7150 538:965.376 JLINK_IsHalted()
T7150 538:965.888 - 0.466ms returns FALSE
T7150 538:966.016 JLINK_IsHalted()
T7150 538:966.400 - 0.388ms returns FALSE
T9440 539:038.272 JLINK_IsHalted()
T9440 539:038.784 - 0.488ms returns FALSE
T9440 539:038.848 JLINK_IsHalted()
T9440 539:039.296 - 0.426ms returns FALSE
T7150 539:074.240 JLINK_IsHalted()
T7150 539:074.880 - 0.597ms returns FALSE
T7150 539:074.944 JLINK_IsHalted()
T7150 539:075.392 - 0.399ms returns FALSE
T7150 539:183.680 JLINK_IsHalted()
T7150 539:184.128 - 0.453ms returns FALSE
T7150 539:184.256 JLINK_IsHalted()
T7150 539:184.576 - 0.373ms returns FALSE
T7150 539:294.080 JLINK_IsHalted()
T7150 539:294.592 - 0.528ms returns FALSE
T7150 539:294.656 JLINK_IsHalted()
T7150 539:295.104 - 0.414ms returns FALSE
T7150 539:402.304 JLINK_IsHalted()
T7150 539:402.752 - 0.452ms returns FALSE
T7150 539:402.816 JLINK_IsHalted()
T7150 539:403.136 - 0.300ms returns FALSE
T7150 539:511.936 JLINK_IsHalted()
T7150 539:512.448 - 0.473ms returns FALSE
T7150 539:512.448 JLINK_IsHalted()
T7150 539:512.832 - 0.331ms returns FALSE
T7150 539:621.696 JLINK_IsHalted()
T7150 539:622.272 - 0.532ms returns FALSE
T7150 539:622.272 JLINK_IsHalted()
T7150 539:622.720 - 0.420ms returns FALSE
T7150 539:730.560 JLINK_IsHalted()
T7150 539:731.072 - 0.458ms returns FALSE
T7150 539:731.072 JLINK_IsHalted()
T7150 539:731.456 - 0.353ms returns FALSE
T7150 539:840.128 JLINK_IsHalted()
T7150 539:840.640 - 0.549ms returns FALSE
T7150 539:840.768 JLINK_IsHalted()
T7150 539:841.152 - 0.357ms returns FALSE
T7150 539:949.632 JLINK_IsHalted()
T7150 539:950.144 - 0.544ms returns FALSE
T7150 539:950.208 JLINK_IsHalted()
T7150 539:950.720 - 0.473ms returns FALSE
T9440 540:040.704 JLINK_IsHalted()
T9440 540:041.216 - 0.474ms returns FALSE
T9440 540:041.280 JLINK_IsHalted()
T9440 540:041.600 - 0.318ms returns FALSE
T7150 540:058.304 JLINK_IsHalted()
T7150 540:058.752 - 0.388ms returns FALSE
T7150 540:058.752 JLINK_IsHalted()
T7150 540:059.072 - 0.332ms returns FALSE
T7150 540:168.064 JLINK_IsHalted()
T7150 540:168.576 - 0.525ms returns FALSE
T7150 540:168.640 JLINK_IsHalted()
T7150 540:169.088 - 0.401ms returns FALSE
T7150 540:276.992 JLINK_IsHalted()
T7150 540:277.504 - 0.525ms returns FALSE
T7150 540:277.568 JLINK_IsHalted()
T7150 540:277.952 - 0.396ms returns FALSE
T7150 540:386.816 JLINK_IsHalted()
T7150 540:387.328 - 0.516ms returns FALSE
T7150 540:387.456 JLINK_IsHalted()
T7150 540:387.840 - 0.407ms returns FALSE
T7150 540:496.192 JLINK_IsHalted()
T7150 540:496.768 - 0.588ms returns FALSE
T7150 540:496.896 JLINK_IsHalted()
T7150 540:497.344 - 0.464ms returns FALSE
T7150 540:605.888 JLINK_IsHalted()
T7150 540:606.528 - 0.582ms returns FALSE
T7150 540:606.656 JLINK_IsHalted()
T7150 540:607.104 - 0.483ms returns FALSE
T7150 540:714.432 JLINK_IsHalted()
T7150 540:714.944 - 0.490ms returns FALSE
T7150 540:715.008 JLINK_IsHalted()
T7150 540:715.456 - 0.436ms returns FALSE
T7150 540:824.256 JLINK_IsHalted()
T7150 540:824.768 - 0.477ms returns FALSE
T7150 540:824.896 JLINK_IsHalted()
T7150 540:825.280 - 0.380ms returns FALSE
T7150 540:934.016 JLINK_IsHalted()
T7150 540:934.784 - 0.699ms returns FALSE
T7150 540:934.848 JLINK_IsHalted()
T7150 540:935.232 - 0.361ms returns FALSE
T9440 541:041.152 JLINK_IsHalted()
T9440 541:041.600 - 0.443ms returns FALSE
T9440 541:041.664 JLINK_IsHalted()
T9440 541:042.048 - 0.338ms returns FALSE
T7150 541:042.816 JLINK_IsHalted()
T7150 541:043.328 - 0.428ms returns FALSE
T7150 541:043.328 JLINK_IsHalted()
T7150 541:043.712 - 0.371ms returns FALSE
T7150 541:152.640 JLINK_IsHalted()
T7150 541:153.152 - 0.431ms returns FALSE
T7150 541:153.216 JLINK_IsHalted()
T7150 541:153.664 - 0.408ms returns FALSE
T7150 541:262.336 JLINK_IsHalted()
T7150 541:262.848 - 0.517ms returns FALSE
T7150 541:262.912 JLINK_IsHalted()
T7150 541:263.296 - 0.396ms returns FALSE
T7150 541:370.880 JLINK_IsHalted()
T7150 541:371.328 - 0.438ms returns FALSE
T7150 541:371.392 JLINK_IsHalted()
T7150 541:371.776 - 0.346ms returns FALSE
T7150 541:480.768 JLINK_IsHalted()
T7150 541:481.216 - 0.458ms returns FALSE
T7150 541:481.280 JLINK_IsHalted()
T7150 541:481.664 - 0.401ms returns FALSE
T7150 541:590.336 JLINK_IsHalted()
T7150 541:590.848 - 0.510ms returns FALSE
T7150 541:590.912 JLINK_IsHalted()
T7150 541:591.232 - 0.375ms returns FALSE
T7150 541:699.648 JLINK_IsHalted()
T7150 541:700.160 - 0.497ms returns FALSE
T7150 541:700.224 JLINK_IsHalted()
T7150 541:700.608 - 0.409ms returns FALSE
T7150 541:808.320 JLINK_IsHalted()
T7150 541:808.832 - 0.513ms returns FALSE
T7150 541:808.896 JLINK_IsHalted()
T7150 541:809.280 - 0.348ms returns FALSE
T7150 541:918.400 JLINK_IsHalted()
T7150 541:918.848 - 0.435ms returns FALSE
T7150 541:918.912 JLINK_IsHalted()
T7150 541:919.232 - 0.320ms returns FALSE
T7150 542:027.584 JLINK_IsHalted()
T7150 542:028.032 - 0.452ms returns FALSE
T7150 542:028.160 JLINK_IsHalted()
T7150 542:028.544 - 0.400ms returns FALSE
T9440 542:042.944 JLINK_IsHalted()
T9440 542:043.456 - 0.496ms returns FALSE
T9440 542:043.520 JLINK_IsHalted()
T9440 542:043.968 - 0.418ms returns FALSE
T7150 542:136.704 JLINK_IsHalted()
T7150 542:137.280 - 0.558ms returns FALSE
T7150 542:137.408 JLINK_IsHalted()
T7150 542:137.728 - 0.360ms returns FALSE
T7150 542:246.400 JLINK_IsHalted()
T7150 542:246.784 - 0.431ms returns FALSE
T7150 542:246.912 JLINK_IsHalted()
T7150 542:247.360 - 0.443ms returns FALSE
T7150 542:356.096 JLINK_IsHalted()
T7150 542:356.608 - 0.516ms returns FALSE
T7150 542:356.672 JLINK_IsHalted()
T7150 542:357.120 - 0.387ms returns FALSE
T7150 542:464.704 JLINK_IsHalted()
T7150 542:465.152 - 0.501ms returns FALSE
T7150 542:465.280 JLINK_IsHalted()
T7150 542:465.664 - 0.353ms returns FALSE
T7150 542:574.720 JLINK_IsHalted()
T7150 542:575.232 - 0.458ms returns FALSE
T7150 542:575.232 JLINK_IsHalted()
T7150 542:575.680 - 0.371ms returns FALSE
T7150 542:683.520 JLINK_IsHalted()
T7150 542:684.032 - 0.523ms returns FALSE
T7150 542:684.096 JLINK_IsHalted()
T7150 542:684.608 - 0.493ms returns FALSE
T7150 542:792.704 JLINK_IsHalted()
T7150 542:793.088 - 0.449ms returns FALSE
T7150 542:793.152 JLINK_IsHalted()
T7150 542:793.536 - 0.365ms returns FALSE
T7150 542:903.424 JLINK_IsHalted()
T7150 542:903.936 - 0.499ms returns FALSE
T7150 542:904.064 JLINK_IsHalted()
T7150 542:904.512 - 0.468ms returns FALSE
T7150 543:012.096 JLINK_IsHalted()
T7150 543:012.608 - 0.504ms returns FALSE
T7150 543:012.672 JLINK_IsHalted()
T7150 543:013.056 - 0.401ms returns FALSE
T9440 543:045.120 JLINK_IsHalted()
T9440 543:045.568 - 0.451ms returns FALSE
T9440 543:045.696 JLINK_IsHalted()
T9440 543:046.016 - 0.375ms returns FALSE
T7150 543:123.392 JLINK_IsHalted()
T7150 543:123.904 - 0.508ms returns FALSE
T7150 543:123.968 JLINK_IsHalted()
T7150 543:124.544 - 0.547ms returns FALSE
T7150 543:231.296 JLINK_IsHalted()
T7150 543:231.744 - 0.442ms returns FALSE
T7150 543:231.808 JLINK_IsHalted()
T7150 543:232.128 - 0.346ms returns FALSE
T7150 543:340.160 JLINK_IsHalted()
T7150 543:340.736 - 0.554ms returns FALSE
T7150 543:340.864 JLINK_IsHalted()
T7150 543:341.184 - 0.392ms returns FALSE
T7150 543:449.728 JLINK_IsHalted()
T7150 543:450.240 - 0.517ms returns FALSE
T7150 543:450.304 JLINK_IsHalted()
T7150 543:450.688 - 0.367ms returns FALSE
T7150 543:558.656 JLINK_IsHalted()
T7150 543:559.104 - 0.459ms returns FALSE
T7150 543:559.232 JLINK_IsHalted()
T7150 543:559.552 - 0.396ms returns FALSE
T7150 543:667.712 JLINK_IsHalted()
T7150 543:668.416 - 0.729ms returns FALSE
T7150 543:668.544 JLINK_IsHalted()
T7150 543:668.992 - 0.465ms returns FALSE
T7150 543:777.152 JLINK_IsHalted()
T7150 543:777.664 - 0.519ms returns FALSE
T7150 543:777.792 JLINK_IsHalted()
T7150 543:778.176 - 0.380ms returns FALSE
T7150 543:886.976 JLINK_IsHalted()
T7150 543:887.424 - 0.505ms returns FALSE
T7150 543:887.488 JLINK_IsHalted()
T7150 543:887.936 - 0.396ms returns FALSE
T7150 543:996.672 JLINK_IsHalted()
T7150 543:997.184 - 0.488ms returns FALSE
T7150 543:997.248 JLINK_IsHalted()
T7150 543:997.632 - 0.406ms returns FALSE
T9440 544:046.848 JLINK_IsHalted()
T9440 544:047.360 - 0.497ms returns FALSE
T9440 544:047.488 JLINK_IsHalted()
T9440 544:047.808 - 0.371ms returns FALSE
T7150 544:105.792 JLINK_IsHalted()
T7150 544:106.304 - 0.516ms returns FALSE
T7150 544:106.368 JLINK_IsHalted()
T7150 544:106.752 - 0.380ms returns FALSE
T7150 544:215.424 JLINK_IsHalted()
T7150 544:215.936 - 0.523ms returns FALSE
T7150 544:216.000 JLINK_IsHalted()
T7150 544:216.448 - 0.414ms returns FALSE
T7150 544:324.160 JLINK_IsHalted()
T7150 544:324.544 - 0.422ms returns FALSE
T7150 544:324.672 JLINK_IsHalted()
T7150 544:324.992 - 0.329ms returns FALSE
T7150 544:433.664 JLINK_IsHalted()
T7150 544:434.112 - 0.469ms returns FALSE
T7150 544:434.176 JLINK_IsHalted()
T7150 544:434.560 - 0.400ms returns FALSE
T7150 544:542.784 JLINK_IsHalted()
T7150 544:543.232 - 0.481ms returns FALSE
T7150 544:543.296 JLINK_IsHalted()
T7150 544:543.616 - 0.354ms returns FALSE
T7150 544:652.416 JLINK_IsHalted()
T7150 544:652.928 - 0.511ms returns FALSE
T7150 544:652.992 JLINK_IsHalted()
T7150 544:653.440 - 0.389ms returns FALSE
T7150 544:761.344 JLINK_IsHalted()
T7150 544:761.728 - 0.424ms returns FALSE
T7150 544:761.856 JLINK_IsHalted()
T7150 544:762.112 - 0.291ms returns FALSE
T7150 544:871.296 JLINK_IsHalted()
T7150 544:871.808 - 0.500ms returns FALSE
T7150 544:871.936 JLINK_IsHalted()
T7150 544:872.320 - 0.379ms returns FALSE
T7150 544:980.160 JLINK_IsHalted()
T7150 544:980.608 - 0.469ms returns FALSE
T7150 544:980.672 JLINK_IsHalted()
T7150 544:980.992 - 0.311ms returns FALSE
T9440 545:059.328 JLINK_IsHalted()
T9440 545:059.904 - 0.554ms returns FALSE
T9440 545:059.968 JLINK_IsHalted()
T9440 545:060.416 - 0.422ms returns FALSE
T7150 545:089.472 JLINK_IsHalted()
T7150 545:089.984 - 0.519ms returns FALSE
T7150 545:090.048 JLINK_IsHalted()
T7150 545:090.496 - 0.417ms returns FALSE
T7150 545:198.848 JLINK_IsHalted()
T7150 545:199.360 - 0.491ms returns FALSE
T7150 545:199.488 JLINK_IsHalted()
T7150 545:199.872 - 0.425ms returns FALSE
T7150 545:308.800 JLINK_IsHalted()
T7150 545:309.312 - 0.449ms returns FALSE
T7150 545:309.312 JLINK_IsHalted()
T7150 545:309.696 - 0.359ms returns FALSE
T7150 545:417.664 JLINK_IsHalted()
T7150 545:418.304 - 0.575ms returns FALSE
T7150 545:418.368 JLINK_IsHalted()
T7150 545:418.688 - 0.372ms returns FALSE
T7150 545:527.744 JLINK_IsHalted()
T7150 545:528.192 - 0.468ms returns FALSE
T7150 545:528.256 JLINK_IsHalted()
T7150 545:528.640 - 0.325ms returns FALSE
T7150 545:636.608 JLINK_IsHalted()
T7150 545:637.056 - 0.466ms returns FALSE
T7150 545:637.184 JLINK_IsHalted()
T7150 545:637.568 - 0.399ms returns FALSE
T7150 545:746.304 JLINK_IsHalted()
T7150 545:746.816 - 0.541ms returns FALSE
T7150 545:746.880 JLINK_IsHalted()
T7150 545:747.392 - 0.484ms returns FALSE
T7150 545:855.424 JLINK_IsHalted()
T7150 545:855.872 - 0.470ms returns FALSE
T7150 545:856.000 JLINK_IsHalted()
T7150 545:856.320 - 0.348ms returns FALSE
T7150 545:965.184 JLINK_IsHalted()
T7150 545:965.632 - 0.428ms returns FALSE
T7150 545:965.696 JLINK_IsHalted()
T7150 545:966.016 - 0.362ms returns FALSE
T9440 546:060.864 JLINK_IsHalted()
T9440 546:061.376 - 0.512ms returns FALSE
T9440 546:061.440 JLINK_IsHalted()
T9440 546:061.952 - 0.415ms returns FALSE
T7150 546:073.920 JLINK_IsHalted()
T7150 546:074.368 - 0.493ms returns FALSE
T7150 546:074.496 JLINK_IsHalted()
T7150 546:074.752 - 0.351ms returns FALSE
T7150 546:183.552 JLINK_IsHalted()
T7150 546:184.064 - 0.518ms returns FALSE
T7150 546:184.192 JLINK_IsHalted()
T7150 546:184.640 - 0.464ms returns FALSE
T7150 546:293.376 JLINK_IsHalted()
T7150 546:294.016 - 0.651ms returns FALSE
T7150 546:294.144 JLINK_IsHalted()
T7150 546:294.464 - 0.389ms returns FALSE
T7150 546:403.200 JLINK_IsHalted()
T7150 546:403.712 - 0.485ms returns FALSE
T7150 546:403.776 JLINK_IsHalted()
T7150 546:404.224 - 0.424ms returns FALSE
T7150 546:512.192 JLINK_IsHalted()
T7150 546:512.704 - 0.512ms returns FALSE
T7150 546:512.768 JLINK_IsHalted()
T7150 546:513.216 - 0.400ms returns FALSE
T7150 546:620.800 JLINK_IsHalted()
T7150 546:621.376 - 0.545ms returns FALSE
T7150 546:621.504 JLINK_IsHalted()
T7150 546:621.952 - 0.449ms returns FALSE
T7150 546:730.368 JLINK_IsHalted()
T7150 546:730.880 - 0.432ms returns FALSE
T7150 546:730.880 JLINK_IsHalted()
T7150 546:731.264 - 0.341ms returns FALSE
T7150 546:839.680 JLINK_IsHalted()
T7150 546:840.192 - 0.526ms returns FALSE
T7150 546:840.320 JLINK_IsHalted()
T7150 546:840.640 - 0.343ms returns FALSE
T7150 546:950.336 JLINK_IsHalted()
T7150 546:950.848 - 0.498ms returns FALSE
T7150 546:950.976 JLINK_IsHalted()
T7150 546:951.296 - 0.349ms returns FALSE
T7150 547:058.368 JLINK_IsHalted()
T7150 547:058.944 - 0.543ms returns FALSE
T7150 547:059.072 JLINK_IsHalted()
T7150 547:059.392 - 0.381ms returns FALSE
T9440 547:063.680 JLINK_IsHalted()
T9440 547:064.192 - 0.455ms returns FALSE
T9440 547:064.256 JLINK_IsHalted()
T9440 547:064.704 - 0.409ms returns FALSE
T7150 547:168.128 JLINK_IsHalted()
T7150 547:168.704 - 0.547ms returns FALSE
T7150 547:168.768 JLINK_IsHalted()
T7150 547:169.152 - 0.354ms returns FALSE
T7150 547:277.440 JLINK_IsHalted()
T7150 547:277.952 - 0.538ms returns FALSE
T7150 547:278.080 JLINK_IsHalted()
T7150 547:278.464 - 0.412ms returns FALSE
T7150 547:387.008 JLINK_IsHalted()
T7150 547:387.520 - 0.459ms returns FALSE
T7150 547:387.520 JLINK_IsHalted()
T7150 547:387.968 - 0.407ms returns FALSE
T7150 547:496.512 JLINK_IsHalted()
T7150 547:496.960 - 0.494ms returns FALSE
T7150 547:497.024 JLINK_IsHalted()
T7150 547:497.344 - 0.342ms returns FALSE
T7150 547:605.632 JLINK_IsHalted()
T7150 547:606.144 - 0.513ms returns FALSE
T7150 547:606.272 JLINK_IsHalted()
T7150 547:606.656 - 0.400ms returns FALSE
T7150 547:714.688 JLINK_IsHalted()
T7150 547:715.200 - 0.528ms returns FALSE
T7150 547:715.200 JLINK_IsHalted()
T7150 547:715.520 - 0.313ms returns FALSE
T7150 547:824.768 JLINK_IsHalted()
T7150 547:825.280 - 0.491ms returns FALSE
T7150 547:825.280 JLINK_IsHalted()
T7150 547:825.792 - 0.514ms returns FALSE
T7150 547:933.312 JLINK_IsHalted()
T7150 547:933.824 - 0.487ms returns FALSE
T7150 547:933.888 JLINK_IsHalted()
T7150 547:934.272 - 0.359ms returns FALSE
T7150 548:043.392 JLINK_IsHalted()
T7150 548:044.096 - 0.672ms returns FALSE
T7150 548:044.160 JLINK_IsHalted()
T7150 548:044.544 - 0.373ms returns FALSE
T9440 548:075.392 JLINK_IsHalted()
T9440 548:075.904 - 0.531ms returns FALSE
T9440 548:075.968 JLINK_IsHalted()
T9440 548:076.416 - 0.409ms returns FALSE
T7150 548:152.448 JLINK_IsHalted()
T7150 548:153.024 - 0.533ms returns FALSE
T7150 548:153.088 JLINK_IsHalted()
T7150 548:153.472 - 0.353ms returns FALSE
T7150 548:261.504 JLINK_IsHalted()
T7150 548:262.016 - 0.486ms returns FALSE
T7150 548:262.080 JLINK_IsHalted()
T7150 548:262.464 - 0.352ms returns FALSE
T7150 548:371.712 JLINK_IsHalted()
T7150 548:372.160 - 0.459ms returns FALSE
T7150 548:372.224 JLINK_IsHalted()
T7150 548:372.608 - 0.346ms returns FALSE
T7150 548:480.128 JLINK_IsHalted()
T7150 548:480.576 - 0.464ms returns FALSE
T7150 548:480.640 JLINK_IsHalted()
T7150 548:481.088 - 0.401ms returns FALSE
T7150 548:589.504 JLINK_IsHalted()
T7150 548:590.016 - 0.514ms returns FALSE
T7150 548:590.144 JLINK_IsHalted()
T7150 548:590.528 - 0.396ms returns FALSE
T7150 548:699.776 JLINK_IsHalted()
T7150 548:700.288 - 0.520ms returns FALSE
T7150 548:700.416 JLINK_IsHalted()
T7150 548:700.800 - 0.414ms returns FALSE
T7150 548:809.024 JLINK_IsHalted()
T7150 548:809.536 - 0.511ms returns FALSE
T7150 548:809.600 JLINK_IsHalted()
T7150 548:809.920 - 0.331ms returns FALSE
T7150 548:918.336 JLINK_IsHalted()
T7150 548:918.848 - 0.517ms returns FALSE
T7150 548:918.912 JLINK_IsHalted()
T7150 548:919.296 - 0.395ms returns FALSE
T7150 549:027.008 JLINK_IsHalted()
T7150 549:027.520 - 0.468ms returns FALSE
T7150 549:027.584 JLINK_IsHalted()
T7150 549:027.968 - 0.370ms returns FALSE
T9440 549:079.424 JLINK_IsHalted()
T9440 549:079.808 - 0.453ms returns FALSE
T9440 549:079.936 JLINK_IsHalted()
T9440 549:080.256 - 0.395ms returns FALSE
T7150 549:136.512 JLINK_IsHalted()
T7150 549:137.024 - 0.501ms returns FALSE
T7150 549:137.088 JLINK_IsHalted()
T7150 549:137.536 - 0.389ms returns FALSE
T7150 549:246.080 JLINK_IsHalted()
T7150 549:246.592 - 0.504ms returns FALSE
T7150 549:246.592 JLINK_IsHalted()
T7150 549:247.040 - 0.405ms returns FALSE
T7150 549:355.584 JLINK_IsHalted()
T7150 549:356.160 - 0.567ms returns FALSE
T7150 549:356.224 JLINK_IsHalted()
T7150 549:356.672 - 0.376ms returns FALSE
T7150 549:465.472 JLINK_IsHalted()
T7150 549:465.920 - 0.492ms returns FALSE
T7150 549:465.984 JLINK_IsHalted()
T7150 549:466.432 - 0.396ms returns FALSE
T7150 549:574.080 JLINK_IsHalted()
T7150 549:574.592 - 0.473ms returns FALSE
T7150 549:574.656 JLINK_IsHalted()
T7150 549:575.040 - 0.390ms returns FALSE
T7150 549:684.032 JLINK_IsHalted()
T7150 549:684.544 - 0.503ms returns FALSE
T7150 549:684.608 JLINK_IsHalted()
T7150 549:685.056 - 0.422ms returns FALSE
T7150 549:793.152 JLINK_IsHalted()
T7150 549:793.664 - 0.534ms returns FALSE
T7150 549:793.728 JLINK_IsHalted()
T7150 549:794.176 - 0.425ms returns FALSE
T7150 549:903.232 JLINK_IsHalted()
T7150 549:903.808 - 0.525ms returns FALSE
T7150 549:903.872 JLINK_IsHalted()
T7150 549:904.256 - 0.336ms returns FALSE
T7150 550:011.776 JLINK_IsHalted()
T7150 550:012.224 - 0.484ms returns FALSE
T7150 550:012.288 JLINK_IsHalted()
T7150 550:012.736 - 0.418ms returns FALSE
T9440 550:080.896 JLINK_IsHalted()
T9440 550:081.344 - 0.456ms returns FALSE
T9440 550:081.408 JLINK_IsHalted()
T9440 550:081.728 - 0.366ms returns FALSE
T7150 550:120.768 JLINK_IsHalted()
T7150 550:121.216 - 0.437ms returns FALSE
T7150 550:121.280 JLINK_IsHalted()
T7150 550:121.600 - 0.315ms returns FALSE
T7150 550:230.720 JLINK_IsHalted()
T7150 550:231.232 - 0.549ms returns FALSE
T7150 550:231.360 JLINK_IsHalted()
T7150 550:231.808 - 0.447ms returns FALSE
T7150 550:340.288 JLINK_IsHalted()
T7150 550:340.864 - 0.537ms returns FALSE
T7150 550:340.928 JLINK_IsHalted()
T7150 550:341.312 - 0.393ms returns FALSE
T7150 550:449.024 JLINK_IsHalted()
T7150 550:449.472 - 0.407ms returns FALSE
T7150 550:449.536 JLINK_IsHalted()
T7150 550:449.792 - 0.334ms returns FALSE
T7150 550:558.720 JLINK_IsHalted()
T7150 550:559.168 - 0.441ms returns FALSE
T7150 550:559.232 JLINK_IsHalted()
T7150 550:559.616 - 0.425ms returns FALSE
T7150 550:667.904 JLINK_IsHalted()
T7150 550:668.352 - 0.444ms returns FALSE
T7150 550:668.416 JLINK_IsHalted()
T7150 550:668.800 - 0.387ms returns FALSE
T7150 550:777.664 JLINK_IsHalted()
T7150 550:778.112 - 0.446ms returns FALSE
T7150 550:778.112 JLINK_IsHalted()
T7150 550:778.496 - 0.372ms returns FALSE
T7150 550:887.168 JLINK_IsHalted()
T7150 550:887.680 - 0.500ms returns FALSE
T7150 550:887.808 JLINK_IsHalted()
T7150 550:888.256 - 0.452ms returns FALSE
T7150 550:996.032 JLINK_IsHalted()
T7150 550:996.480 - 0.472ms returns FALSE
T7150 550:996.608 JLINK_IsHalted()
T7150 550:996.928 - 0.399ms returns FALSE
T9440 551:082.048 JLINK_IsHalted()
T9440 551:082.624 - 0.567ms returns FALSE
T9440 551:082.752 JLINK_IsHalted()
T9440 551:083.136 - 0.418ms returns FALSE
T7150 551:105.216 JLINK_IsHalted()
T7150 551:105.792 - 0.516ms returns FALSE
T7150 551:105.792 JLINK_IsHalted()
T7150 551:106.176 - 0.337ms returns FALSE
T7150 551:215.360 JLINK_IsHalted()
T7150 551:215.744 - 0.400ms returns FALSE
T7150 551:215.808 JLINK_IsHalted()
T7150 551:216.192 - 0.359ms returns FALSE
T7150 551:324.288 JLINK_IsHalted()
T7150 551:324.800 - 0.456ms returns FALSE
T7150 551:324.800 JLINK_IsHalted()
T7150 551:325.248 - 0.383ms returns FALSE
T7150 551:434.304 JLINK_IsHalted()
T7150 551:434.944 - 0.664ms returns FALSE
T7150 551:435.008 JLINK_IsHalted()
T7150 551:435.584 - 0.545ms returns FALSE
T7150 551:543.040 JLINK_IsHalted()
T7150 551:543.616 - 0.552ms returns FALSE
T7150 551:543.680 JLINK_IsHalted()
T7150 551:544.000 - 0.344ms returns FALSE
T7150 551:652.864 JLINK_IsHalted()
T7150 551:653.312 - 0.436ms returns FALSE
T7150 551:653.376 JLINK_IsHalted()
T7150 551:653.824 - 0.447ms returns FALSE
T7150 551:762.112 JLINK_IsHalted()
T7150 551:762.560 - 0.478ms returns FALSE
T7150 551:762.624 JLINK_IsHalted()
T7150 551:763.008 - 0.332ms returns FALSE
T7150 551:871.616 JLINK_IsHalted()
T7150 551:872.192 - 0.556ms returns FALSE
T7150 551:872.256 JLINK_IsHalted()
T7150 551:872.704 - 0.441ms returns FALSE
T7150 551:980.928 JLINK_IsHalted()
T7150 551:981.440 - 0.427ms returns FALSE
T7150 551:981.440 JLINK_IsHalted()
T7150 551:981.760 - 0.317ms returns FALSE
T9440 552:083.840 JLINK_IsHalted()
T9440 552:084.352 - 0.488ms returns FALSE
T9440 552:084.480 JLINK_IsHalted()
T9440 552:084.864 - 0.413ms returns FALSE
T7150 552:090.240 JLINK_IsHalted()
T7150 552:090.752 - 0.494ms returns FALSE
T7150 552:090.816 JLINK_IsHalted()
T7150 552:091.264 - 0.408ms returns FALSE
T7150 552:199.680 JLINK_IsHalted()
T7150 552:200.192 - 0.504ms returns FALSE
T7150 552:200.320 JLINK_IsHalted()
T7150 552:200.896 - 0.616ms returns FALSE
T7150 552:309.056 JLINK_IsHalted()
T7150 552:309.504 - 0.451ms returns FALSE
T7150 552:309.632 JLINK_IsHalted()
T7150 552:310.016 - 0.409ms returns FALSE
T7150 552:417.664 JLINK_IsHalted()
T7150 552:418.176 - 0.479ms returns FALSE
T7150 552:418.240 JLINK_IsHalted()
T7150 552:418.688 - 0.433ms returns FALSE
T7150 552:527.424 JLINK_IsHalted()
T7150 552:527.936 - 0.504ms returns FALSE
T7150 552:528.000 JLINK_IsHalted()
T7150 552:528.448 - 0.437ms returns FALSE
T7150 552:636.352 JLINK_IsHalted()
T7150 552:636.800 - 0.464ms returns FALSE
T7150 552:636.928 JLINK_IsHalted()
T7150 552:637.312 - 0.412ms returns FALSE
T7150 552:747.008 JLINK_IsHalted()
T7150 552:747.584 - 0.577ms returns FALSE
T7150 552:747.648 JLINK_IsHalted()
T7150 552:748.032 - 0.376ms returns FALSE
T7150 552:855.616 JLINK_IsHalted()
T7150 552:856.128 - 0.484ms returns FALSE
T7150 552:856.192 JLINK_IsHalted()
T7150 552:856.640 - 0.450ms returns FALSE
T7150 552:964.992 JLINK_IsHalted()
T7150 552:965.504 - 0.477ms returns FALSE
T7150 552:965.504 JLINK_IsHalted()
T7150 552:965.888 - 0.360ms returns FALSE
T7150 553:074.688 JLINK_IsHalted()
T7150 553:075.968 - 1.249ms returns FALSE
T7150 553:076.032 JLINK_IsHalted()
T7150 553:076.544 - 0.478ms returns FALSE
T9440 553:089.152 JLINK_IsHalted()
T9440 553:089.600 - 0.464ms returns FALSE
T9440 553:089.664 JLINK_IsHalted()
T9440 553:089.984 - 0.363ms returns FALSE
T7150 553:183.936 JLINK_IsHalted()
T7150 553:184.384 - 0.481ms returns FALSE
T7150 553:184.512 JLINK_IsHalted()
T7150 553:184.832 - 0.341ms returns FALSE
T7150 553:292.672 JLINK_IsHalted()
T7150 553:293.184 - 0.523ms returns FALSE
T7150 553:293.248 JLINK_IsHalted()
T7150 553:293.696 - 0.388ms returns FALSE
T7150 553:402.752 JLINK_IsHalted()
T7150 553:403.264 - 0.480ms returns FALSE
T7150 553:403.264 JLINK_IsHalted()
T7150 553:403.712 - 0.388ms returns FALSE
T7150 553:511.808 JLINK_IsHalted()
T7150 553:512.256 - 0.476ms returns FALSE
T7150 553:512.320 JLINK_IsHalted()
T7150 553:512.768 - 0.406ms returns FALSE
T7150 553:621.376 JLINK_IsHalted()
T7150 553:621.888 - 0.498ms returns FALSE
T7150 553:621.888 JLINK_IsHalted()
T7150 553:622.400 - 0.443ms returns FALSE
T7150 553:730.624 JLINK_IsHalted()
T7150 553:731.136 - 0.527ms returns FALSE
T7150 553:731.200 JLINK_IsHalted()
T7150 553:731.648 - 0.416ms returns FALSE
T7150 553:840.384 JLINK_IsHalted()
T7150 553:840.896 - 0.521ms returns FALSE
T7150 553:841.024 JLINK_IsHalted()
T7150 553:841.344 - 0.387ms returns FALSE
T7150 553:948.992 JLINK_IsHalted()
T7150 553:949.568 - 0.555ms returns FALSE
T7150 553:949.632 JLINK_IsHalted()
T7150 553:950.080 - 0.459ms returns FALSE
T7150 554:059.136 JLINK_IsHalted()
T7150 554:059.584 - 0.476ms returns FALSE
T7150 554:059.648 JLINK_IsHalted()
T7150 554:060.032 - 0.385ms returns FALSE
T9440 554:090.624 JLINK_IsHalted()
T9440 554:091.136 - 0.516ms returns FALSE
T9440 554:091.136 JLINK_IsHalted()
T9440 554:091.584 - 0.384ms returns FALSE
T7150 554:168.384 JLINK_IsHalted()
T7150 554:168.896 - 0.520ms returns FALSE
T7150 554:168.960 JLINK_IsHalted()
T7150 554:169.344 - 0.385ms returns FALSE
T7150 554:277.504 JLINK_IsHalted()
T7150 554:278.016 - 0.492ms returns FALSE
T7150 554:278.080 JLINK_IsHalted()
T7150 554:278.528 - 0.416ms returns FALSE
T7150 554:386.688 JLINK_IsHalted()
T7150 554:387.200 - 0.493ms returns FALSE
T7150 554:387.264 JLINK_IsHalted()
T7150 554:387.584 - 0.324ms returns FALSE
T7150 554:495.808 JLINK_IsHalted()
T7150 554:496.256 - 0.453ms returns FALSE
T7150 554:496.384 JLINK_IsHalted()
T7150 554:496.640 - 0.341ms returns FALSE
T7150 554:605.376 JLINK_IsHalted()
T7150 554:605.824 - 0.458ms returns FALSE
T7150 554:605.888 JLINK_IsHalted()
T7150 554:606.336 - 0.435ms returns FALSE
T7150 554:714.560 JLINK_IsHalted()
T7150 554:715.008 - 0.447ms returns FALSE
T7150 554:715.072 JLINK_IsHalted()
T7150 554:715.520 - 0.404ms returns FALSE
T7150 554:824.704 JLINK_IsHalted()
T7150 554:825.344 - 0.613ms returns FALSE
T7150 554:825.344 JLINK_IsHalted()
T7150 554:825.792 - 0.409ms returns FALSE
T7150 554:933.504 JLINK_IsHalted()
T7150 554:933.952 - 0.480ms returns FALSE
T7150 554:934.080 JLINK_IsHalted()
T7150 554:934.464 - 0.423ms returns FALSE
T7150 555:042.688 JLINK_IsHalted()
T7150 555:043.264 - 0.593ms returns FALSE
T7150 555:043.328 JLINK_IsHalted()
T7150 555:043.904 - 0.514ms returns FALSE
T9440 555:091.840 JLINK_IsHalted()
T9440 555:092.352 - 0.490ms returns FALSE
T9440 555:092.352 JLINK_IsHalted()
T9440 555:092.800 - 0.402ms returns FALSE
T7150 555:152.768 JLINK_IsHalted()
T7150 555:153.216 - 0.452ms returns FALSE
T7150 555:153.280 JLINK_IsHalted()
T7150 555:153.600 - 0.341ms returns FALSE
T7150 555:261.440 JLINK_IsHalted()
T7150 555:261.952 - 0.555ms returns FALSE
T7150 555:262.080 JLINK_IsHalted()
T7150 555:262.464 - 0.401ms returns FALSE
T7150 555:371.136 JLINK_IsHalted()
T7150 555:371.648 - 0.505ms returns FALSE
T7150 555:371.712 JLINK_IsHalted()
T7150 555:372.096 - 0.398ms returns FALSE
T7150 555:480.320 JLINK_IsHalted()
T7150 555:480.832 - 0.468ms returns FALSE
T7150 555:480.896 JLINK_IsHalted()
T7150 555:481.344 - 0.433ms returns FALSE
T7150 555:590.272 JLINK_IsHalted()
T7150 555:590.784 - 0.468ms returns FALSE
T7150 555:590.848 JLINK_IsHalted()
T7150 555:591.232 - 0.373ms returns FALSE
T7150 555:699.520 JLINK_IsHalted()
T7150 555:699.968 - 0.471ms returns FALSE
T7150 555:700.096 JLINK_IsHalted()
T7150 555:700.352 - 0.348ms returns FALSE
T7150 555:808.640 JLINK_IsHalted()
T7150 555:809.152 - 0.501ms returns FALSE
T7150 555:809.216 JLINK_IsHalted()
T7150 555:809.536 - 0.308ms returns FALSE
T7150 555:917.888 JLINK_IsHalted()
T7150 555:918.400 - 0.532ms returns FALSE
T7150 555:918.464 JLINK_IsHalted()
T7150 555:918.848 - 0.366ms returns FALSE
T7150 556:027.072 JLINK_IsHalted()
T7150 556:027.584 - 0.497ms returns FALSE
T7150 556:027.648 JLINK_IsHalted()
T7150 556:028.032 - 0.379ms returns FALSE
T9440 556:093.696 JLINK_IsHalted()
T9440 556:094.208 - 0.488ms returns FALSE
T9440 556:094.272 JLINK_IsHalted()
T9440 556:094.592 - 0.343ms returns FALSE
T7150 556:136.896 JLINK_IsHalted()
T7150 556:137.344 - 0.468ms returns FALSE
T7150 556:137.408 JLINK_IsHalted()
T7150 556:137.728 - 0.291ms returns FALSE
T7150 556:246.656 JLINK_IsHalted()
T7150 556:247.168 - 0.472ms returns FALSE
T7150 556:247.232 JLINK_IsHalted()
T7150 556:247.680 - 0.416ms returns FALSE
T7150 556:355.520 JLINK_IsHalted()
T7150 556:356.032 - 0.484ms returns FALSE
T7150 556:356.096 JLINK_IsHalted()
T7150 556:356.416 - 0.336ms returns FALSE
T7150 556:464.512 JLINK_IsHalted()
T7150 556:464.960 - 0.451ms returns FALSE
T7150 556:465.024 JLINK_IsHalted()
T7150 556:465.344 - 0.360ms returns FALSE
T7150 556:574.336 JLINK_IsHalted()
T7150 556:574.784 - 0.467ms returns FALSE
T7150 556:574.848 JLINK_IsHalted()
T7150 556:575.232 - 0.382ms returns FALSE
T7150 556:683.520 JLINK_IsHalted()
T7150 556:684.032 - 0.482ms returns FALSE
T7150 556:684.160 JLINK_IsHalted()
T7150 556:684.416 - 0.350ms returns FALSE
T7150 556:793.536 JLINK_IsHalted()
T7150 556:794.112 - 0.557ms returns FALSE
T7150 556:794.176 JLINK_IsHalted()
T7150 556:794.624 - 0.422ms returns FALSE
T7150 556:902.528 JLINK_IsHalted()
T7150 556:902.976 - 0.462ms returns FALSE
T7150 556:903.040 JLINK_IsHalted()
T7150 556:903.424 - 0.371ms returns FALSE
T7150 557:011.520 JLINK_IsHalted()
T7150 557:012.096 - 0.547ms returns FALSE
T7150 557:012.160 JLINK_IsHalted()
T7150 557:012.544 - 0.371ms returns FALSE
T9440 557:104.512 JLINK_IsHalted()
T9440 557:105.088 - 0.546ms returns FALSE
T9440 557:105.216 JLINK_IsHalted()
T9440 557:105.536 - 0.354ms returns FALSE
T7150 557:121.664 JLINK_IsHalted()
T7150 557:122.176 - 0.544ms returns FALSE
T7150 557:122.304 JLINK_IsHalted()
T7150 557:122.688 - 0.400ms returns FALSE
T7150 557:230.528 JLINK_IsHalted()
T7150 557:231.040 - 0.547ms returns FALSE
T7150 557:231.168 JLINK_IsHalted()
T7150 557:231.488 - 0.337ms returns FALSE
T7150 557:340.096 JLINK_IsHalted()
T7150 557:340.608 - 0.505ms returns FALSE
T7150 557:340.672 JLINK_IsHalted()
T7150 557:341.056 - 0.400ms returns FALSE
T7150 557:449.152 JLINK_IsHalted()
T7150 557:449.728 - 0.550ms returns FALSE
T7150 557:449.792 JLINK_IsHalted()
T7150 557:450.240 - 0.452ms returns FALSE
T7150 557:558.912 JLINK_IsHalted()
T7150 557:559.360 - 0.440ms returns FALSE
T7150 557:559.424 JLINK_IsHalted()
T7150 557:559.744 - 0.366ms returns FALSE
T7150 557:667.904 JLINK_IsHalted()
T7150 557:668.352 - 0.450ms returns FALSE
T7150 557:668.480 JLINK_IsHalted()
T7150 557:668.736 - 0.330ms returns FALSE
T7150 557:777.920 JLINK_IsHalted()
T7150 557:778.432 - 0.486ms returns FALSE
T7150 557:778.496 JLINK_IsHalted()
T7150 557:778.816 - 0.327ms returns FALSE
T7150 557:886.848 JLINK_IsHalted()
T7150 557:887.360 - 0.531ms returns FALSE
T7150 557:887.424 JLINK_IsHalted()
T7150 557:887.872 - 0.399ms returns FALSE
T7150 557:996.096 JLINK_IsHalted()
T7150 557:996.608 - 0.518ms returns FALSE
T7150 557:996.672 JLINK_IsHalted()
T7150 557:997.120 - 0.434ms returns FALSE
T7150 558:105.216 JLINK_IsHalted()
T7150 558:105.728 - 0.521ms returns FALSE
T7150 558:105.792 JLINK_IsHalted()
T7150 558:106.240 - 0.404ms returns FALSE
T9440 558:108.032 JLINK_IsHalted()
T9440 558:108.480 - 0.478ms returns FALSE
T9440 558:108.544 JLINK_IsHalted()
T9440 558:108.992 - 0.402ms returns FALSE
T7150 558:214.976 JLINK_IsHalted()
T7150 558:215.552 - 0.585ms returns FALSE
T7150 558:215.616 JLINK_IsHalted()
T7150 558:216.064 - 0.407ms returns FALSE
T7150 558:324.864 JLINK_IsHalted()
T7150 558:325.376 - 0.473ms returns FALSE
T7150 558:325.376 JLINK_IsHalted()
T7150 558:325.824 - 0.396ms returns FALSE
T7150 558:433.664 JLINK_IsHalted()
T7150 558:434.176 - 0.527ms returns FALSE
T7150 558:434.240 JLINK_IsHalted()
T7150 558:434.688 - 0.400ms returns FALSE
T7150 558:543.424 JLINK_IsHalted()
T7150 558:544.000 - 0.568ms returns FALSE
T7150 558:544.064 JLINK_IsHalted()
T7150 558:544.512 - 0.418ms returns FALSE
T7150 558:652.480 JLINK_IsHalted()
T7150 558:653.184 - 0.692ms returns FALSE
T7150 558:653.248 JLINK_IsHalted()
T7150 558:653.632 - 0.382ms returns FALSE
T7150 558:762.112 JLINK_IsHalted()
T7150 558:762.688 - 0.515ms returns FALSE
T7150 558:762.752 JLINK_IsHalted()
T7150 558:763.136 - 0.410ms returns FALSE
T7150 558:870.784 JLINK_IsHalted()
T7150 558:871.296 - 0.488ms returns FALSE
T7150 558:871.424 JLINK_IsHalted()
T7150 558:871.744 - 0.351ms returns FALSE
T7150 558:980.224 JLINK_IsHalted()
T7150 558:980.736 - 0.467ms returns FALSE
T7150 558:980.736 JLINK_IsHalted()
T7150 558:981.184 - 0.399ms returns FALSE
T7150 559:089.536 JLINK_IsHalted()
T7150 559:090.112 - 0.559ms returns FALSE
T7150 559:090.176 JLINK_IsHalted()
T7150 559:090.624 - 0.460ms returns FALSE
T9440 559:113.920 JLINK_IsHalted()
T9440 559:114.368 - 0.472ms returns FALSE
T9440 559:114.496 JLINK_IsHalted()
T9440 559:114.880 - 0.366ms returns FALSE
T7150 559:198.912 JLINK_IsHalted()
T7150 559:199.424 - 0.514ms returns FALSE
T7150 559:199.488 JLINK_IsHalted()
T7150 559:199.936 - 0.462ms returns FALSE
T7150 559:308.672 JLINK_IsHalted()
T7150 559:309.248 - 0.531ms returns FALSE
T7150 559:309.312 JLINK_IsHalted()
T7150 559:309.696 - 0.392ms returns FALSE
T7150 559:417.728 JLINK_IsHalted()
T7150 559:418.240 - 0.476ms returns FALSE
T7150 559:418.368 JLINK_IsHalted()
T7150 559:418.752 - 0.387ms returns FALSE
T7150 559:527.168 JLINK_IsHalted()
T7150 559:527.616 - 0.495ms returns FALSE
T7150 559:527.744 JLINK_IsHalted()
T7150 559:528.128 - 0.388ms returns FALSE
T7150 559:636.416 JLINK_IsHalted()
T7150 559:636.928 - 0.541ms returns FALSE
T7150 559:637.056 JLINK_IsHalted()
T7150 559:637.440 - 0.391ms returns FALSE
T7150 559:746.496 JLINK_IsHalted()
T7150 559:747.008 - 0.499ms returns FALSE
T7150 559:747.072 JLINK_IsHalted()
T7150 559:747.392 - 0.327ms returns FALSE
T7150 559:855.744 JLINK_IsHalted()
T7150 559:856.256 - 0.475ms returns FALSE
T7150 559:856.256 JLINK_IsHalted()
T7150 559:856.640 - 0.354ms returns FALSE
T7150 559:964.544 JLINK_IsHalted()
T7150 559:964.992 - 0.434ms returns FALSE
T7150 559:965.056 JLINK_IsHalted()
T7150 559:965.312 - 0.295ms returns FALSE
T7150 560:074.752 JLINK_IsHalted()
T7150 560:075.200 - 0.495ms returns FALSE
T7150 560:075.264 JLINK_IsHalted()
T7150 560:075.648 - 0.371ms returns FALSE
T9440 560:115.968 JLINK_IsHalted()
T9440 560:116.352 - 0.433ms returns FALSE
T9440 560:116.480 JLINK_IsHalted()
T9440 560:116.864 - 0.406ms returns FALSE
T7150 560:185.728 JLINK_IsHalted()
T7150 560:186.176 - 0.473ms returns FALSE
T7150 560:186.240 JLINK_IsHalted()
T7150 560:186.560 - 0.320ms returns FALSE
T7150 560:293.376 JLINK_IsHalted()
T7150 560:293.824 - 0.439ms returns FALSE
T7150 560:293.888 JLINK_IsHalted()
T7150 560:294.272 - 0.387ms returns FALSE
T7150 560:402.048 JLINK_IsHalted()
T7150 560:402.560 - 0.451ms returns FALSE
T7150 560:402.560 JLINK_IsHalted()
T7150 560:402.944 - 0.380ms returns FALSE
T7150 560:512.128 JLINK_IsHalted()
T7150 560:512.640 - 0.464ms returns FALSE
T7150 560:512.640 JLINK_IsHalted()
T7150 560:513.024 - 0.343ms returns FALSE
T7150 560:622.272 JLINK_IsHalted()
T7150 560:622.784 - 0.519ms returns FALSE
T7150 560:622.912 JLINK_IsHalted()
T7150 560:623.296 - 0.429ms returns FALSE
T7150 560:731.072 JLINK_IsHalted()
T7150 560:731.520 - 0.489ms returns FALSE
T7150 560:731.584 JLINK_IsHalted()
T7150 560:732.032 - 0.466ms returns FALSE
T7150 560:840.000 JLINK_IsHalted()
T7150 560:840.512 - 0.514ms returns FALSE
T7150 560:840.576 JLINK_IsHalted()
T7150 560:840.896 - 0.321ms returns FALSE
T7150 560:949.696 JLINK_IsHalted()
T7150 560:950.208 - 0.491ms returns FALSE
T7150 560:950.272 JLINK_IsHalted()
T7150 560:950.656 - 0.419ms returns FALSE
T7150 561:059.200 JLINK_IsHalted()
T7150 561:059.648 - 0.505ms returns FALSE
T7150 561:059.712 JLINK_IsHalted()
T7150 561:060.160 - 0.441ms returns FALSE
T9440 561:117.824 JLINK_IsHalted()
T9440 561:118.336 - 0.508ms returns FALSE
T9440 561:118.336 JLINK_IsHalted()
T9440 561:118.848 - 0.518ms returns FALSE
T7150 561:167.744 JLINK_IsHalted()
T7150 561:168.192 - 0.419ms returns FALSE
T7150 561:168.256 JLINK_IsHalted()
T7150 561:168.640 - 0.399ms returns FALSE
T7150 561:278.336 JLINK_IsHalted()
T7150 561:278.720 - 0.430ms returns FALSE
T7150 561:278.848 JLINK_IsHalted()
T7150 561:279.104 - 0.326ms returns FALSE
T7150 561:387.072 JLINK_IsHalted()
T7150 561:387.584 - 0.492ms returns FALSE
T7150 561:387.648 JLINK_IsHalted()
T7150 561:388.096 - 0.465ms returns FALSE
T7150 561:496.320 JLINK_IsHalted()
T7150 561:496.768 - 0.453ms returns FALSE
T7150 561:496.832 JLINK_IsHalted()
T7150 561:497.280 - 0.465ms returns FALSE
T7150 561:605.888 JLINK_IsHalted()
T7150 561:606.336 - 0.453ms returns FALSE
T7150 561:606.400 JLINK_IsHalted()
T7150 561:606.784 - 0.368ms returns FALSE
T7150 561:715.136 JLINK_IsHalted()
T7150 561:715.712 - 0.552ms returns FALSE
T7150 561:715.776 JLINK_IsHalted()
T7150 561:716.096 - 0.365ms returns FALSE
T7150 561:824.384 JLINK_IsHalted()
T7150 561:824.896 - 0.509ms returns FALSE
T7150 561:824.960 JLINK_IsHalted()
T7150 561:825.408 - 0.384ms returns FALSE
T7150 561:933.440 JLINK_IsHalted()
T7150 561:933.952 - 0.521ms returns FALSE
T7150 561:934.016 JLINK_IsHalted()
T7150 561:934.464 - 0.432ms returns FALSE
T7150 562:043.712 JLINK_IsHalted()
T7150 562:044.160 - 0.449ms returns FALSE
T7150 562:044.288 JLINK_IsHalted()
T7150 562:044.608 - 0.388ms returns FALSE
T9440 562:119.296 JLINK_IsHalted()
T9440 562:119.808 - 0.555ms returns FALSE
T9440 562:119.936 JLINK_IsHalted()
T9440 562:120.320 - 0.375ms returns FALSE
T7150 562:152.064 JLINK_IsHalted()
T7150 562:152.576 - 0.476ms returns FALSE
T7150 562:152.576 JLINK_IsHalted()
T7150 562:152.960 - 0.368ms returns FALSE
T7150 562:261.888 JLINK_IsHalted()
T7150 562:262.336 - 0.505ms returns FALSE
T7150 562:262.400 JLINK_IsHalted()
T7150 562:262.912 - 0.487ms returns FALSE
T7150 562:371.072 JLINK_IsHalted()
T7150 562:371.648 - 0.552ms returns FALSE
T7150 562:371.712 JLINK_IsHalted()
T7150 562:372.096 - 0.439ms returns FALSE
T7150 562:480.768 JLINK_IsHalted()
T7150 562:481.280 - 0.498ms returns FALSE
T7150 562:481.280 JLINK_IsHalted()
T7150 562:481.728 - 0.395ms returns FALSE
T7150 562:589.504 JLINK_IsHalted()
T7150 562:589.952 - 0.452ms returns FALSE
T7150 562:590.016 JLINK_IsHalted()
T7150 562:590.400 - 0.378ms returns FALSE
T7150 562:699.520 JLINK_IsHalted()
T7150 562:699.968 - 0.444ms returns FALSE
T7150 562:700.032 JLINK_IsHalted()
T7150 562:700.416 - 0.382ms returns FALSE
T7150 562:808.960 JLINK_IsHalted()
T7150 562:809.472 - 0.510ms returns FALSE
T7150 562:809.472 JLINK_IsHalted()
T7150 562:809.920 - 0.417ms returns FALSE
T7150 562:918.656 JLINK_IsHalted()
T7150 562:919.168 - 0.536ms returns FALSE
T7150 562:919.296 JLINK_IsHalted()
T7150 562:919.552 - 0.348ms returns FALSE
T7150 563:027.840 JLINK_IsHalted()
T7150 563:028.352 - 0.496ms returns FALSE
T7150 563:028.352 JLINK_IsHalted()
T7150 563:028.864 - 0.454ms returns FALSE
T9440 563:120.512 JLINK_IsHalted()
T9440 563:121.024 - 0.482ms returns FALSE
T9440 563:121.088 JLINK_IsHalted()
T9440 563:121.536 - 0.478ms returns FALSE
T7150 563:137.344 JLINK_IsHalted()
T7150 563:137.856 - 0.502ms returns FALSE
T7150 563:137.920 JLINK_IsHalted()
T7150 563:138.240 - 0.328ms returns FALSE
T7150 563:246.080 JLINK_IsHalted()
T7150 563:246.528 - 0.490ms returns FALSE
T7150 563:246.592 JLINK_IsHalted()
T7150 563:247.040 - 0.414ms returns FALSE
T7150 563:355.520 JLINK_IsHalted()
T7150 563:356.032 - 0.460ms returns FALSE
T7150 563:356.032 JLINK_IsHalted()
T7150 563:356.416 - 0.376ms returns FALSE
T7150 563:464.448 JLINK_IsHalted()
T7150 563:465.024 - 0.538ms returns FALSE
T7150 563:465.088 JLINK_IsHalted()
T7150 563:465.600 - 0.542ms returns FALSE
T7150 563:574.656 JLINK_IsHalted()
T7150 563:575.168 - 0.479ms returns FALSE
T7150 563:575.168 JLINK_IsHalted()
T7150 563:575.616 - 0.392ms returns FALSE
T7150 563:683.392 JLINK_IsHalted()
T7150 563:683.840 - 0.458ms returns FALSE
T7150 563:683.968 JLINK_IsHalted()
T7150 563:684.416 - 0.460ms returns FALSE
T7150 563:792.896 JLINK_IsHalted()
T7150 563:793.280 - 0.421ms returns FALSE
T7150 563:793.344 JLINK_IsHalted()
T7150 563:793.728 - 0.351ms returns FALSE
T7150 563:902.400 JLINK_IsHalted()
T7150 563:902.848 - 0.451ms returns FALSE
T7150 563:902.912 JLINK_IsHalted()
T7150 563:903.296 - 0.359ms returns FALSE
T7150 564:011.904 JLINK_IsHalted()
T7150 564:012.544 - 0.630ms returns FALSE
T7150 564:012.608 JLINK_IsHalted()
T7150 564:012.928 - 0.353ms returns FALSE
T7150 564:120.704 JLINK_IsHalted()
T7150 564:121.152 - 0.445ms returns FALSE
T7150 564:121.216 JLINK_IsHalted()
T7150 564:121.600 - 0.411ms returns FALSE
T9440 564:123.264 JLINK_IsHalted()
T9440 564:123.648 - 0.419ms returns FALSE
T9440 564:123.712 JLINK_IsHalted()
T9440 564:124.032 - 0.362ms returns FALSE
T7150 564:231.040 JLINK_IsHalted()
T7150 564:231.552 - 0.528ms returns FALSE
T7150 564:231.680 JLINK_IsHalted()
T7150 564:232.064 - 0.409ms returns FALSE
T7150 564:339.712 JLINK_IsHalted()
T7150 564:340.160 - 0.485ms returns FALSE
T7150 564:340.224 JLINK_IsHalted()
T7150 564:340.608 - 0.383ms returns FALSE
T7150 564:449.344 JLINK_IsHalted()
T7150 564:449.792 - 0.466ms returns FALSE
T7150 564:449.920 JLINK_IsHalted()
T7150 564:450.304 - 0.417ms returns FALSE
T7150 564:558.400 JLINK_IsHalted()
T7150 564:558.912 - 0.503ms returns FALSE
T7150 564:558.976 JLINK_IsHalted()
T7150 564:559.424 - 0.405ms returns FALSE
T7150 564:668.288 JLINK_IsHalted()
T7150 564:668.800 - 0.514ms returns FALSE
T7150 564:668.800 JLINK_IsHalted()
T7150 564:669.312 - 0.501ms returns FALSE
T7150 564:777.856 JLINK_IsHalted()
T7150 564:778.624 - 0.741ms returns FALSE
T7150 564:778.688 JLINK_IsHalted()
T7150 564:779.072 - 0.366ms returns FALSE
T7150 564:886.848 JLINK_IsHalted()
T7150 564:887.360 - 0.492ms returns FALSE
T7150 564:887.424 JLINK_IsHalted()
T7150 564:887.808 - 0.403ms returns FALSE
T7150 564:995.904 JLINK_IsHalted()
T7150 564:996.416 - 0.466ms returns FALSE
T7150 564:996.480 JLINK_IsHalted()
T7150 564:996.800 - 0.372ms returns FALSE
T7150 565:105.216 JLINK_IsHalted()
T7150 565:105.728 - 0.536ms returns FALSE
T7150 565:105.792 JLINK_IsHalted()
T7150 565:106.176 - 0.386ms returns FALSE
T9440 565:124.608 JLINK_IsHalted()
T9440 565:124.992 - 0.427ms returns FALSE
T9440 565:125.056 JLINK_IsHalted()
T9440 565:125.504 - 0.390ms returns FALSE
T7150 565:215.424 JLINK_IsHalted()
T7150 565:215.872 - 0.444ms returns FALSE
T7150 565:215.936 JLINK_IsHalted()
T7150 565:216.384 - 0.429ms returns FALSE
T7150 565:324.672 JLINK_IsHalted()
T7150 565:325.056 - 0.440ms returns FALSE
T7150 565:325.184 JLINK_IsHalted()
T7150 565:325.696 - 0.526ms returns FALSE
T7150 565:433.728 JLINK_IsHalted()
T7150 565:434.176 - 0.416ms returns FALSE
T7150 565:434.240 JLINK_IsHalted()
T7150 565:434.560 - 0.344ms returns FALSE
T7150 565:542.848 JLINK_IsHalted()
T7150 565:543.296 - 0.450ms returns FALSE
T7150 565:543.360 JLINK_IsHalted()
T7150 565:543.680 - 0.301ms returns FALSE
T7150 565:652.864 JLINK_IsHalted()
T7150 565:653.376 - 0.515ms returns FALSE
T7150 565:653.440 JLINK_IsHalted()
T7150 565:653.888 - 0.410ms returns FALSE
T7150 565:761.792 JLINK_IsHalted()
T7150 565:762.432 - 0.576ms returns FALSE
T7150 565:762.432 JLINK_IsHalted()
T7150 565:762.944 - 0.483ms returns FALSE
T7150 565:871.488 JLINK_IsHalted()
T7150 565:872.000 - 0.479ms returns FALSE
T7150 565:872.000 JLINK_IsHalted()
T7150 565:872.576 - 0.541ms returns FALSE
T7150 565:980.160 JLINK_IsHalted()
T7150 565:980.672 - 0.540ms returns FALSE
T7150 565:980.800 JLINK_IsHalted()
T7150 565:981.312 - 0.462ms returns FALSE
T7150 566:089.600 JLINK_IsHalted()
T7150 566:090.112 - 0.513ms returns FALSE
T7150 566:090.176 JLINK_IsHalted()
T7150 566:090.624 - 0.378ms returns FALSE
T9440 566:125.696 JLINK_IsHalted()
T9440 566:126.208 - 0.515ms returns FALSE
T9440 566:126.208 JLINK_IsHalted()
T9440 566:126.720 - 0.466ms returns FALSE
T7150 566:199.744 JLINK_IsHalted()
T7150 566:200.192 - 0.494ms returns FALSE
T7150 566:200.320 JLINK_IsHalted()
T7150 566:200.640 - 0.352ms returns FALSE
T7150 566:308.672 JLINK_IsHalted()
T7150 566:308.992 - 0.364ms returns FALSE
T7150 566:309.056 JLINK_IsHalted()
T7150 566:309.440 - 0.364ms returns FALSE
T7150 566:417.664 JLINK_IsHalted()
T7150 566:418.304 - 0.620ms returns FALSE
T7150 566:418.368 JLINK_IsHalted()
T7150 566:418.752 - 0.394ms returns FALSE
T7150 566:527.808 JLINK_IsHalted()
T7150 566:528.128 - 0.403ms returns FALSE
T7150 566:528.256 JLINK_IsHalted()
T7150 566:528.640 - 0.334ms returns FALSE
T7150 566:636.672 JLINK_IsHalted()
T7150 566:637.120 - 0.465ms returns FALSE
T7150 566:637.184 JLINK_IsHalted()
T7150 566:637.632 - 0.455ms returns FALSE
T7150 566:746.688 JLINK_IsHalted()
T7150 566:747.136 - 0.475ms returns FALSE
T7150 566:747.200 JLINK_IsHalted()
T7150 566:747.520 - 0.354ms returns FALSE
T7150 566:855.616 JLINK_IsHalted()
T7150 566:856.192 - 0.532ms returns FALSE
T7150 566:856.256 JLINK_IsHalted()
T7150 566:856.640 - 0.435ms returns FALSE
T7150 566:965.376 JLINK_IsHalted()
T7150 566:965.888 - 0.493ms returns FALSE
T7150 566:965.952 JLINK_IsHalted()
T7150 566:966.336 - 0.380ms returns FALSE
T7150 567:074.176 JLINK_IsHalted()
T7150 567:074.688 - 0.422ms returns FALSE
T7150 567:074.688 JLINK_IsHalted()
T7150 567:075.008 - 0.329ms returns FALSE
T9440 567:127.296 JLINK_IsHalted()
T9440 567:127.808 - 0.499ms returns FALSE
T9440 567:128.000 JLINK_IsHalted()
T9440 567:128.448 - 0.411ms returns FALSE
T7150 567:183.552 JLINK_IsHalted()
T7150 567:184.000 - 0.488ms returns FALSE
T7150 567:184.128 JLINK_IsHalted()
T7150 567:184.512 - 0.338ms returns FALSE
T7150 567:294.080 JLINK_IsHalted()
T7150 567:294.528 - 0.455ms returns FALSE
T7150 567:294.592 JLINK_IsHalted()
T7150 567:294.912 - 0.354ms returns FALSE
T7150 567:402.368 JLINK_IsHalted()
T7150 567:402.880 - 0.475ms returns FALSE
T7150 567:402.880 JLINK_IsHalted()
T7150 567:403.392 - 0.535ms returns FALSE
T7150 567:511.680 JLINK_IsHalted()
T7150 567:512.192 - 0.562ms returns FALSE
T7150 567:512.320 JLINK_IsHalted()
T7150 567:512.704 - 0.362ms returns FALSE
T7150 567:621.760 JLINK_IsHalted()
T7150 567:622.336 - 0.636ms returns FALSE
T7150 567:622.464 JLINK_IsHalted()
T7150 567:622.848 - 0.392ms returns FALSE
T7150 567:730.688 JLINK_IsHalted()
T7150 567:731.136 - 0.489ms returns FALSE
T7150 567:731.264 JLINK_IsHalted()
T7150 567:731.648 - 0.450ms returns FALSE
T7150 567:840.128 JLINK_IsHalted()
T7150 567:840.640 - 0.466ms returns FALSE
T7150 567:840.704 JLINK_IsHalted()
T7150 567:841.152 - 0.427ms returns FALSE
T7150 567:949.824 JLINK_IsHalted()
T7150 567:950.336 - 0.499ms returns FALSE
T7150 567:950.464 JLINK_IsHalted()
T7150 567:950.784 - 0.368ms returns FALSE
T7150 568:059.008 JLINK_IsHalted()
T7150 568:059.520 - 0.464ms returns FALSE
T7150 568:059.584 JLINK_IsHalted()
T7150 568:060.096 - 0.515ms returns FALSE
T9440 568:128.768 JLINK_IsHalted()
T9440 568:129.280 - 0.541ms returns FALSE
T9440 568:129.408 JLINK_IsHalted()
T9440 568:129.792 - 0.402ms returns FALSE
T7150 568:167.552 JLINK_IsHalted()
T7150 568:168.064 - 0.508ms returns FALSE
T7150 568:168.192 JLINK_IsHalted()
T7150 568:168.576 - 0.346ms returns FALSE
T7150 568:277.440 JLINK_IsHalted()
T7150 568:277.952 - 0.529ms returns FALSE
T7150 568:278.080 JLINK_IsHalted()
T7150 568:278.400 - 0.376ms returns FALSE
T7150 568:386.496 JLINK_IsHalted()
T7150 568:386.944 - 0.474ms returns FALSE
T7150 568:387.072 JLINK_IsHalted()
T7150 568:387.520 - 0.424ms returns FALSE
T7150 568:495.936 JLINK_IsHalted()
T7150 568:496.384 - 0.442ms returns FALSE
T7150 568:496.384 JLINK_IsHalted()
T7150 568:496.768 - 0.342ms returns FALSE
T7150 568:605.248 JLINK_IsHalted()
T7150 568:605.760 - 0.509ms returns FALSE
T7150 568:605.824 JLINK_IsHalted()
T7150 568:606.208 - 0.378ms returns FALSE
T7150 568:714.496 JLINK_IsHalted()
T7150 568:715.008 - 0.473ms returns FALSE
T7150 568:715.072 JLINK_IsHalted()
T7150 568:715.392 - 0.359ms returns FALSE
T7150 568:825.216 JLINK_IsHalted()
T7150 568:825.728 - 0.448ms returns FALSE
T7150 568:825.728 JLINK_IsHalted()
T7150 568:826.048 - 0.334ms returns FALSE
T7150 568:934.080 JLINK_IsHalted()
T7150 568:934.592 - 0.501ms returns FALSE
T7150 568:934.656 JLINK_IsHalted()
T7150 568:935.040 - 0.424ms returns FALSE
T7150 569:042.688 JLINK_IsHalted()
T7150 569:043.264 - 0.548ms returns FALSE
T7150 569:043.328 JLINK_IsHalted()
T7150 569:043.712 - 0.365ms returns FALSE
T9440 569:129.856 JLINK_IsHalted()
T9440 569:130.304 - 0.470ms returns FALSE
T9440 569:130.368 JLINK_IsHalted()
T9440 569:130.688 - 0.348ms returns FALSE
T7150 569:152.320 JLINK_IsHalted()
T7150 569:152.832 - 0.510ms returns FALSE
T7150 569:152.896 JLINK_IsHalted()
T7150 569:153.280 - 0.362ms returns FALSE
T7150 569:263.232 JLINK_IsHalted()
T7150 569:263.616 - 0.411ms returns FALSE
T7150 569:263.680 JLINK_IsHalted()
T7150 569:264.064 - 0.422ms returns FALSE
T7150 569:371.520 JLINK_IsHalted()
T7150 569:372.032 - 0.494ms returns FALSE
T7150 569:372.096 JLINK_IsHalted()
T7150 569:372.544 - 0.387ms returns FALSE
T7150 569:481.344 JLINK_IsHalted()
T7150 569:481.792 - 0.446ms returns FALSE
T7150 569:481.856 JLINK_IsHalted()
T7150 569:482.176 - 0.386ms returns FALSE
T7150 569:589.632 JLINK_IsHalted()
T7150 569:590.144 - 0.533ms returns FALSE
T7150 569:590.208 JLINK_IsHalted()
T7150 569:590.592 - 0.362ms returns FALSE
T7150 569:699.584 JLINK_IsHalted()
T7150 569:700.160 - 0.584ms returns FALSE
T7150 569:700.224 JLINK_IsHalted()
T7150 569:700.608 - 0.371ms returns FALSE
T7150 569:809.216 JLINK_IsHalted()
T7150 569:809.728 - 0.482ms returns FALSE
T7150 569:809.728 JLINK_IsHalted()
T7150 569:810.048 - 0.315ms returns FALSE
T7150 569:917.888 JLINK_IsHalted()
T7150 569:918.336 - 0.420ms returns FALSE
T7150 569:918.336 JLINK_IsHalted()
T7150 569:918.720 - 0.338ms returns FALSE
T7150 570:027.008 JLINK_IsHalted()
T7150 570:027.584 - 0.571ms returns FALSE
T7150 570:027.648 JLINK_IsHalted()
T7150 570:028.160 - 0.514ms returns FALSE
T9440 570:131.968 JLINK_IsHalted()
T9440 570:132.416 - 0.484ms returns FALSE
T9440 570:132.480 JLINK_IsHalted()
T9440 570:132.864 - 0.398ms returns FALSE
T7150 570:136.576 JLINK_IsHalted()
T7150 570:137.088 - 0.495ms returns FALSE
T7150 570:137.152 JLINK_IsHalted()
T7150 570:137.472 - 0.360ms returns FALSE
T7150 570:246.720 JLINK_IsHalted()
T7150 570:247.296 - 0.618ms returns FALSE
T7150 570:247.360 JLINK_IsHalted()
T7150 570:247.808 - 0.460ms returns FALSE
T7150 570:355.264 JLINK_IsHalted()
T7150 570:355.712 - 0.487ms returns FALSE
T7150 570:355.776 JLINK_IsHalted()
T7150 570:356.160 - 0.373ms returns FALSE
T7150 570:465.216 JLINK_IsHalted()
T7150 570:465.728 - 0.547ms returns FALSE
T7150 570:465.792 JLINK_IsHalted()
T7150 570:466.176 - 0.353ms returns FALSE
T7150 570:574.656 JLINK_IsHalted()
T7150 570:575.104 - 0.460ms returns FALSE
T7150 570:575.168 JLINK_IsHalted()
T7150 570:575.488 - 0.334ms returns FALSE
T7150 570:683.584 JLINK_IsHalted()
T7150 570:684.032 - 0.445ms returns FALSE
T7150 570:684.096 JLINK_IsHalted()
T7150 570:684.544 - 0.427ms returns FALSE
T7150 570:793.344 JLINK_IsHalted()
T7150 570:793.856 - 0.478ms returns FALSE
T7150 570:793.920 JLINK_IsHalted()
T7150 570:794.304 - 0.360ms returns FALSE
T7150 570:903.168 JLINK_IsHalted()
T7150 570:903.744 - 0.540ms returns FALSE
T7150 570:903.808 JLINK_IsHalted()
T7150 570:904.128 - 0.312ms returns FALSE
T7150 571:011.456 JLINK_IsHalted()
T7150 571:011.904 - 0.456ms returns FALSE
T7150 571:011.968 JLINK_IsHalted()
T7150 571:012.288 - 0.333ms returns FALSE
T7150 571:121.536 JLINK_IsHalted()
T7150 571:122.112 - 0.619ms returns FALSE
T7150 571:122.176 JLINK_IsHalted()
T7150 571:122.560 - 0.351ms returns FALSE
T9440 571:133.312 JLINK_IsHalted()
T9440 571:133.696 - 0.425ms returns FALSE
T9440 571:133.824 JLINK_IsHalted()
T9440 571:134.080 - 0.346ms returns FALSE
T7150 571:231.360 JLINK_IsHalted()
T7150 571:231.872 - 0.526ms returns FALSE
T7150 571:231.872 JLINK_IsHalted()
T7150 571:232.128 - 0.285ms returns FALSE
T7150 571:339.904 JLINK_IsHalted()
T7150 571:340.352 - 0.432ms returns FALSE
T7150 571:340.416 JLINK_IsHalted()
T7150 571:340.864 - 0.401ms returns FALSE
T7150 571:449.728 JLINK_IsHalted()
T7150 571:450.240 - 0.560ms returns FALSE
T7150 571:450.368 JLINK_IsHalted()
T7150 571:450.752 - 0.441ms returns FALSE
T7150 571:559.104 JLINK_IsHalted()
T7150 571:559.552 - 0.475ms returns FALSE
T7150 571:559.680 JLINK_IsHalted()
T7150 571:560.000 - 0.353ms returns FALSE
T7150 571:668.416 JLINK_IsHalted()
T7150 571:668.992 - 0.548ms returns FALSE
T7150 571:669.056 JLINK_IsHalted()
T7150 571:669.376 - 0.356ms returns FALSE
T7150 571:777.920 JLINK_IsHalted()
T7150 571:778.432 - 0.513ms returns FALSE
T7150 571:778.496 JLINK_IsHalted()
T7150 571:778.944 - 0.393ms returns FALSE
T7150 571:886.976 JLINK_IsHalted()
T7150 571:887.488 - 0.579ms returns FALSE
T7150 571:887.616 JLINK_IsHalted()
T7150 571:888.000 - 0.375ms returns FALSE
T7150 571:996.288 JLINK_IsHalted()
T7150 571:996.800 - 0.513ms returns FALSE
T7150 571:996.800 JLINK_IsHalted()
T7150 571:997.184 - 0.332ms returns FALSE
T7150 572:105.984 JLINK_IsHalted()
T7150 572:106.496 - 0.518ms returns FALSE
T7150 572:106.624 JLINK_IsHalted()
T7150 572:106.944 - 0.353ms returns FALSE
T9440 572:134.592 JLINK_IsHalted()
T9440 572:135.040 - 0.453ms returns FALSE
T9440 572:135.104 JLINK_IsHalted()
T9440 572:135.552 - 0.394ms returns FALSE
T7150 572:214.592 JLINK_IsHalted()
T7150 572:215.040 - 0.463ms returns FALSE
T7150 572:215.168 JLINK_IsHalted()
T7150 572:215.424 - 0.314ms returns FALSE
T7150 572:324.480 JLINK_IsHalted()
T7150 572:324.992 - 0.568ms returns FALSE
T7150 572:325.056 JLINK_IsHalted()
T7150 572:325.504 - 0.401ms returns FALSE
T7150 572:434.048 JLINK_IsHalted()
T7150 572:434.560 - 0.459ms returns FALSE
T7150 572:434.624 JLINK_IsHalted()
T7150 572:435.008 - 0.380ms returns FALSE
T7150 572:542.848 JLINK_IsHalted()
T7150 572:543.296 - 0.444ms returns FALSE
T7150 572:543.360 JLINK_IsHalted()
T7150 572:543.744 - 0.371ms returns FALSE
T7150 572:652.288 JLINK_IsHalted()
T7150 572:652.800 - 0.505ms returns FALSE
T7150 572:652.864 JLINK_IsHalted()
T7150 572:653.312 - 0.458ms returns FALSE
T7150 572:761.984 JLINK_IsHalted()
T7150 572:762.432 - 0.429ms returns FALSE
T7150 572:762.496 JLINK_IsHalted()
T7150 572:762.816 - 0.378ms returns FALSE
T7150 572:870.912 JLINK_IsHalted()
T7150 572:871.424 - 0.509ms returns FALSE
T7150 572:871.552 JLINK_IsHalted()
T7150 572:872.000 - 0.477ms returns FALSE
T7150 572:981.120 JLINK_IsHalted()
T7150 572:981.632 - 0.505ms returns FALSE
T7150 572:981.632 JLINK_IsHalted()
T7150 572:982.016 - 0.366ms returns FALSE
T7150 573:090.112 JLINK_IsHalted()
T7150 573:090.624 - 0.508ms returns FALSE
T7150 573:090.688 JLINK_IsHalted()
T7150 573:091.072 - 0.395ms returns FALSE
T9440 573:136.256 JLINK_IsHalted()
T9440 573:136.832 - 0.534ms returns FALSE
T9440 573:136.896 JLINK_IsHalted()
T9440 573:137.280 - 0.343ms returns FALSE
T7150 573:199.040 JLINK_IsHalted()
T7150 573:199.552 - 0.504ms returns FALSE
T7150 573:199.616 JLINK_IsHalted()
T7150 573:200.000 - 0.399ms returns FALSE
T7150 573:308.544 JLINK_IsHalted()
T7150 573:308.992 - 0.468ms returns FALSE
T7150 573:309.056 JLINK_IsHalted()
T7150 573:309.440 - 0.359ms returns FALSE
T7150 573:418.560 JLINK_IsHalted()
T7150 573:419.072 - 0.467ms returns FALSE
T7150 573:419.136 JLINK_IsHalted()
T7150 573:419.520 - 0.399ms returns FALSE
T7150 573:527.360 JLINK_IsHalted()
T7150 573:527.872 - 0.467ms returns FALSE
T7150 573:527.936 JLINK_IsHalted()
T7150 573:528.320 - 0.357ms returns FALSE
T7150 573:637.184 JLINK_IsHalted()
T7150 573:637.632 - 0.465ms returns FALSE
T7150 573:637.696 JLINK_IsHalted()
T7150 573:638.016 - 0.314ms returns FALSE
T7150 573:745.920 JLINK_IsHalted()
T7150 573:746.432 - 0.514ms returns FALSE
T7150 573:746.560 JLINK_IsHalted()
T7150 573:746.944 - 0.411ms returns FALSE
T7150 573:855.296 JLINK_IsHalted()
T7150 573:855.808 - 0.516ms returns FALSE
T7150 573:855.872 JLINK_IsHalted()
T7150 573:856.256 - 0.355ms returns FALSE
T7150 573:965.440 JLINK_IsHalted()
T7150 573:965.952 - 0.469ms returns FALSE
T7150 573:965.952 JLINK_IsHalted()
T7150 573:966.400 - 0.374ms returns FALSE
T7150 574:074.560 JLINK_IsHalted()
T7150 574:075.008 - 0.435ms returns FALSE
T7150 574:075.072 JLINK_IsHalted()
T7150 574:075.520 - 0.383ms returns FALSE
T9440 574:141.056 JLINK_IsHalted()
T9440 574:141.504 - 0.453ms returns FALSE
T9440 574:141.568 JLINK_IsHalted()
T9440 574:141.952 - 0.356ms returns FALSE
T7150 574:183.936 JLINK_IsHalted()
T7150 574:184.384 - 0.431ms returns FALSE
T7150 574:184.448 JLINK_IsHalted()
T7150 574:184.832 - 0.347ms returns FALSE
T7150 574:292.992 JLINK_IsHalted()
T7150 574:293.568 - 0.558ms returns FALSE
T7150 574:293.632 JLINK_IsHalted()
T7150 574:294.080 - 0.417ms returns FALSE
T7150 574:402.176 JLINK_IsHalted()
T7150 574:402.688 - 0.546ms returns FALSE
T7150 574:402.816 JLINK_IsHalted()
T7150 574:403.200 - 0.406ms returns FALSE
T7150 574:512.000 JLINK_IsHalted()
T7150 574:512.512 - 0.487ms returns FALSE
T7150 574:512.512 JLINK_IsHalted()
T7150 574:512.896 - 0.364ms returns FALSE
T7150 574:620.736 JLINK_IsHalted()
T7150 574:621.248 - 0.501ms returns FALSE
T7150 574:621.312 JLINK_IsHalted()
T7150 574:621.632 - 0.361ms returns FALSE
T7150 574:730.688 JLINK_IsHalted()
T7150 574:731.136 - 0.483ms returns FALSE
T7150 574:731.200 JLINK_IsHalted()
T7150 574:731.648 - 0.396ms returns FALSE
T7150 574:839.680 JLINK_IsHalted()
T7150 574:840.128 - 0.466ms returns FALSE
T7150 574:840.192 JLINK_IsHalted()
T7150 574:840.512 - 0.311ms returns FALSE
T7150 574:948.992 JLINK_IsHalted()
T7150 574:949.440 - 0.432ms returns FALSE
T7150 574:949.504 JLINK_IsHalted()
T7150 574:949.824 - 0.312ms returns FALSE
T7150 575:058.432 JLINK_IsHalted()
T7150 575:059.008 - 0.526ms returns FALSE
T7150 575:059.072 JLINK_IsHalted()
T7150 575:059.392 - 0.388ms returns FALSE
T9440 575:144.896 JLINK_IsHalted()
T9440 575:145.344 - 0.465ms returns FALSE
T9440 575:145.472 JLINK_IsHalted()
T9440 575:145.984 - 0.469ms returns FALSE
T7150 575:168.128 JLINK_IsHalted()
T7150 575:168.640 - 0.487ms returns FALSE
T7150 575:168.640 JLINK_IsHalted()
T7150 575:168.960 - 0.313ms returns FALSE
T7150 575:277.056 JLINK_IsHalted()
T7150 575:277.568 - 0.519ms returns FALSE
T7150 575:277.632 JLINK_IsHalted()
T7150 575:278.080 - 0.420ms returns FALSE
T7150 575:386.816 JLINK_IsHalted()
T7150 575:387.264 - 0.445ms returns FALSE
T7150 575:387.392 JLINK_IsHalted()
T7150 575:387.776 - 0.383ms returns FALSE
T7150 575:496.704 JLINK_IsHalted()
T7150 575:497.152 - 0.499ms returns FALSE
T7150 575:497.280 JLINK_IsHalted()
T7150 575:497.600 - 0.377ms returns FALSE
T7150 575:606.080 JLINK_IsHalted()
T7150 575:606.656 - 0.566ms returns FALSE
T7150 575:606.720 JLINK_IsHalted()
T7150 575:607.168 - 0.406ms returns FALSE
T7150 575:716.096 JLINK_IsHalted()
T7150 575:716.608 - 0.512ms returns FALSE
T7150 575:716.672 JLINK_IsHalted()
T7150 575:717.120 - 0.472ms returns FALSE
T7150 575:824.768 JLINK_IsHalted()
T7150 575:825.280 - 0.502ms returns FALSE
T7150 575:825.408 JLINK_IsHalted()
T7150 575:825.792 - 0.430ms returns FALSE
T7150 575:933.952 JLINK_IsHalted()
T7150 575:934.528 - 0.533ms returns FALSE
T7150 575:934.592 JLINK_IsHalted()
T7150 575:934.976 - 0.413ms returns FALSE
T7150 576:043.328 JLINK_IsHalted()
T7150 576:043.840 - 0.516ms returns FALSE
T7150 576:043.904 JLINK_IsHalted()
T7150 576:044.288 - 0.384ms returns FALSE
T9440 576:147.200 JLINK_IsHalted()
T9440 576:147.712 - 0.511ms returns FALSE
T9440 576:147.776 JLINK_IsHalted()
T9440 576:148.224 - 0.428ms returns FALSE
T7150 576:152.832 JLINK_IsHalted()
T7150 576:153.280 - 0.484ms returns FALSE
T7150 576:153.408 JLINK_IsHalted()
T7150 576:153.728 - 0.393ms returns FALSE
T7150 576:261.568 JLINK_IsHalted()
T7150 576:262.016 - 0.431ms returns FALSE
T7150 576:262.080 JLINK_IsHalted()
T7150 576:262.528 - 0.445ms returns FALSE
T7150 576:370.752 JLINK_IsHalted()
T7150 576:371.200 - 0.454ms returns FALSE
T7150 576:371.328 JLINK_IsHalted()
T7150 576:371.584 - 0.345ms returns FALSE
T7150 576:480.640 JLINK_IsHalted()
T7150 576:481.088 - 0.498ms returns FALSE
T7150 576:481.152 JLINK_IsHalted()
T7150 576:481.728 - 0.575ms returns FALSE
T7150 576:589.632 JLINK_IsHalted()
T7150 576:590.080 - 0.481ms returns FALSE
T7150 576:590.208 JLINK_IsHalted()
T7150 576:590.528 - 0.384ms returns FALSE
T7150 576:699.648 JLINK_IsHalted()
T7150 576:700.032 - 0.455ms returns FALSE
T7150 576:700.160 JLINK_IsHalted()
T7150 576:700.544 - 0.374ms returns FALSE
T7150 576:808.384 JLINK_IsHalted()
T7150 576:808.832 - 0.477ms returns FALSE
T7150 576:808.896 JLINK_IsHalted()
T7150 576:809.344 - 0.438ms returns FALSE
T7150 576:917.632 JLINK_IsHalted()
T7150 576:918.080 - 0.473ms returns FALSE
T7150 576:918.144 JLINK_IsHalted()
T7150 576:918.528 - 0.369ms returns FALSE
T7150 577:027.520 JLINK_IsHalted()
T7150 577:028.032 - 0.506ms returns FALSE
T7150 577:028.160 JLINK_IsHalted()
T7150 577:028.480 - 0.391ms returns FALSE
T7150 577:136.512 JLINK_IsHalted()
T7150 577:137.024 - 0.500ms returns FALSE
T7150 577:137.088 JLINK_IsHalted()
T7150 577:137.536 - 0.430ms returns FALSE
T9440 577:149.824 JLINK_IsHalted()
T9440 577:150.400 - 0.572ms returns FALSE
T9440 577:150.528 JLINK_IsHalted()
T9440 577:150.912 - 0.414ms returns FALSE
T7150 577:246.592 JLINK_IsHalted()
T7150 577:247.040 - 0.457ms returns FALSE
T7150 577:247.104 JLINK_IsHalted()
T7150 577:247.552 - 0.398ms returns FALSE
T7150 577:355.136 JLINK_IsHalted()
T7150 577:355.648 - 0.515ms returns FALSE
T7150 577:355.712 JLINK_IsHalted()
T7150 577:356.160 - 0.367ms returns FALSE
T7150 577:464.640 JLINK_IsHalted()
T7150 577:465.152 - 0.513ms returns FALSE
T7150 577:465.216 JLINK_IsHalted()
T7150 577:465.600 - 0.414ms returns FALSE
T7150 577:574.336 JLINK_IsHalted()
T7150 577:574.784 - 0.456ms returns FALSE
T7150 577:574.912 JLINK_IsHalted()
T7150 577:575.296 - 0.450ms returns FALSE
T7150 577:683.392 JLINK_IsHalted()
T7150 577:683.840 - 0.424ms returns FALSE
T7150 577:683.904 JLINK_IsHalted()
T7150 577:684.288 - 0.398ms returns FALSE
T7150 577:793.216 JLINK_IsHalted()
T7150 577:793.728 - 0.530ms returns FALSE
T7150 577:793.984 JLINK_IsHalted()
T7150 577:796.224 - 2.185ms returns FALSE
T7150 577:902.016 JLINK_IsHalted()
T7150 577:902.528 - 0.538ms returns FALSE
T7150 577:902.656 JLINK_IsHalted()
T7150 577:902.976 - 0.312ms returns FALSE
T7150 578:012.224 JLINK_IsHalted()
T7150 578:012.800 - 0.584ms returns FALSE
T7150 578:012.864 JLINK_IsHalted()
T7150 578:013.312 - 0.399ms returns FALSE
T7150 578:121.600 JLINK_IsHalted()
T7150 578:122.112 - 0.476ms returns FALSE
T7150 578:122.176 JLINK_IsHalted()
T7150 578:122.560 - 0.368ms returns FALSE
T9440 578:153.024 JLINK_IsHalted()
T9440 578:153.536 - 0.497ms returns FALSE
T9440 578:153.600 JLINK_IsHalted()
T9440 578:153.984 - 0.378ms returns FALSE
T7150 578:231.552 JLINK_IsHalted()
T7150 578:231.936 - 0.451ms returns FALSE
T7150 578:232.000 JLINK_IsHalted()
T7150 578:232.384 - 0.361ms returns FALSE
T7150 578:340.608 JLINK_IsHalted()
T7150 578:341.120 - 0.514ms returns FALSE
T7150 578:341.248 JLINK_IsHalted()
T7150 578:341.568 - 0.351ms returns FALSE
T7150 578:448.896 JLINK_IsHalted()
T7150 578:449.408 - 0.504ms returns FALSE
T7150 578:449.472 JLINK_IsHalted()
T7150 578:449.792 - 0.363ms returns FALSE
T7150 578:558.656 JLINK_IsHalted()
T7150 578:559.104 - 0.481ms returns FALSE
T7150 578:559.168 JLINK_IsHalted()
T7150 578:559.552 - 0.327ms returns FALSE
T7150 578:667.968 JLINK_IsHalted()
T7150 578:668.416 - 0.454ms returns FALSE
T7150 578:668.480 JLINK_IsHalted()
T7150 578:668.864 - 0.388ms returns FALSE
T7150 578:777.600 JLINK_IsHalted()
T7150 578:778.048 - 0.448ms returns FALSE
T7150 578:778.112 JLINK_IsHalted()
T7150 578:778.496 - 0.383ms returns FALSE
T7150 578:886.336 JLINK_IsHalted()
T7150 578:886.848 - 0.498ms returns FALSE
T7150 578:886.912 JLINK_IsHalted()
T7150 578:887.296 - 0.425ms returns FALSE
T7150 578:996.352 JLINK_IsHalted()
T7150 578:998.912 - 2.506ms returns FALSE
T7150 578:998.912 JLINK_IsHalted()
T7150 578:999.360 - 0.393ms returns FALSE
T7150 579:105.664 JLINK_IsHalted()
T7150 579:106.176 - 0.469ms returns FALSE
T7150 579:106.176 JLINK_IsHalted()
T7150 579:106.560 - 0.348ms returns FALSE
T9440 579:159.936 JLINK_IsHalted()
T9440 579:160.448 - 0.449ms returns FALSE
T9440 579:160.512 JLINK_IsHalted()
T9440 579:160.896 - 0.375ms returns FALSE
T7150 579:215.296 JLINK_IsHalted()
T7150 579:215.808 - 0.498ms returns FALSE
T7150 579:215.936 JLINK_IsHalted()
T7150 579:216.320 - 0.439ms returns FALSE
T7150 579:323.904 JLINK_IsHalted()
T7150 579:324.416 - 0.520ms returns FALSE
T7150 579:324.544 JLINK_IsHalted()
T7150 579:324.928 - 0.404ms returns FALSE
T7150 579:434.048 JLINK_IsHalted()
T7150 579:434.624 - 0.575ms returns FALSE
T7150 579:434.688 JLINK_IsHalted()
T7150 579:435.136 - 0.449ms returns FALSE
T7150 579:543.104 JLINK_IsHalted()
T7150 579:543.616 - 0.472ms returns FALSE
T7150 579:543.680 JLINK_IsHalted()
T7150 579:544.000 - 0.369ms returns FALSE
T7150 579:652.864 JLINK_IsHalted()
T7150 579:653.312 - 0.498ms returns FALSE
T7150 579:653.440 JLINK_IsHalted()
T7150 579:653.760 - 0.379ms returns FALSE
T7150 579:761.600 JLINK_IsHalted()
T7150 579:762.112 - 0.480ms returns FALSE
T7150 579:762.176 JLINK_IsHalted()
T7150 579:762.560 - 0.338ms returns FALSE
T7150 579:870.720 JLINK_IsHalted()
T7150 579:871.360 - 0.680ms returns FALSE
T7150 579:871.488 JLINK_IsHalted()
T7150 579:871.872 - 0.408ms returns FALSE
T7150 579:980.352 JLINK_IsHalted()
T7150 579:980.864 - 0.541ms returns FALSE
T7150 579:980.928 JLINK_IsHalted()
T7150 579:981.376 - 0.409ms returns FALSE
T7150 580:089.728 JLINK_IsHalted()
T7150 580:090.240 - 0.540ms returns FALSE
T7150 580:090.368 JLINK_IsHalted()
T7150 580:090.752 - 0.371ms returns FALSE
T9440 580:162.368 JLINK_IsHalted()
T9440 580:162.880 - 0.510ms returns FALSE
T9440 580:162.944 JLINK_IsHalted()
T9440 580:163.392 - 0.426ms returns FALSE
T7150 580:199.808 JLINK_IsHalted()
T7150 580:200.256 - 0.472ms returns FALSE
T7150 580:200.320 JLINK_IsHalted()
T7150 580:200.704 - 0.366ms returns FALSE
T7150 580:308.416 JLINK_IsHalted()
T7150 580:308.864 - 0.464ms returns FALSE
T7150 580:308.992 JLINK_IsHalted()
T7150 580:309.376 - 0.371ms returns FALSE
T7150 580:417.728 JLINK_IsHalted()
T7150 580:418.176 - 0.507ms returns FALSE
T7150 580:418.304 JLINK_IsHalted()
T7150 580:418.688 - 0.379ms returns FALSE
T7150 580:527.232 JLINK_IsHalted()
T7150 580:527.744 - 0.521ms returns FALSE
T7150 580:527.808 JLINK_IsHalted()
T7150 580:528.320 - 0.490ms returns FALSE
T7150 580:636.672 JLINK_IsHalted()
T7150 580:637.248 - 0.586ms returns FALSE
T7150 580:637.312 JLINK_IsHalted()
T7150 580:637.760 - 0.404ms returns FALSE
T7150 580:746.240 JLINK_IsHalted()
T7150 580:746.688 - 0.497ms returns FALSE
T7150 580:746.816 JLINK_IsHalted()
T7150 580:747.200 - 0.436ms returns FALSE
T7150 580:856.000 JLINK_IsHalted()
T7150 580:856.448 - 0.462ms returns FALSE
T7150 580:856.512 JLINK_IsHalted()
T7150 580:856.960 - 0.358ms returns FALSE
T7150 580:965.248 JLINK_IsHalted()
T7150 580:965.760 - 0.429ms returns FALSE
T7150 580:965.824 JLINK_IsHalted()
T7150 580:966.208 - 0.376ms returns FALSE
T7150 581:074.240 JLINK_IsHalted()
T7150 581:074.688 - 0.458ms returns FALSE
T7150 581:074.752 JLINK_IsHalted()
T7150 581:075.200 - 0.441ms returns FALSE
T9440 581:163.520 JLINK_IsHalted()
T9440 581:164.032 - 0.517ms returns FALSE
T9440 581:164.160 JLINK_IsHalted()
T9440 581:164.480 - 0.371ms returns FALSE
T7150 581:183.680 JLINK_IsHalted()
T7150 581:184.128 - 0.465ms returns FALSE
T7150 581:184.256 JLINK_IsHalted()
T7150 581:184.576 - 0.323ms returns FALSE
T7150 581:293.120 JLINK_IsHalted()
T7150 581:293.632 - 0.551ms returns FALSE
T7150 581:293.696 JLINK_IsHalted()
T7150 581:294.080 - 0.362ms returns FALSE
T7150 581:402.752 JLINK_IsHalted()
T7150 581:403.264 - 0.493ms returns FALSE
T7150 581:403.392 JLINK_IsHalted()
T7150 581:403.776 - 0.377ms returns FALSE
T7150 581:511.424 JLINK_IsHalted()
T7150 581:511.936 - 0.530ms returns FALSE
T7150 581:512.064 JLINK_IsHalted()
T7150 581:512.384 - 0.363ms returns FALSE
T7150 581:621.312 JLINK_IsHalted()
T7150 581:621.824 - 0.537ms returns FALSE
T7150 581:621.888 JLINK_IsHalted()
T7150 581:622.336 - 0.409ms returns FALSE
T7150 581:730.560 JLINK_IsHalted()
T7150 581:730.944 - 0.431ms returns FALSE
T7150 581:731.072 JLINK_IsHalted()
T7150 581:731.520 - 0.462ms returns FALSE
T7150 581:840.064 JLINK_IsHalted()
T7150 581:840.576 - 0.509ms returns FALSE
T7150 581:840.704 JLINK_IsHalted()
T7150 581:841.216 - 0.537ms returns FALSE
T7150 581:949.056 JLINK_IsHalted()
T7150 581:949.568 - 0.504ms returns FALSE
T7150 581:949.696 JLINK_IsHalted()
T7150 581:950.080 - 0.386ms returns FALSE
T7150 582:058.624 JLINK_IsHalted()
T7150 582:059.136 - 0.467ms returns FALSE
T7150 582:059.200 JLINK_IsHalted()
T7150 582:059.584 - 0.381ms returns FALSE
T9440 582:164.864 JLINK_IsHalted()
T9440 582:165.376 - 0.532ms returns FALSE
T9440 582:165.504 JLINK_IsHalted()
T9440 582:165.888 - 0.403ms returns FALSE
T7150 582:168.448 JLINK_IsHalted()
T7150 582:168.960 - 0.488ms returns FALSE
T7150 582:169.024 JLINK_IsHalted()
T7150 582:169.408 - 0.339ms returns FALSE
T7150 582:277.312 JLINK_IsHalted()
T7150 582:277.760 - 0.447ms returns FALSE
T7150 582:277.824 JLINK_IsHalted()
T7150 582:278.208 - 0.390ms returns FALSE
T7150 582:387.200 JLINK_IsHalted()
T7150 582:387.648 - 0.479ms returns FALSE
T7150 582:387.776 JLINK_IsHalted()
T7150 582:388.096 - 0.393ms returns FALSE
T7150 582:496.576 JLINK_IsHalted()
T7150 582:497.088 - 0.498ms returns FALSE
T7150 582:497.152 JLINK_IsHalted()
T7150 582:497.536 - 0.370ms returns FALSE
T7150 582:605.184 JLINK_IsHalted()
T7150 582:605.632 - 0.495ms returns FALSE
T7150 582:605.696 JLINK_IsHalted()
T7150 582:606.080 - 0.398ms returns FALSE
T7150 582:714.752 JLINK_IsHalted()
T7150 582:715.264 - 0.508ms returns FALSE
T7150 582:715.328 JLINK_IsHalted()
T7150 582:715.840 - 0.497ms returns FALSE
T7150 582:824.832 JLINK_IsHalted()
T7150 582:825.344 - 0.478ms returns FALSE
T7150 582:825.408 JLINK_IsHalted()
T7150 582:825.792 - 0.369ms returns FALSE
T7150 582:933.760 JLINK_IsHalted()
T7150 582:934.208 - 0.465ms returns FALSE
T7150 582:934.272 JLINK_IsHalted()
T7150 582:934.656 - 0.346ms returns FALSE
T7150 583:042.944 JLINK_IsHalted()
T7150 583:043.456 - 0.467ms returns FALSE
T7150 583:043.456 JLINK_IsHalted()
T7150 583:043.968 - 0.413ms returns FALSE
T7150 583:152.512 JLINK_IsHalted()
T7150 583:153.024 - 0.453ms returns FALSE
T7150 583:153.024 JLINK_IsHalted()
T7150 583:153.408 - 0.377ms returns FALSE
T9440 583:166.080 JLINK_IsHalted()
T9440 583:166.528 - 0.466ms returns FALSE
T9440 583:166.592 JLINK_IsHalted()
T9440 583:167.040 - 0.409ms returns FALSE
T7150 583:261.952 JLINK_IsHalted()
T7150 583:262.400 - 0.468ms returns FALSE
T7150 583:262.528 JLINK_IsHalted()
T7150 583:262.912 - 0.409ms returns FALSE
T7150 583:371.136 JLINK_IsHalted()
T7150 583:371.584 - 0.500ms returns FALSE
T7150 583:371.648 JLINK_IsHalted()
T7150 583:372.096 - 0.421ms returns FALSE
T7150 583:480.448 JLINK_IsHalted()
T7150 583:481.152 - 0.637ms returns FALSE
T7150 583:481.216 JLINK_IsHalted()
T7150 583:481.600 - 0.372ms returns FALSE
T7150 583:590.016 JLINK_IsHalted()
T7150 583:590.464 - 0.499ms returns FALSE
T7150 583:590.528 JLINK_IsHalted()
T7150 583:591.104 - 0.569ms returns FALSE
T7150 583:700.096 JLINK_IsHalted()
T7150 583:700.992 - 0.915ms returns FALSE
T7150 583:701.184 JLINK_IsHalted()
T7150 583:701.632 - 0.475ms returns FALSE
T7150 583:808.896 JLINK_IsHalted()
T7150 583:809.408 - 0.516ms returns FALSE
T7150 583:809.472 JLINK_IsHalted()
T7150 583:809.920 - 0.429ms returns FALSE
T7150 583:917.952 JLINK_IsHalted()
T7150 583:918.400 - 0.468ms returns FALSE
T7150 583:918.464 JLINK_IsHalted()
T7150 583:918.848 - 0.449ms returns FALSE
T7150 584:027.456 JLINK_IsHalted()
T7150 584:027.904 - 0.470ms returns FALSE
T7150 584:028.032 JLINK_IsHalted()
T7150 584:028.352 - 0.374ms returns FALSE
T7150 584:137.088 JLINK_IsHalted()
T7150 584:137.600 - 0.480ms returns FALSE
T7150 584:137.600 JLINK_IsHalted()
T7150 584:138.048 - 0.365ms returns FALSE
T9440 584:167.936 JLINK_IsHalted()
T9440 584:168.384 - 0.475ms returns FALSE
T9440 584:168.448 JLINK_IsHalted()
T9440 584:168.832 - 0.363ms returns FALSE
T7150 584:246.592 JLINK_IsHalted()
T7150 584:247.104 - 0.507ms returns FALSE
T7150 584:247.168 JLINK_IsHalted()
T7150 584:247.552 - 0.404ms returns FALSE
T7150 584:355.712 JLINK_IsHalted()
T7150 584:356.224 - 0.458ms returns FALSE
T7150 584:356.224 JLINK_IsHalted()
T7150 584:356.608 - 0.346ms returns FALSE
T7150 584:464.640 JLINK_IsHalted()
T7150 584:465.088 - 0.473ms returns FALSE
T7150 584:465.216 JLINK_IsHalted()
T7150 584:465.664 - 0.499ms returns FALSE
T7150 584:573.824 JLINK_IsHalted()
T7150 584:574.464 - 0.595ms returns FALSE
T7150 584:574.528 JLINK_IsHalted()
T7150 584:575.104 - 0.612ms returns FALSE
T7150 584:683.328 JLINK_IsHalted()
T7150 584:683.904 - 0.527ms returns FALSE
T7150 584:683.904 JLINK_IsHalted()
T7150 584:684.352 - 0.395ms returns FALSE
T7150 584:792.640 JLINK_IsHalted()
T7150 584:793.088 - 0.461ms returns FALSE
T7150 584:793.152 JLINK_IsHalted()
T7150 584:793.536 - 0.425ms returns FALSE
T7150 584:902.272 JLINK_IsHalted()
T7150 584:902.720 - 0.467ms returns FALSE
T7150 584:902.784 JLINK_IsHalted()
T7150 584:903.168 - 0.379ms returns FALSE
T7150 585:012.224 JLINK_IsHalted()
T7150 585:014.208 - 1.961ms returns FALSE
T7150 585:014.336 JLINK_IsHalted()
T7150 585:014.912 - 0.560ms returns FALSE
T7150 585:121.088 JLINK_IsHalted()
T7150 585:121.792 - 0.700ms returns FALSE
T7150 585:121.856 JLINK_IsHalted()
T7150 585:122.432 - 0.590ms returns FALSE
T9440 585:169.536 JLINK_IsHalted()
T9440 585:170.048 - 0.429ms returns FALSE
T9440 585:170.048 JLINK_IsHalted()
T9440 585:170.496 - 0.421ms returns FALSE
T7150 585:230.464 JLINK_IsHalted()
T7150 585:230.912 - 0.435ms returns FALSE
T7150 585:230.976 JLINK_IsHalted()
T7150 585:231.360 - 0.356ms returns FALSE
T7150 585:340.032 JLINK_IsHalted()
T7150 585:340.480 - 0.430ms returns FALSE
T7150 585:340.544 JLINK_IsHalted()
T7150 585:340.928 - 0.432ms returns FALSE
T7150 585:449.024 JLINK_IsHalted()
T7150 585:449.472 - 0.454ms returns FALSE
T7150 585:449.536 JLINK_IsHalted()
T7150 585:449.984 - 0.424ms returns FALSE
T7150 585:558.848 JLINK_IsHalted()
T7150 585:559.232 - 0.417ms returns FALSE
T7150 585:559.360 JLINK_IsHalted()
T7150 585:559.680 - 0.395ms returns FALSE
T7150 585:668.480 JLINK_IsHalted()
T7150 585:668.928 - 0.465ms returns FALSE
T7150 585:668.992 JLINK_IsHalted()
T7150 585:669.568 - 0.604ms returns FALSE
T7150 585:777.024 JLINK_IsHalted()
T7150 585:777.408 - 0.395ms returns FALSE
T7150 585:777.472 JLINK_IsHalted()
T7150 585:777.792 - 0.306ms returns FALSE
T7150 585:887.552 JLINK_IsHalted()
T7150 585:887.936 - 0.418ms returns FALSE
T7150 585:888.064 JLINK_IsHalted()
T7150 585:888.448 - 0.430ms returns FALSE
T7150 585:996.160 JLINK_IsHalted()
T7150 585:996.672 - 0.492ms returns FALSE
T7150 585:996.672 JLINK_IsHalted()
T7150 585:997.056 - 0.335ms returns FALSE
T7150 586:105.984 JLINK_IsHalted()
T7150 586:106.496 - 0.514ms returns FALSE
T7150 586:106.560 JLINK_IsHalted()
T7150 586:107.008 - 0.412ms returns FALSE
T9440 586:171.200 JLINK_IsHalted()
T9440 586:171.584 - 0.403ms returns FALSE
T9440 586:171.648 JLINK_IsHalted()
T9440 586:172.032 - 0.393ms returns FALSE
T7150 586:214.720 JLINK_IsHalted()
T7150 586:215.168 - 0.458ms returns FALSE
T7150 586:215.232 JLINK_IsHalted()
T7150 586:215.552 - 0.370ms returns FALSE
T7150 586:324.160 JLINK_IsHalted()
T7150 586:324.608 - 0.465ms returns FALSE
T7150 586:324.736 JLINK_IsHalted()
T7150 586:325.120 - 0.348ms returns FALSE
T7150 586:433.984 JLINK_IsHalted()
T7150 586:434.432 - 0.423ms returns FALSE
T7150 586:434.432 JLINK_IsHalted()
T7150 586:434.816 - 0.359ms returns FALSE
T7150 586:542.720 JLINK_IsHalted()
T7150 586:543.232 - 0.481ms returns FALSE
T7150 586:543.232 JLINK_IsHalted()
T7150 586:543.680 - 0.381ms returns FALSE
T7150 586:652.864 JLINK_IsHalted()
T7150 586:653.312 - 0.433ms returns FALSE
T7150 586:653.312 JLINK_IsHalted()
T7150 586:653.760 - 0.384ms returns FALSE
T7150 586:761.856 JLINK_IsHalted()
T7150 586:762.368 - 0.434ms returns FALSE
T7150 586:762.368 JLINK_IsHalted()
T7150 586:762.752 - 0.349ms returns FALSE
T7150 586:871.168 JLINK_IsHalted()
T7150 586:871.616 - 0.505ms returns FALSE
T7150 586:871.680 JLINK_IsHalted()
T7150 586:872.192 - 0.418ms returns FALSE
T7150 586:980.544 JLINK_IsHalted()
T7150 586:980.992 - 0.472ms returns FALSE
T7150 586:981.120 JLINK_IsHalted()
T7150 586:981.504 - 0.364ms returns FALSE
T7150 587:089.984 JLINK_IsHalted()
T7150 587:090.560 - 0.550ms returns FALSE
T7150 587:090.624 JLINK_IsHalted()
T7150 587:091.008 - 0.351ms returns FALSE
T9440 587:172.608 JLINK_IsHalted()
T9440 587:173.184 - 0.545ms returns FALSE
T9440 587:173.248 JLINK_IsHalted()
T9440 587:173.504 - 0.322ms returns FALSE
T7150 587:200.064 JLINK_IsHalted()
T7150 587:200.512 - 0.477ms returns FALSE
T7150 587:200.640 JLINK_IsHalted()
T7150 587:200.960 - 0.384ms returns FALSE
T7150 587:308.608 JLINK_IsHalted()
T7150 587:309.120 - 0.537ms returns FALSE
T7150 587:309.184 JLINK_IsHalted()
T7150 587:309.632 - 0.427ms returns FALSE
T7150 587:418.496 JLINK_IsHalted()
T7150 587:419.072 - 0.590ms returns FALSE
T7150 587:419.200 JLINK_IsHalted()
T7150 587:419.520 - 0.341ms returns FALSE
T7150 587:527.488 JLINK_IsHalted()
T7150 587:527.872 - 0.430ms returns FALSE
T7150 587:528.000 JLINK_IsHalted()
T7150 587:528.320 - 0.353ms returns FALSE
T7150 587:637.184 JLINK_IsHalted()
T7150 587:637.696 - 0.525ms returns FALSE
T7150 587:637.824 JLINK_IsHalted()
T7150 587:638.208 - 0.427ms returns FALSE
T7150 587:745.984 JLINK_IsHalted()
T7150 587:746.432 - 0.468ms returns FALSE
T7150 587:746.560 JLINK_IsHalted()
T7150 587:746.944 - 0.444ms returns FALSE
T7150 587:856.000 JLINK_IsHalted()
T7150 587:856.512 - 0.488ms returns FALSE
T7150 587:856.576 JLINK_IsHalted()
T7150 587:856.896 - 0.334ms returns FALSE
T7150 587:965.376 JLINK_IsHalted()
T7150 587:965.824 - 0.448ms returns FALSE
T7150 587:965.888 JLINK_IsHalted()
T7150 587:966.272 - 0.353ms returns FALSE
T7150 588:074.432 JLINK_IsHalted()
T7150 588:075.008 - 0.532ms returns FALSE
T7150 588:075.072 JLINK_IsHalted()
T7150 588:075.456 - 0.367ms returns FALSE
T9440 588:174.912 JLINK_IsHalted()
T9440 588:175.424 - 0.510ms returns FALSE
T9440 588:175.488 JLINK_IsHalted()
T9440 588:175.872 - 0.376ms returns FALSE
T7150 588:184.000 JLINK_IsHalted()
T7150 588:184.960 - 0.899ms returns FALSE
T7150 588:184.960 JLINK_IsHalted()
T7150 588:185.280 - 0.339ms returns FALSE
T88AC 588:715.392 JLINK_Halt()
T88AC 588:718.208 - 2.821ms returns 0x00
T88AC 588:718.272 JLINK_ReadReg(XPSR)
T88AC 588:720.064   CPU_ReadMem(4 bytes @ 0xE000EE08)
T88AC 588:720.960 - 2.666ms returns 0x4100002F
T88AC 588:725.248 JLINK_Close()
T88AC 588:727.424   OnDisconnectTarget() start
T88AC 588:727.488    J-Link Script File: Executing OnDisconnectTarget()
T88AC 588:727.552   OnDisconnectTarget() end - Took 41us
T88AC 588:750.144 - 24.911ms
T88AC 588:750.208   
T88AC 588:750.272   Closed
